transaction_id,transaction_date,transaction_time,transaction_type,item_code,item_name,category,subcategory,supplier_name,po_reference,invoice_reference,lot_number,quantity,unit,unit_cost,total_cost,location,recorded_by,expiration_date,notes
TXN-100001,2026-06-01,08:15,stock_in,PRD-2211,"Garlic, Peeled",Produce,Aromatics,Green Valley Produce Co.,PO-40792,INV-58858,LOT-260601-79,10.48,LB,6.64,69.59,Main Kitchen Cooler,D. Alvarez,2026-06-15,Received in good condition
TXN-100002,2026-06-01,16:44,stock_in,BEV-1005,"Draft Beer Keg, Lager",Beverage,Beer,BevCo Beverage Distribution,PO-40703,INV-58384,LOT-260601-10,5.0,keg,138.51,692.55,Bar Storage,L. Kim,2026-07-16,
TXN-100003,2026-06-01,10:06,stock_in,PRD-8801,All-Purpose Flour,Dry Goods,Baking,Pantry Staples Wholesale,PO-40370,INV-58144,LOT-260601-68,4.0,50LB BAG,21.45,85.8,Dry Storage Room,C. Romero,2027-06-01,
TXN-100004,2026-06-01,17:04,stock_out,PRD-8803,Kosher Salt,Dry Goods,Seasoning,Pantry Staples Wholesale,,,,-1.0,25lb bag,10.52,-10.52,Dry Storage Room,M. Osei,,
TXN-100005,2026-06-01,16:53,stock_in,PRD-8804,"Olive Oil, Extra Virgin",Dry Goods,Oils,Pantry Staples Wholesale,PO-40314,INV-58786,LOT-260601-44,4.0,case (6x1L),56.8,227.2,Dry Storage Room,T. Fischer,2027-06-01,
TXN-100006,2026-06-01,08:59,stock_out,PRD-3315,Heavy Cream 40%,Dairy,Cream & Milk,Dairy Fresh Cooperative,,,,-9.78,gal,9.84,-96.24,Main Kitchen Cooler,T. Fischer,,
TXN-100007,2026-06-01,10:17,waste,PRD-1104,Sea Scallops U-10,Seafood,Shellfish,Harborline Seafood Distributors,,,,-0.52,lb,23.99,-12.47,Main Kitchen Cooler,C. Romero,,Damaged in delivery
TXN-100008,2026-06-01,07:15,stock_in,PRD-9902,Brioche Burger Buns,Bakery,Bread,Sunrise Bakery Supply,PO-40864,INV-58698,LOT-260601-64,6.0,case (48ct),28.68,172.08,Dry Storage Room,C. Romero,2026-06-06,
TXN-100009,2026-06-01,07:40,transfer,PRD-2207,Yukon Gold Potatoes,Produce,Root Vegetables,Green Valley Produce Co.,,,,1.0,sack,28.43,28.43,Prep Station Fridge,R. Patel,,Transferred to Walk-In Freezer
TXN-100010,2026-06-01,06:43,transfer,BEV-1005," Draft Beer Keg, Lager ",Beverage,Beer,BevCo Beverage Distribution,,,,2.0,keg,151.23,302.46,Walk-In Freezer,M. Osei,,Transferred to Bar Storage
TXN-100011,2026-06-01,18:11,adjustment,PRD-7701,"Chicken Breast, Boneless",Meat,Poultry,Metro Meat & Poultry,,,,0.05,lb,4.54,0.23,Main Kitchen Cooler,T. Fischer,,Recount after audit
TXN-100012,2026-06-01,13:49,waste,PRD-8803,Kosher Salt,Dry Goods,Seasoning,Pantry Staples Wholesale,,,,-2.0,25lb bag,11.74,-23.48,Dry Storage Room,C. Romero,,Dropped/contaminated
TXN-100013,2026-06-01,08:56,stock_in,PRD-7704,"Bacon, Sliced",Meat,Pork,Metro Meat & Poultry,PO-40849,INV-58597,LOT-260601-18,23.56,lb,6.71,158.09,Main Kitchen Cooler,L. Kim,2026-06-15,
TXN-100014,2026-06-01,10:13,transfer,BEV-1003,House Red Wine,Beverage,Wine,BevCo Beverage Distribution,,,,3.0,case (12x750ml),99.27,297.81,Dry Storage Room,R. Patel,,Transferred to Main Kitchen Cooler
TXN-100015,2026-06-01,06:37,stock_in,PRD-5521,"Free-Range Eggs, Large",Dairy,Eggs,Dairy Fresh Cooperative,PO-40107,INV-58172,LOT-260601-90,5.0,case,47.46,237.3,Main Kitchen Cooler,D. Alvarez,2026-06-29,
TXN-100016,2026-06-01,07:46,stock_in,BEV-1001,"Cola Syrup, 5 Gal BIB",Beverage,Soft Drinks,BevCo Beverage Distribution,PO-40584,INV-58348,LOT-260601-70,8.0,each,62.7,501.6,Bar Storage,L. Kim,2026-11-28,
TXN-100017,2026-06-01,16:06,stock_out,PRD-2207,Yukon Gold Potatoes,Produce,Root Vegetables,Green Valley Produce Co.,,,,-1.0,sack,29.02,-29.02,Dry Storage Room,L. Kim,,
TXN-100018,2026-06-01,07:17,stock_in,PRD-9901,Sourdough Loaf,Bakery,Bread,Sunrise Bakery Supply,PO-40177,INV-58553,LOT-260601-80,4.0,each,3.97,15.88,Dry Storage Room,D. Alvarez,2026-06-04,Short delivery vs PO — see delivery receipt
TXN-100019,2026-06-02,11:13,stock_out,PRD-3315,Heavy Cream 40%,Dairy,Cream & Milk,Dairy Fresh Cooperative,,,,-13.04,gal,10.38,-135.36,Main Kitchen Cooler,J. Nguyen,,
TXN-100020,2026-06-02,17:46,stock_in,PRD-9902,Brioche Burger Buns,Bakery,Bread,Sunrise Bakery Supply,PO-40835,INV-58598,LOT-260602-29,8.0,case (48ct),28.75,230.0,Dry Storage Room,J. Nguyen,2026-06-07,
TXN-100021,2026-06-02,11:32,stock_in,PRD-2207,Yukon Gold Potatoes,Produce,Root Vegetables,Green Valley Produce Co.,PO-40158,INV-58620,LOT-260602-20,7.0,sack,28.14,196.98,Dry Storage Room,L. Kim,2026-06-23,
TXN-100022,2026-06-02,14:02,stock_in,PRD-2213,Avocados,Produce,Fruit,Green Valley Produce Co.,PO-40697,INV-58678,LOT-260602-76,5.0,case,36.03,180.15,Main Kitchen Cooler,M. Osei,2026-06-07,
TXN-100023,2026-06-02,18:59,stock_out,PRD-7704,"Bacon, Sliced",Meat,Pork,Metro Meat & Poultry,,,,-1.55,lb,7.15,-11.08,Main Kitchen Cooler,C. Romero,,
TXN-100024,2026-06-02,09:56,stock_in,PRD-7701,"Chicken Breast, Boneless",Meat,Poultry,Metro Meat & Poultry,PO-40391,INV-58261,LOT-260602-66,4.61,lb,4.65,21.44,Main Kitchen Cooler,L. Kim,2026-06-06,
TXN-100025,2026-06-02,16:06,stock_in,BEV-1005,"Draft Beer Keg, Lager",Beverage,Beer,BevCo Beverage Distribution,PO-40218,INV-58209,LOT-260602-80,8.0,keg,136.52,1092.16,Bar Storage,J. Nguyen,2026-07-17,
TXN-100026,2026-06-02,08:57,stock_out,PRD-7701," Chicken Breast, Boneless ",Meat,Poultry,Metro Meat & Poultry,,,,-13.67,lb,4.5,-61.52,Main Kitchen Cooler,T. Fischer,,
TXN-100027,2026-06-02,08:10,stock_out,PRD-4410,Organic Baby Spinach,Produce,Leafy Greens,Green Valley Produce Co.,,,,-3.0,case,14.32,-42.96,Main Kitchen Cooler,R. Patel,,
TXN-100028,2026-06-02,20:23,stock_out,PRD-2212,"Bell Peppers, Mixed",Produce,Vegetables,Green Valley Produce Co.,,,,-3.0,CASE,25.76,-77.28,Main Kitchen Cooler,J. Nguyen,,
TXN-100029,2026-06-02,08:43,transfer,PRD-1104,Sea Scallops U-10,Seafood,Shellfish,Harborline Seafood Distributors,,,,2.25,lb,21.97,49.43,Dry Storage Room,C. Romero,,Transferred to Walk-In Freezer
TXN-100030,2026-06-03,18:11,adjustment,PRD-3315,Heavy Cream 40%,Dairy,Cream & Milk,Dairy Fresh Cooperative,,,,2.29,gal,9.01,20.63,Main Kitchen Cooler,T. Fischer,,Recount after audit
TXN-100031,2026-06-03,18:44,stock_in,PRD-6634,Unsalted Butter,Dairy,Butter,Dairy Fresh Cooperative,PO-40581,INV-58327,LOT-260603-35,2.0,block,125.98,251.96,Main Kitchen Cooler,L. Kim,2026-07-18,
TXN-100032,2026-06-03,08:55,stock_out,PRD-3317,Shredded Mozzarella,Dairy,Cheese,Dairy Fresh Cooperative,,,,-1.51,lb,5.84,-8.82,Main Kitchen Cooler,M. Osei,,
TXN-100033,2026-06-03,06:07,stock_out,BEV-1004,House White Wine,Beverage,Wine,BevCo Beverage Distribution,,,,-4.0,case (12x750ml),86.56,-346.24,Bar Storage,C. Romero,,
TXN-100034,2026-06-03,18:20,stock_out,PRD-8807,Dried Penne Pasta,Dry Goods,Grains,Pantry Staples Wholesale,,,,-2.0,case (12x1lb),21.33,-42.66,Dry Storage Room,D. Alvarez,,
TXN-100035,2026-06-03,18:34,stock_in,PRD-8807,Dried Penne Pasta,Dry Goods,Grains,Pantry Staples Wholesale,PO-40854,INV-58786,LOT-260603-35,6.0,case (12x1lb),21.19,127.14,Dry Storage Room,M. Osei,2028-06-02,
TXN-100036,2026-06-03,08:32,stock_out,PRD-2211,"Garlic, Peeled",Produce,Aromatics,Green Valley Produce Co.,,,,-4.98,lb,6.31,-31.42,Main Kitchen Cooler,R. Patel,,
TXN-100037,2026-06-03,07:39,stock_out,PRD-8804,"Olive Oil, Extra Virgin",Dry Goods,Oils,Pantry Staples Wholesale,,,,-3.0,CASE (6X1L),57.13,-171.39,Dry Storage Room,L. Kim,,
TXN-100038,2026-06-03,09:29,stock_out,PRD-2214,Lemons,Produce,Fruit,Green Valley Produce Co.,,,,-2.0,case,29.81,-59.62,Main Kitchen Cooler,C. Romero,,
TXN-100039,2026-06-03,08:32,stock_out,PRD-3315,Heavy Cream 40%,Dairy,Cream & Milk,Dairy Fresh Cooperative,,,,-10.13,gal,9.94,-100.69,Main Kitchen Cooler,D. Alvarez,,
TXN-100040,2026-06-03,07:01,waste,PRD-5521,"Free-Range Eggs, Large",Dairy,Eggs,Dairy Fresh Cooperative,,,,-1.0,case,50.42,-50.42,Main Kitchen Cooler,C. Romero,,Quality reject
TXN-100041,2026-06-04,10:31,stock_out,PRD-3317,Shredded Mozzarella,Dairy,Cheese,Dairy Fresh Cooperative,,,,-6.29,LB,5.28,-33.21,Main Kitchen Cooler,T. Fischer,,
TXN-100042,2026-06-04,08:11,waste,PRD-2210,Romaine Lettuce,Produce,Leafy Greens,Green Valley Produce Co.,,,,-2.0,case,25.53,-51.06,Main Kitchen Cooler,R. Patel,,Spoilage
TXN-100043,2026-06-04,16:33,waste,PRD-4410,Organic Baby Spinach,Produce,Leafy Greens,Green Valley Produce Co.,,,,-2.0,case,14.42,-28.84,Main Kitchen Cooler,L. Kim,,Expired
TXN-100044,2026-06-04,07:47,stock_out,BEV-1005,"Draft Beer Keg, Lager",Beverage,Beer,BevCo Beverage Distribution,,,,-4.0,keg,143.84,-575.36,Bar Storage,L. Kim,,
TXN-100045,2026-06-04,08:17,stock_out,BEV-1003,House Red Wine,Beverage,Wine,BevCo Beverage Distribution,,,,-2.0,case (12x750ml),99.28,-198.56,Bar Storage,J. Nguyen,,
TXN-100046,2026-06-04,10:44,stock_in,PRD-4410,Organic Baby Spinach,Produce,Leafy Greens,Green Valley Produce Co.,PO-40524,INV-58517,LOT-260604-52,2.0,case,13.55,27.1,Main Kitchen Cooler,C. Romero,2026-06-09,
TXN-100047,2026-06-04,18:36,transfer,PRD-1103,"Jumbo Shrimp, Peeled",Seafood,Shellfish,Harborline Seafood Distributors,,,,2.9,lb,15.85,45.96,Dry Storage Room,M. Osei,,Transferred to Walk-In Freezer
TXN-100048,2026-06-04,08:31,waste,BEV-1004,House White Wine,Beverage,Wine,BevCo Beverage Distribution,,,,-1.0,case (12x750ml),89.08,-89.08,Bar Storage,D. Alvarez,,Expired
TXN-100049,2026-06-04,07:39,waste,PRD-3315,Heavy Cream 40%,Dairy,Cream & Milk,Dairy Fresh Cooperative,,,,-2.76,gal,10.38,-28.65,Main Kitchen Cooler,C. Romero,,Over-prepped
TXN-100050,2026-06-04,08:24,stock_in,PRD-9902, Brioche Burger Buns ,Bakery,Bread,Sunrise Bakery Supply,PO-40445,INV-58879,LOT-260604-58,3.0,case (48ct),28.29,84.87,Dry Storage Room,M. Osei,2026-06-09,
TXN-100051,2026-06-04,09:14,stock_in,BEV-1004,House White Wine,Beverage,Wine,BevCo Beverage Distribution,PO-40767,INV-58141,LOT-260604-13,6.0,case (12x750ml),94.05,564.3,Bar Storage,J. Nguyen,2028-06-03,Received in good condition
TXN-100052,2026-06-04,11:44,adjustment,PRD-2213,Avocados,Produce,Fruit,Green Valley Produce Co.,,,,-1.46,case,35.73,-52.17,Main Kitchen Cooler,C. Romero,,Cycle count correction
TXN-100053,2026-06-04,08:36,stock_in,PRD-2214,Lemons,Produce,Fruit,Green Valley Produce Co.,PO-40506,INV-58832,LOT-260604-35,6.0,case,31.13,186.78,Main Kitchen Cooler,D. Alvarez,2026-06-18,
TXN-100054,2026-06-04,18:36,waste,PRD-7706,Duck Breast,Meat,Poultry,Metro Meat & Poultry,,,,-3.96,lb,13.27,-52.55,Main Kitchen Cooler,R. Patel,,Damaged in delivery
TXN-100055,2026-06-04,07:27,waste,PRD-8806,Basmati Rice,Dry Goods,Grains,Pantry Staples Wholesale,,,,-2.0,25lb bag,28.35,-56.7,Dry Storage Room,L. Kim,,Expired
TXN-100056,2026-06-04,13:49,stock_out,PRD-7702,Ground Beef 80/20,Meat,Beef,Metro Meat & Poultry,,,,-7.51,lb,5.89,-44.23,Main Kitchen Cooler,T. Fischer,,
TXN-100057,2026-06-04,11:15,stock_in,PRD-2209,Yellow Onions,Produce,Root Vegetables,Green Valley Produce Co.,PO-40784,INV-58488,LOT-260604-53,6.0,sack,18.71,112.26,Dry Storage Room,D. Alvarez,2026-07-04,
TXN-100058,2026-06-05,08:35,stock_out,PRD-7706,Duck Breast,Meat,Poultry,Metro Meat & Poultry,,,,-0.65,lb,14.57,-9.47,Main Kitchen Cooler,D. Alvarez,,
TXN-100059,2026-06-05,16:45,stock_out,PRD-6634,Unsalted Butter,Dairy,Butter,Dairy Fresh Cooperative,,,,-2.0,block,124.47,-248.94,Main Kitchen Cooler,D. Alvarez,,
TXN-100060,2026-06-05,13:33,stock_out,PRD-2214,Lemons,Produce,Fruit,Green Valley Produce Co.,,,,-2.0,case,31.3,-62.6,Main Kitchen Cooler,C. Romero,,
TXN-100061,2026-06-05,17:12,stock_in,PRD-7701,"Chicken Breast, Boneless",Meat,Poultry,Metro Meat & Poultry,PO-40880,INV-58806,LOT-260605-33,13.99,lb,5.04,70.51,Main Kitchen Cooler,J. Nguyen,2026-06-09,
TXN-100062,2026-06-05,20:12,adjustment,PRD-7703,Pork Tenderloin,Meat,Pork,Metro Meat & Poultry,,,,-1.22,lb,6.6,-8.05,Main Kitchen Cooler,M. Osei,,Cycle count correction
TXN-100063,2026-06-05,17:08,stock_out,PRD-2207,Yukon Gold Potatoes,Produce,Root Vegetables,Green Valley Produce Co.,,,,-3.0,sack,29.13,-87.39,Dry Storage Room,D. Alvarez,,
TXN-100064,2026-06-05,06:16,stock_out,PRD-9901,Sourdough Loaf,Bakery,Bread,Sunrise Bakery Supply,,,,-4.0,EACH,3.74,-14.96,Dry Storage Room,L. Kim,,
TXN-100065,2026-06-05,18:36,stock_in,PRD-2207,Yukon Gold Potatoes,Produce,Root Vegetables,Green Valley Produce Co.,PO-40354,INV-58221,LOT-260605-81,8.0,sack,26.14,209.12,Dry Storage Room,L. Kim,2026-06-26,
TXN-100066,2026-06-05,14:27,stock_in,PRD-9901,Sourdough Loaf,Bakery,Bread,Sunrise Bakery Supply,PO-40724,INV-58857,LOT-260605-22,3.0,each,3.82,11.46,Dry Storage Room,L. Kim,2026-06-08,
TXN-100067,2026-06-05,10:28,stock_in,PRD-2208,Roma Tomatoes,Produce,Vegetables,Green Valley Produce Co.,PO-40133,INV-58337,LOT-260605-46,6.0,CASE,31.85,191.1,Main Kitchen Cooler,T. Fischer,2026-06-12,
TXN-100068,2026-06-05,08:27,stock_out,PRD-2214,Lemons,Produce,Fruit,Green Valley Produce Co.,,,,-1.0,case,27.72,-27.72,Main Kitchen Cooler,J. Nguyen,,
TXN-100069,2026-06-05,14:47,waste,PRD-3315,Heavy Cream 40%,Dairy,Cream & Milk,Dairy Fresh Cooperative,,,,-4.16,gal,10.41,-43.31,Main Kitchen Cooler,R. Patel,,Spoilage
TXN-100070,2026-06-05,11:28,stock_out,PRD-7702,Ground Beef 80/20,Meat,Beef,Metro Meat & Poultry,,,,-1.67,lb,5.51,-9.2,Main Kitchen Cooler,R. Patel,,
TXN-100071,2026-06-05,20:55,adjustment,PRD-5521,"Free-Range Eggs, Large",Dairy,Eggs,Dairy Fresh Cooperative,,,,0.45,case,50.18,22.58,Main Kitchen Cooler,L. Kim,,Recount after audit
TXN-100072,2026-06-05,08:11,stock_out,BEV-1003,House Red Wine,Beverage,Wine,BevCo Beverage Distribution,,,,-4.0,case (12x750ml),95.02,-380.08,Bar Storage,L. Kim,,
TXN-100073,2026-06-05,07:54,stock_out,PRD-8801,All-Purpose Flour,Dry Goods,Baking,Pantry Staples Wholesale,,,,-1.0,50lb bag,21.69,-21.69,Dry Storage Room,R. Patel,,
TXN-100074,2026-06-05,07:20,stock_in,BEV-1005,"Draft Beer Keg, Lager",Beverage,Beer,BevCo Beverage Distribution,PO-40891,INV-58513,LOT-260605-75,3.0,keg,136.09,408.27,Bar Storage,L. Kim,2026-07-20,
TXN-100075,2026-06-05,11:40,stock_out,PRD-8803,Kosher Salt,Dry Goods,Seasoning,Pantry Staples Wholesale,,,,-2.0,25lb bag,10.21,-20.42,Dry Storage Room,M. Osei,,
TXN-100076,2026-06-06,16:38,stock_in,BEV-1001,"Cola Syrup, 5 Gal BIB",Beverage,Soft Drinks,BevCo Beverage Distribution,PO-40418,INV-58664,LOT-260606-11,7.0,each,64.08,448.56,Bar Storage,C. Romero,2026-12-03,
TXN-100077,2026-06-06,17:18,stock_out,PRD-2212,"Bell Peppers, Mixed",Produce,Vegetables,Green Valley Produce Co.,,,,-3.0,case,26.31,-78.93,Main Kitchen Cooler,L. Kim,,
TXN-100078,2026-06-06,14:32,stock_out,PRD-2212,"Bell Peppers, Mixed",Produce,Vegetables,Green Valley Produce Co.,,,,-3.0,case,25.71,-77.13,Main Kitchen Cooler,D. Alvarez,,
TXN-100079,2026-06-06,06:18,stock_in,BEV-1002,Sparkling Water Cans,Beverage,Water,BevCo Beverage Distribution,PO-40693,INV-58775,LOT-260606-72,6.0,case (24ct),15.18,91.08,Bar Storage,L. Kim,2027-06-06,
TXN-100080,2026-06-06,20:12,adjustment,PRD-9902,Brioche Burger Buns,Bakery,Bread,Sunrise Bakery Supply,,,,2.88,case (48ct),27.31,78.65,Dry Storage Room,R. Patel,,System entry error
TXN-100081,2026-06-06,18:24,stock_out,PRD-9903,"Croissants, Unbaked Frozen",Bakery,Pastry,Sunrise Bakery Supply,,,,-2.0,case (72ct),65.68,-131.36,Walk-In Freezer,L. Kim,,
TXN-100082,2026-06-06,14:21,stock_out,PRD-4410, Organic Baby Spinach ,Produce,Leafy Greens,Green Valley Produce Co.,,,,-4.0,CASE,15.05,-60.2,Main Kitchen Cooler,R. Patel,,
TXN-100083,2026-06-06,16:09,stock_out,PRD-2212,"Bell Peppers, Mixed",Produce,Vegetables,Green Valley Produce Co.,,,,-1.0,case,28.53,-28.53,Main Kitchen Cooler,M. Osei,,
TXN-100084,2026-06-06,20:34,transfer,PRD-8801,All-Purpose Flour,Dry Goods,Baking,Pantry Staples Wholesale,,,,2.0,50lb bag,22.45,44.9,Bar Storage,L. Kim,,Transferred to Walk-In Freezer
TXN-100085,2026-06-06,17:05,adjustment,PRD-7703,Pork Tenderloin,Meat,Pork,Metro Meat & Poultry,,,,-0.4,lb,6.32,-2.53,Main Kitchen Cooler,T. Fischer,,Cycle count correction
TXN-100086,2026-06-06,06:18,stock_out,PRD-1104,Sea Scallops U-10,Seafood,Shellfish,Harborline Seafood Distributors,,,,-5.7,lb,22.25,-126.83,Main Kitchen Cooler,J. Nguyen,,
TXN-100087,2026-06-06,14:55,stock_in,PRD-3315,Heavy Cream 40%,Dairy,Cream & Milk,Dairy Fresh Cooperative,PO-40609,INV-58697,LOT-260606-28,16.54,gal,10.04,166.06,Main Kitchen Cooler,,2026-06-16,
TXN-100088,2026-06-06,07:04,stock_out,PRD-7703,Pork Tenderloin,Meat,Pork,Metro Meat & Poultry,,,,-6.91,lb,6.58,-45.47,Main Kitchen Cooler,C. Romero,,
TXN-100089,2026-06-06,08:24,waste,PRD-9902,Brioche Burger Buns,Bakery,Bread,Sunrise Bakery Supply,,,,-2.0,case (48ct),26.71,-53.42,Dry Storage Room,R. Patel,,Over-prepped
TXN-100090,2026-06-06,16:25,adjustment,PRD-1103,"Jumbo Shrimp, Peeled",Seafood,Shellfish,Harborline Seafood Distributors,,,,-1.35,lb,14.96,-20.2,Main Kitchen Cooler,T. Fischer,,Cycle count correction
TXN-100091,2026-06-06,08:38,waste,PRD-7703,Pork Tenderloin,Meat,Pork,Metro Meat & Poultry,,,,-4.05,lb,6.45,-26.12,Main Kitchen Cooler,J. Nguyen,,Over-prepped
TXN-100092,2026-06-06,16:41,stock_out,PRD-4410,Organic Baby Spinach,Produce,Leafy Greens,Green Valley Produce Co.,,,,-1.0,case,14.86,-14.86,Main Kitchen Cooler,D. Alvarez,,
TXN-100093,2026-06-06,10:11,stock_out,PRD-7703,Pork Tenderloin,Meat,Pork,Metro Meat & Poultry,,,,-3.41,lb,7.06,-24.07,Main Kitchen Cooler,M. Osei,,
TXN-100094,2026-06-06,11:51,transfer,PRD-7701,"Chicken Breast, Boneless",Meat,Poultry,Metro Meat & Poultry,,,,2.48,lb,5.09,12.62,Bar Storage,R. Patel,,Transferred to Bar Storage
TXN-100095,2026-06-06,18:35,adjustment,PRD-8805,Canola Oil,Dry Goods,Oils,Pantry Staples Wholesale,,,,-0.81,case (4x1gal),43.95,-35.6,Dry Storage Room,D. Alvarez,,Recount after audit
TXN-100096,2026-06-06,20:40,stock_out,PRD-7701,"Chicken Breast, Boneless",Meat,Poultry,Metro Meat & Poultry,,,,-14.13,lb,4.55,-64.29,Main Kitchen Cooler,J. Nguyen,,
TXN-100097,2026-06-06,08:41,transfer,PRD-7705,NY Strip Steak,Meat,Beef,Metro Meat & Poultry,,,,1.32,LB,16.41,21.66,Prep Station Fridge,M. Osei,,Transferred to Walk-In Freezer
TXN-100098,2026-06-06,08:56,stock_in,BEV-1001,"Cola Syrup, 5 Gal BIB",Beverage,Soft Drinks,BevCo Beverage Distribution,PO-40479,INV-58786,LOT-260606-99,5.0,each,60.9,304.5,Bar Storage,C. Romero,2026-12-03,
TXN-100099,2026-06-06,08:02,stock_out,BEV-1001,"Cola Syrup, 5 Gal BIB",Beverage,Soft Drinks,BevCo Beverage Distribution,,,,-3.0,each,59.2,-177.6,Bar Storage,R. Patel,,
TXN-100100,2026-06-06,16:22,stock_out,PRD-8803,Kosher Salt,Dry Goods,Seasoning,Pantry Staples Wholesale,,,,-1.0,25lb bag,10.61,-10.61,Dry Storage Room,D. Alvarez,,
TXN-100101,2026-06-07,06:50,adjustment,PRD-7706,Duck Breast,Meat,Poultry,Metro Meat & Poultry,,,,-1.0,LB,14.66,-14.66,Main Kitchen Cooler,L. Kim,,System entry error
TXN-100102,2026-06-07,08:21,waste,PRD-3318,Parmesan Wheel,Dairy,Cheese,Dairy Fresh Cooperative,,,,-3.92,lb,13.5,-52.92,Main Kitchen Cooler,C. Romero,,Spoilage
TXN-100103,2026-06-07,07:07,stock_in,BEV-1004,House White Wine,Beverage,Wine,BevCo Beverage Distribution,PO-40115,INV-58466,LOT-260607-40,6.0,CASE (12X750ML),83.17,499.02,Bar Storage,C. Romero,2028-06-06,
TXN-100104,2026-06-07,18:23,stock_out,PRD-2208,Roma Tomatoes,Produce,Vegetables,Green Valley Produce Co.,,,,-3.0,case,30.0,-90.0,Main Kitchen Cooler,C. Romero,,
TXN-100105,2026-06-07,16:01,stock_out,BEV-1003,House Red Wine,Beverage,Wine,BevCo Beverage Distribution,,,,-1.0,case (12x750ml),95.68,-95.68,Bar Storage,R. Patel,,
TXN-100106,2026-06-07,07:20,stock_in,PRD-9901,Sourdough Loaf,Bakery,Bread,Sunrise Bakery Supply,PO-40381,INV-58739,LOT-260607-91,5.0,each,3.49,17.45,Dry Storage Room,C. Romero,2026-06-10,
TXN-100107,2026-06-07,18:44,stock_out,PRD-7706,Duck Breast,Meat,Poultry,Metro Meat & Poultry,,,,-2.16,lb,13.94,-30.11,Main Kitchen Cooler,L. Kim,,
TXN-100108,2026-06-07,20:29,stock_out,PRD-5521,"Free-Range Eggs, Large",Dairy,Eggs,Dairy Fresh Cooperative,,,,-2.0,case,48.52,-97.04,Main Kitchen Cooler,M. Osei,,
TXN-100109,2026-06-07,11:04,stock_out,PRD-2212,"Bell Peppers, Mixed",Produce,Vegetables,Green Valley Produce Co.,,,,-1.0,CASE,25.49,-25.49,Main Kitchen Cooler,R. Patel,,
TXN-100110,2026-06-07,13:35,stock_in,BEV-1005,"Draft Beer Keg, Lager",Beverage,Beer,BevCo Beverage Distribution,PO-40462,INV-58781,LOT-260607-64,3.0,keg,136.24,408.72,Bar Storage,L. Kim,2026-07-22,
TXN-100111,2026-06-07,16:30,stock_in,BEV-1002,Sparkling Water Cans,Beverage,Water,BevCo Beverage Distribution,PO-40669,INV-58476,LOT-260607-24,3.0,case (24ct),13.5,40.5,Bar Storage,L. Kim,2027-06-07,
TXN-100112,2026-06-07,16:35,stock_out,PRD-1105,"Mussels, Live",Seafood,Shellfish,Harborline Seafood Distributors,,,,-0.88,lb,6.31,-5.55,Main Kitchen Cooler,,,
TXN-100113,2026-06-07,09:00,transfer,PRD-7704,"Bacon, Sliced",Meat,Pork,Metro Meat & Poultry,,,,1.91,lb,7.28,13.9,Walk-In Freezer,R. Patel,,Transferred to Bar Storage
TXN-100114,2026-06-07,10:29,stock_in,BEV-1003,House Red Wine,Beverage,Wine,BevCo Beverage Distribution,PO-40838,INV-58432,LOT-260607-82,3.0,case (12x750ml),94.0,282.0,Bar Storage,C. Romero,2028-06-06,
TXN-100115,2026-06-07,10:31,stock_out,PRD-7702,Ground Beef 80/20,Meat,Beef,Metro Meat & Poultry,,,,-9.3,lb,5.87,-54.59,Main Kitchen Cooler,J. Nguyen,,
TXN-100116,2026-06-07,14:31,stock_out,PRD-7703, Pork Tenderloin ,Meat,Pork,Metro Meat & Poultry,,,,-8.14,lb,6.54,-53.24,Main Kitchen Cooler,J. Nguyen,,
TXN-100117,2026-06-07,18:08,adjustment,PRD-7704,"Bacon, Sliced",Meat,Pork,Metro Meat & Poultry,,,,1.58,lb,6.96,11.0,Main Kitchen Cooler,D. Alvarez,,Cycle count correction
TXN-100118,2026-06-08,20:42,stock_out,PRD-5521,"Free-Range Eggs, Large",Dairy,Eggs,Dairy Fresh Cooperative,,,,-3.0,case,43.6,-130.8,Main Kitchen Cooler,L. Kim,,
TXN-100119,2026-06-08,14:27,transfer,PRD-2208,Roma Tomatoes,Produce,Vegetables,Green Valley Produce Co.,,,,2.0,case,30.92,61.84,Prep Station Fridge,R. Patel,,Transferred to Bar Storage
TXN-100120,2026-06-08,09:05,waste,PRD-9902,Brioche Burger Buns,Bakery,Bread,Sunrise Bakery Supply,,,,-1.0,case (48ct),26.7,-26.7,Dry Storage Room,R. Patel,,Over-prepped
TXN-100121,2026-06-08,18:10,stock_in,PRD-8801,All-Purpose Flour,Dry Goods,Baking,Pantry Staples Wholesale,PO-40643,INV-58622,LOT-260608-34,2.0,50lb bag,22.47,44.94,Dry Storage Room,L. Kim,2027-06-08,
TXN-100122,2026-06-08,07:38,stock_in,PRD-2212,"Bell Peppers, Mixed",Produce,Vegetables,Green Valley Produce Co.,PO-40177,INV-58281,LOT-260608-90,2.0,case,28.43,56.86,Main Kitchen Cooler,R. Patel,2026-06-17,
TXN-100123,2026-06-08,16:20,stock_out,PRD-1105,"Mussels, Live",Seafood,Shellfish,Harborline Seafood Distributors,,,,-2.69,lb,5.49,-14.77,Main Kitchen Cooler,R. Patel,,
TXN-100124,2026-06-08,08:29,stock_out,PRD-8802,Granulated Sugar,Dry Goods,Baking,Pantry Staples Wholesale,,,,-2.0,50lb bag,22.76,-45.52,Dry Storage Room,L. Kim,,
TXN-100125,2026-06-08,13:24,stock_out,PRD-2209,Yellow Onions,Produce,Root Vegetables,Green Valley Produce Co.,,,,-2.0,sack,18.66,-37.32,Dry Storage Room,L. Kim,,
TXN-100126,2026-06-08,09:38,stock_out,PRD-2213,Avocados,Produce,Fruit,Green Valley Produce Co.,,,,-2.0,case,34.46,-68.92,Main Kitchen Cooler,D. Alvarez,,
TXN-100127,2026-06-08,07:02,stock_out,PRD-2209,Yellow Onions,Produce,Root Vegetables,Green Valley Produce Co.,,,,-2.0,sack,18.32,-36.64,Dry Storage Room,R. Patel,,
TXN-100128,2026-06-08,18:21,stock_out,PRD-7703,Pork Tenderloin,Meat,Pork,Metro Meat & Poultry,,,,-10.34,lb,6.27,-64.83,Main Kitchen Cooler,T. Fischer,,
TXN-100129,2026-06-08,17:54,stock_in,PRD-8804,"Olive Oil, Extra Virgin",Dry Goods,Oils,Pantry Staples Wholesale,PO-40253,INV-58441,LOT-260608-20,6.0,case (6x1L),61.77,370.62,Dry Storage Room,C. Romero,2027-06-08,
TXN-100130,2026-06-08,07:19,stock_out,PRD-4410,Organic Baby Spinach,Produce,Leafy Greens,Green Valley Produce Co.,,,,-3.0,case,14.53,-43.59,Main Kitchen Cooler,M. Osei,,
TXN-100131,2026-06-08,16:27,stock_in,BEV-1003,House Red Wine,Beverage,Wine,BevCo Beverage Distribution,PO-40416,INV-58284,LOT-260608-37,5.0,case (12x750ml),88.6,443.0,Bar Storage,M. Osei,2028-06-07,
TXN-100132,2026-06-08,13:53,stock_out,PRD-2210,Romaine Lettuce,Produce,Leafy Greens,Green Valley Produce Co.,,,,-3.0,case,24.86,-74.58,Main Kitchen Cooler,T. Fischer,,
TXN-100133,2026-06-08,07:53,stock_in,PRD-8804,"Olive Oil, Extra Virgin",Dry Goods,Oils,Pantry Staples Wholesale,PO-40269,INV-58838,LOT-260608-66,6.0,case (6x1L),59.16,354.96,Dry Storage Room,D. Alvarez,2027-06-08,
TXN-100134,2026-06-09,08:51,stock_out,PRD-5521,"Free-Range Eggs, Large",Dairy,Eggs,Dairy Fresh Cooperative,,,,-3.0,case,49.82,-149.46,Main Kitchen Cooler,J. Nguyen,,
TXN-100135,2026-06-09,18:24,waste,PRD-9902,Brioche Burger Buns,Bakery,Bread,Sunrise Bakery Supply,,,,-2.0,case (48ct),28.13,-56.26,Dry Storage Room,J. Nguyen,,Quality reject
TXN-100136,2026-06-09,20:23,stock_out,PRD-2207,Yukon Gold Potatoes,Produce,Root Vegetables,Green Valley Produce Co.,,,,-3.0,sack,26.22,-78.66,Dry Storage Room,L. Kim,,
TXN-100137,2026-06-09,13:09,stock_in,PRD-3315,Heavy Cream 40%,Dairy,Cream & Milk,Dairy Fresh Cooperative,PO-40327,INV-58561,LOT-260609-54,33.58,gal,9.11,305.91,Main Kitchen Cooler,D. Alvarez,2026-06-19,
TXN-100138,2026-06-09,07:53,stock_in,PRD-5521,"Free-Range Eggs, Large",Dairy,Eggs,Dairy Fresh Cooperative,PO-40249,INV-58240,LOT-260609-14,6.0,case,45.57,273.42,Main Kitchen Cooler,M. Osei,2026-07-07,
TXN-100139,2026-06-09,07:01,stock_in,PRD-1105,"Mussels, Live",Seafood,Shellfish,Harborline Seafood Distributors,PO-40661,INV-58844,LOT-260609-87,11.73,lb,6.22,72.96,Main Kitchen Cooler,C. Romero,2026-06-11,
TXN-100140,2026-06-09,07:53,stock_out,PRD-1105,"Mussels, Live",Seafood,Shellfish,Harborline Seafood Distributors,,,,-13.62,lb,5.99,-81.58,Main Kitchen Cooler,D. Alvarez,,
TXN-100141,2026-06-09,14:22,stock_out,PRD-7703,Pork Tenderloin,Meat,Pork,Metro Meat & Poultry,,,,-3.99,lb,6.66,-26.57,Main Kitchen Cooler,T. Fischer,,
TXN-100142,2026-06-09,18:32,stock_out,BEV-1003,House Red Wine,Beverage,Wine,BevCo Beverage Distribution,,,,-3.0,CASE (12X750ML),94.32,-282.96,Bar Storage,R. Patel,,
TXN-100143,2026-06-09,07:22,stock_out,PRD-1103,"Jumbo Shrimp, Peeled",Seafood,Shellfish,Harborline Seafood Distributors,,,,-4.0,lb,15.17,-60.68,Main Kitchen Cooler,D. Alvarez,,
TXN-100144,2026-06-09,09:52,stock_out,PRD-1104,Sea Scallops U-10,Seafood,Shellfish,Harborline Seafood Distributors,,,,-9.82,lb,23.69,-232.64,Main Kitchen Cooler,T. Fischer,,
TXN-100145,2026-06-09,18:29,stock_in,PRD-4410,Organic Baby Spinach,Produce,Leafy Greens,Green Valley Produce Co.,PO-40304,INV-58142,LOT-260609-50,1.0,case,13.52,13.52,Main Kitchen Cooler,M. Osei,2026-06-14,
TXN-100146,2026-06-09,20:49,stock_in,PRD-3317,Shredded Mozzarella,Dairy,Cheese,Dairy Fresh Cooperative,PO-40379,INV-58227,LOT-260609-57,3.82,lb,5.74,21.93,Main Kitchen Cooler,R. Patel,2026-06-30,
TXN-100147,2026-06-09,09:59,stock_out,BEV-1001,"Cola Syrup, 5 Gal BIB",Beverage,Soft Drinks,BevCo Beverage Distribution,,,,-3.0,each,59.69,-179.07,Bar Storage,D. Alvarez,,
TXN-100148,2026-06-09,09:06,stock_out,PRD-3316,Whole Milk,Dairy,Cream & Milk,Dairy Fresh Cooperative,,,,-1.66,gal,4.31,-7.15,Main Kitchen Cooler,M. Osei,,
TXN-100149,2026-06-10,17:55,stock_out,PRD-8802,Granulated Sugar,Dry Goods,Baking,Pantry Staples Wholesale,,,,-4.0,50lb bag,24.95,-99.8,Dry Storage Room,R. Patel,,
TXN-100150,2026-06-10,10:23,stock_out,PRD-2208,Roma Tomatoes,Produce,Vegetables,Green Valley Produce Co.,,,,-3.0,case,33.28,-99.84,Main Kitchen Cooler,J. Nguyen,,
TXN-100151,2026-06-10,07:15,stock_in,PRD-9901,Sourdough Loaf,Bakery,Bread,Sunrise Bakery Supply,PO-40492,INV-58680,LOT-260610-14,6.0,each,3.67,22.02,Dry Storage Room,C. Romero,2026-06-13,
TXN-100152,2026-06-10,10:20,stock_out,PRD-4410,Organic Baby Spinach,Produce,Leafy Greens,Green Valley Produce Co.,,,,-3.0,CASE,13.63,-40.89,Main Kitchen Cooler,D. Alvarez,,
TXN-100153,2026-06-10,18:16,stock_in,BEV-1005,"Draft Beer Keg, Lager",Beverage,Beer,BevCo Beverage Distribution,PO-40726,INV-58392,LOT-260610-98,6.0,KEG,138.38,830.28,Bar Storage,R. Patel,2026-07-25,
TXN-100154,2026-06-10,20:20,waste,PRD-2209,Yellow Onions,Produce,Root Vegetables,Green Valley Produce Co.,,,,-2.0,sack,19.12,-38.24,Dry Storage Room,C. Romero,,Over-prepped
TXN-100155,2026-06-10,13:14,waste,PRD-3316,Whole Milk,Dairy,Cream & Milk,Dairy Fresh Cooperative,,,,-0.78,gal,4.0,-3.12,Main Kitchen Cooler,,,Prep trim loss
TXN-100156,2026-06-10,13:08,stock_out,PRD-8803,Kosher Salt,Dry Goods,Seasoning,Pantry Staples Wholesale,,,,-3.0,25lb bag,10.27,-30.81,Dry Storage Room,M. Osei,,
TXN-100157,2026-06-10,20:36,waste,PRD-8806,Basmati Rice,Dry Goods,Grains,Pantry Staples Wholesale,,,,-1.0,25lb bag,29.85,-29.85,Dry Storage Room,T. Fischer,,Spoilage
TXN-100158,2026-06-10,07:49,stock_out,BEV-1005,"Draft Beer Keg, Lager",Beverage,Beer,BevCo Beverage Distribution,,,,-4.0,KEG,143.44,-573.76,Bar Storage,L. Kim,,
TXN-100159,2026-06-10,17:14,stock_in,PRD-3315,Heavy Cream 40%,Dairy,Cream & Milk,Dairy Fresh Cooperative,PO-40390,INV-58180,LOT-260610-42,15.15,gal,10.44,158.17,Main Kitchen Cooler,J. Nguyen,2026-06-20,
TXN-100160,2026-06-10,14:37,stock_out,BEV-1002,Sparkling Water Cans,Beverage,Water,BevCo Beverage Distribution,,,,-1.0,case (24ct),14.77,-14.77,Bar Storage,T. Fischer,,
TXN-100161,2026-06-10,06:05,waste,PRD-1104,Sea Scallops U-10,Seafood,Shellfish,Harborline Seafood Distributors,,,,-0.42,lb,23.01,-9.66,Main Kitchen Cooler,C. Romero,,Dropped/contaminated
TXN-100162,2026-06-10,16:34,stock_out,PRD-1103,"Jumbo Shrimp, Peeled",Seafood,Shellfish,Harborline Seafood Distributors,,,,-4.7,lb,15.88,-74.64,Main Kitchen Cooler,R. Patel,,
TXN-100163,2026-06-10,06:10,stock_in,PRD-9902,Brioche Burger Buns,Bakery,Bread,Sunrise Bakery Supply,PO-40308,INV-58448,LOT-260610-87,4.0,case (48ct),28.43,113.72,Dry Storage Room,J. Nguyen,2026-06-15,
TXN-100164,2026-06-11,07:20,stock_out,PRD-8803,Kosher Salt,Dry Goods,Seasoning,Pantry Staples Wholesale,,,,-2.0,25lb bag,10.34,-20.68,Dry Storage Room,R. Patel,,
TXN-100165,2026-06-11,10:15,transfer,PRD-8804,"Olive Oil, Extra Virgin",Dry Goods,Oils,Pantry Staples Wholesale,,,,3.0,case (6x1L),60.91,182.73,Walk-In Freezer,C. Romero,,Transferred to Main Kitchen Cooler
TXN-100166,2026-06-11,08:31,stock_out,PRD-9902,Brioche Burger Buns,Bakery,Bread,Sunrise Bakery Supply,,,,-1.0,case (48ct),30.53,-30.53,Dry Storage Room,C. Romero,,
TXN-100167,2026-06-11,11:38,stock_in,PRD-2207,Yukon Gold Potatoes,Produce,Root Vegetables,Green Valley Produce Co.,PO-40581,INV-58392,LOT-260611-78,7.0,sack,28.69,200.83,Dry Storage Room,D. Alvarez,2026-07-02,
TXN-100168,2026-06-11,06:36,stock_in,PRD-8803,Kosher Salt,Dry Goods,Seasoning,Pantry Staples Wholesale,PO-40395,INV-58175,LOT-260611-59,5.0,25lb bag,10.76,53.8,Dry Storage Room,C. Romero,2029-06-10,
TXN-100169,2026-06-11,10:23,adjustment,PRD-4410,Organic Baby Spinach,Produce,Leafy Greens,Green Valley Produce Co.,,,,1.77,case,13.83,24.48,Main Kitchen Cooler,M. Osei,,System entry error
TXN-100170,2026-06-11,17:21,stock_in,PRD-1104,Sea Scallops U-10,Seafood,Shellfish,Harborline Seafood Distributors,PO-40252,INV-58720,LOT-260611-75,32.55,lb,22.57,734.65,Main Kitchen Cooler,J. Nguyen,2026-06-15,
TXN-100171,2026-06-11,13:53,stock_out,PRD-7704,"Bacon, Sliced",Meat,Pork,Metro Meat & Poultry,,,,-7.89,lb,7.19,-56.73,Main Kitchen Cooler,C. Romero,,
TXN-100172,2026-06-11,14:19,adjustment,PRD-2211,"Garlic, Peeled",Produce,Aromatics,Green Valley Produce Co.,,,,1.78,lb,6.63,11.8,Main Kitchen Cooler,T. Fischer,,Cycle count correction
TXN-100173,2026-06-11,17:03,stock_out,PRD-2214,Lemons,Produce,Fruit,Green Valley Produce Co.,,,,-3.0,case,27.47,-82.41,Main Kitchen Cooler,T. Fischer,,
TXN-100174,2026-06-12,17:07,stock_in,PRD-6634,Unsalted Butter,Dairy,Butter,Dairy Fresh Cooperative,PO-40528,INV-58255,LOT-260612-62,2.0,block,117.78,235.56,Main Kitchen Cooler,T. Fischer,2026-07-27,
TXN-100175,2026-06-12,13:13,stock_out,PRD-2207,Yukon Gold Potatoes,Produce,Root Vegetables,Green Valley Produce Co.,,,,-3.0,sack,30.23,-90.69,Dry Storage Room,R. Patel,,
TXN-100176,2026-06-12,09:43,stock_out,BEV-1004,House White Wine,Beverage,Wine,BevCo Beverage Distribution,,,,-3.0,case (12x750ml),93.18,-279.54,Bar Storage,T. Fischer,,
TXN-100177,2026-06-12,08:14,stock_in,PRD-6634,Unsalted Butter,Dairy,Butter,Dairy Fresh Cooperative,PO-40889,INV-58395,LOT-260612-36,8.0,block,128.07,1024.56,Main Kitchen Cooler,T. Fischer,2026-07-27,
TXN-100178,2026-06-12,14:43,stock_in,PRD-7702,Ground Beef 80/20,Meat,Beef,Metro Meat & Poultry,PO-40504,INV-58453,LOT-260612-28,22.64,lb,6.33,143.31,Main Kitchen Cooler,M. Osei,2026-06-16,Short delivery vs PO — see delivery receipt
TXN-100179,2026-06-12,08:12,stock_out,PRD-7701,"Chicken Breast, Boneless",Meat,Poultry,Metro Meat & Poultry,,,,-12.51,lb,4.67,-58.42,Main Kitchen Cooler,C. Romero,,
TXN-100180,2026-06-12,06:42,stock_in,PRD-2214,Lemons,Produce,Fruit,Green Valley Produce Co.,PO-40338,INV-58153,LOT-260612-22,7.0,case,27.73,194.11,Main Kitchen Cooler,R. Patel,2026-06-26,
TXN-100181,2026-06-12,11:30,stock_out,PRD-3315,Heavy Cream 40%,Dairy,Cream & Milk,Dairy Fresh Cooperative,,,,-9.93,gal,10.15,-100.79,Main Kitchen Cooler,M. Osei,,
TXN-100182,2026-06-12,08:34,stock_out,PRD-2209,Yellow Onions,Produce,Root Vegetables,Green Valley Produce Co.,,,,-3.0,sack,19.54,-58.62,Dry Storage Room,D. Alvarez,,
TXN-100183,2026-06-12,06:53,adjustment,PRD-3316,Whole Milk,Dairy,Cream & Milk,Dairy Fresh Cooperative,,,,-0.62,gal,4.2,-2.6,Main Kitchen Cooler,,,Recount after audit
TXN-100184,2026-06-12,09:18,transfer,PRD-2210,Romaine Lettuce,Produce,Leafy Greens,Green Valley Produce Co.,,,,2.0,case,26.29,52.58,Prep Station Fridge,J. Nguyen,,Transferred to Walk-In Freezer
TXN-100185,2026-06-12,17:11,stock_out,PRD-9902,Brioche Burger Buns,Bakery,Bread,Sunrise Bakery Supply,,,,-1.0,case (48ct),27.76,-27.76,Dry Storage Room,M. Osei,,
TXN-100186,2026-06-12,13:20,waste,PRD-8805, Canola Oil ,Dry Goods,Oils,Pantry Staples Wholesale,,,,-1.0,case (4x1gal),43.14,-43.14,Dry Storage Room,J. Nguyen,,Prep trim loss
TXN-100187,2026-06-12,18:17,stock_in,PRD-8804,"Olive Oil, Extra Virgin",Dry Goods,Oils,Pantry Staples Wholesale,PO-40840,INV-58686,LOT-260612-11,8.0,CASE (6X1L),56.16,449.28,Dry Storage Room,M. Osei,2027-06-12,
TXN-100188,2026-06-12,17:49,stock_out,PRD-8805,Canola Oil,Dry Goods,Oils,Pantry Staples Wholesale,,,,-2.0,case (4x1gal),39.43,-78.86,Dry Storage Room,M. Osei,,
TXN-100189,2026-06-12,17:38,stock_in,PRD-9903,"Croissants, Unbaked Frozen",Bakery,Pastry,Sunrise Bakery Supply,PO-40582,INV-58875,LOT-260612-78,4.0,case (72ct),66.07,264.28,Walk-In Freezer,L. Kim,2026-09-10,
TXN-100190,2026-06-12,13:45,stock_out,PRD-2209,Yellow Onions,Produce,Root Vegetables,Green Valley Produce Co.,,,,-2.0,SACK,19.74,-39.48,Dry Storage Room,D. Alvarez,,
TXN-100191,2026-06-12,07:20,stock_out,PRD-2213,Avocados,Produce,Fruit,Green Valley Produce Co.,,,,-4.0,case,36.16,-144.64,Main Kitchen Cooler,T. Fischer,,
TXN-100192,2026-06-12,06:29,stock_out,BEV-1002,Sparkling Water Cans,Beverage,Water,BevCo Beverage Distribution,,,,-1.0,CASE (24CT),14.21,-14.21,Bar Storage,C. Romero,,
TXN-100193,2026-06-12,20:00,stock_out,PRD-1103,"Jumbo Shrimp, Peeled",Seafood,Shellfish,Harborline Seafood Distributors,,,,-11.31,lb,14.99,-169.54,Main Kitchen Cooler,D. Alvarez,,
TXN-100194,2026-06-12,07:59,adjustment,PRD-2207,Yukon Gold Potatoes,Produce,Root Vegetables,Green Valley Produce Co.,,,,-0.17,sack,27.05,-4.6,Dry Storage Room,J. Nguyen,,System entry error
TXN-100195,2026-06-12,10:28,stock_out,PRD-8806,Basmati Rice,Dry Goods,Grains,Pantry Staples Wholesale,,,,-4.0,25LB BAG,29.56,-118.24,Dry Storage Room,R. Patel,,
TXN-100196,2026-06-12,09:07,stock_out,PRD-4410,Organic Baby Spinach,Produce,Leafy Greens,Green Valley Produce Co.,,,,-2.0,case,14.28,-28.56,Main Kitchen Cooler,C. Romero,,
TXN-100197,2026-06-12,11:43,adjustment,PRD-1103,"Jumbo Shrimp, Peeled",Seafood,Shellfish,Harborline Seafood Distributors,,,,1.31,lb,14.62,19.15,Main Kitchen Cooler,R. Patel,,System entry error
TXN-100198,2026-06-13,16:26,stock_in,PRD-2211,"Garlic, Peeled",Produce,Aromatics,Green Valley Produce Co.,PO-40116,INV-58346,LOT-260613-36,25.37,lb,6.85,173.78,Main Kitchen Cooler,D. Alvarez,2026-06-27,Received in good condition
TXN-100199,2026-06-13,08:34,stock_out,PRD-1104,Sea Scallops U-10,Seafood,Shellfish,Harborline Seafood Distributors,,,,-3.65,lb,23.81,-86.91,Main Kitchen Cooler,D. Alvarez,,
TXN-100200,2026-06-13,14:49,stock_out,PRD-2213,Avocados,Produce,Fruit,Green Valley Produce Co.,,,,-3.0,case,35.45,-106.35,Main Kitchen Cooler,M. Osei,,
TXN-100201,2026-06-13,06:35,stock_out,PRD-8806,Basmati Rice,Dry Goods,Grains,Pantry Staples Wholesale,,,,-4.0,25lb bag,29.44,-117.76,Dry Storage Room,J. Nguyen,,
TXN-100202,2026-06-13,16:24,adjustment,PRD-8802,Granulated Sugar,Dry Goods,Baking,Pantry Staples Wholesale,,,,1.71,50lb bag,23.79,40.68,Dry Storage Room,R. Patel,,Unit conversion fix
TXN-100203,2026-06-13,08:19,stock_in,PRD-9903,"Croissants, Unbaked Frozen",Bakery,Pastry,Sunrise Bakery Supply,PO-40574,INV-58159,LOT-260613-81,7.0,case (72ct),60.36,422.52,Walk-In Freezer,R. Patel,2026-09-11,
TXN-100204,2026-06-13,20:23,transfer,PRD-2209,Yellow Onions,Produce,Root Vegetables,Green Valley Produce Co.,,,,1.0,sack,17.17,17.17,Walk-In Freezer,R. Patel,,Transferred to Bar Storage
TXN-100205,2026-06-13,08:55,stock_in,BEV-1005,"Draft Beer Keg, Lager",Beverage,Beer,BevCo Beverage Distribution,PO-40115,INV-58316,LOT-260613-34,7.0,keg,140.43,983.01,Bar Storage,T. Fischer,2026-07-28,
TXN-100206,2026-06-13,08:35,stock_out,PRD-3318,Parmesan Wheel,Dairy,Cheese,Dairy Fresh Cooperative,,,,-5.16,lb,12.45,-64.24,Main Kitchen Cooler,R. Patel,,
TXN-100207,2026-06-13,11:06,transfer,BEV-1002,Sparkling Water Cans,Beverage,Water,BevCo Beverage Distribution,,,,3.0,case (24ct),15.0,45.0,Prep Station Fridge,M. Osei,,Transferred to Prep Station Fridge
TXN-100208,2026-06-13,06:16,stock_out,PRD-5521,"Free-Range Eggs, Large",Dairy,Eggs,Dairy Fresh Cooperative,,,,-3.0,case,47.43,-142.29,Main Kitchen Cooler,T. Fischer,,
TXN-100209,2026-06-13,08:31,stock_out,PRD-8804,"Olive Oil, Extra Virgin",Dry Goods,Oils,Pantry Staples Wholesale,,,,-3.0,case (6x1L),62.12,-186.36,Dry Storage Room,M. Osei,,
TXN-100210,2026-06-13,17:50,stock_out,BEV-1001,"Cola Syrup, 5 Gal BIB",Beverage,Soft Drinks,BevCo Beverage Distribution,,,,-2.0,each,58.43,-116.86,Bar Storage,C. Romero,,
TXN-100211,2026-06-13,20:54,stock_out,PRD-2207,Yukon Gold Potatoes,Produce,Root Vegetables,Green Valley Produce Co.,,,,-1.0,sack,29.42,-29.42,Dry Storage Room,D. Alvarez,,
TXN-100212,2026-06-13,07:00,stock_in,PRD-5521,"Free-Range Eggs, Large",Dairy,Eggs,Dairy Fresh Cooperative,PO-40161,INV-58732,LOT-260613-91,3.0,case,46.47,139.41,Main Kitchen Cooler,,2026-07-11,
TXN-100213,2026-06-13,13:46,stock_in,PRD-8806,Basmati Rice,Dry Goods,Grains,Pantry Staples Wholesale,PO-40117,INV-58614,LOT-260613-99,3.0,25lb bag,29.87,89.61,Dry Storage Room,T. Fischer,2028-06-12,
TXN-100214,2026-06-13,13:16,stock_in,PRD-6634,Unsalted Butter,Dairy,Butter,Dairy Fresh Cooperative,PO-40506,INV-58180,LOT-260613-57,7.0,block,114.47,801.29,Main Kitchen Cooler,R. Patel,2026-07-28,
TXN-100215,2026-06-13,20:41,stock_out,PRD-2209,Yellow Onions,Produce,Root Vegetables,Green Valley Produce Co.,,,,-3.0,sack,17.3,-51.9,Dry Storage Room,R. Patel,,
TXN-100216,2026-06-13,20:27,stock_in,PRD-3315,Heavy Cream 40%,Dairy,Cream & Milk,Dairy Fresh Cooperative,PO-40197,INV-58640,LOT-260613-15,26.51,gal,9.49,251.58,Main Kitchen Cooler,J. Nguyen,2026-06-23,
TXN-100217,2026-06-13,08:57,stock_out,PRD-2208,Roma Tomatoes,Produce,Vegetables,Green Valley Produce Co.,,,,-3.0,case,32.81,-98.43,Main Kitchen Cooler,J. Nguyen,,
TXN-100218,2026-06-13,20:45,stock_in,PRD-2214,Lemons,Produce,Fruit,Green Valley Produce Co.,PO-40406,INV-58266,LOT-260613-82,7.0,case,30.99,216.93,Main Kitchen Cooler,J. Nguyen,2026-06-27,
TXN-100219,2026-06-13,17:46,waste,PRD-4410,Organic Baby Spinach,Produce,Leafy Greens,Green Valley Produce Co.,,,,-1.0,CASE,14.76,-14.76,Main Kitchen Cooler,M. Osei,,Spoilage
TXN-100220,2026-06-13,14:25,waste,PRD-7706,Duck Breast,Meat,Poultry,Metro Meat & Poultry,,,,-4.85,lb,13.22,-64.12,Main Kitchen Cooler,T. Fischer,,Dropped/contaminated
TXN-100221,2026-06-13,10:11,adjustment,BEV-1005,"Draft Beer Keg, Lager",Beverage,Beer,BevCo Beverage Distribution,,,,1.08,keg,148.73,160.63,Bar Storage,D. Alvarez,,Recount after audit
TXN-100222,2026-06-13,18:40,stock_out,PRD-2212,"Bell Peppers, Mixed",Produce,Vegetables,Green Valley Produce Co.,,,,-1.0,CASE,26.82,-26.82,Main Kitchen Cooler,,,
TXN-100223,2026-06-14,07:11,stock_in,PRD-7702,Ground Beef 80/20,Meat,Beef,Metro Meat & Poultry,PO-40624,INV-58517,LOT-260614-23,18.38,lb,6.0,110.28,Main Kitchen Cooler,D. Alvarez,2026-06-18,
TXN-100224,2026-06-14,10:49,stock_in,PRD-1102,Atlantic Salmon Fillet,Seafood,Finfish,Coastal Farms & Purveyors Ltd.,PO-40348,INV-58685,LOT-260614-76,5.22,lb,11.97,62.48,Main Kitchen Cooler,J. Nguyen,2026-06-20,
TXN-100225,2026-06-14,10:19,stock_out,PRD-3315,Heavy Cream 40%,Dairy,Cream & Milk,Dairy Fresh Cooperative,,,,-7.52,gal,9.09,-68.36,Main Kitchen Cooler,M. Osei,,
TXN-100226,2026-06-14,07:08,stock_in,PRD-1105,"Mussels, Live",Seafood,Shellfish,Harborline Seafood Distributors,PO-40440,INV-58735,LOT-260614-58,13.58,lb,6.32,85.83,Main Kitchen Cooler,L. Kim,2026-06-16,
TXN-100227,2026-06-14,09:38,stock_in,PRD-7706,Duck Breast,Meat,Poultry,Metro Meat & Poultry,PO-40421,INV-58281,LOT-260614-60,38.0,lb,12.95,492.1,Main Kitchen Cooler,M. Osei,2026-06-19,
TXN-100228,2026-06-14,18:25,stock_in,PRD-8804,"Olive Oil, Extra Virgin",Dry Goods,Oils,Pantry Staples Wholesale,PO-40304,INV-58706,LOT-260614-79,4.0,case (6x1L),62.01,248.04,Dry Storage Room,J. Nguyen,2027-06-14,
TXN-100229,2026-06-14,20:44,waste,PRD-9901,Sourdough Loaf,Bakery,Bread,Sunrise Bakery Supply,,,,-1.0,each,3.96,-3.96,Dry Storage Room,L. Kim,,Expired
TXN-100230,2026-06-14,17:27,stock_out,PRD-7701,"Chicken Breast, Boneless",Meat,Poultry,Metro Meat & Poultry,,,,-11.94,lb,4.52,-53.97,Main Kitchen Cooler,C. Romero,,
TXN-100231,2026-06-14,18:23,stock_out,PRD-8806,Basmati Rice,Dry Goods,Grains,Pantry Staples Wholesale,,,,-3.0,25lb bag,29.14,-87.42,Dry Storage Room,C. Romero,,
TXN-100232,2026-06-14,14:02,stock_in,PRD-8802,Granulated Sugar,Dry Goods,Baking,Pantry Staples Wholesale,PO-40762,INV-58509,LOT-260614-52,5.0,50lb bag,25.07,125.35,Dry Storage Room,L. Kim,2028-06-13,Received in good condition
TXN-100233,2026-06-14,08:28,stock_out,PRD-2214,Lemons,Produce,Fruit,Green Valley Produce Co.,,,,-2.0,case,28.83,-57.66,Main Kitchen Cooler,T. Fischer,,
TXN-100234,2026-06-14,08:26,stock_out,PRD-1103,"Jumbo Shrimp, Peeled",Seafood,Shellfish,Harborline Seafood Distributors,,,,-13.85,lb,13.82,-191.41,Main Kitchen Cooler,L. Kim,,
TXN-100235,2026-06-14,13:30,waste,PRD-9902,Brioche Burger Buns,Bakery,Bread,Sunrise Bakery Supply,,,,-1.0,case (48ct),26.67,-26.67,Dry Storage Room,T. Fischer,,Damaged in delivery
TXN-100236,2026-06-14,09:41,stock_in,PRD-2211,"Garlic, Peeled",Produce,Aromatics,Green Valley Produce Co.,PO-40858,INV-58349,LOT-260614-76,6.16,lb,6.71,41.33,Main Kitchen Cooler,J. Nguyen,2026-06-28,
TXN-100237,2026-06-14,16:27,stock_in,PRD-3316,Whole Milk,Dairy,Cream & Milk,Dairy Fresh Cooperative,PO-40302,INV-58560,LOT-260614-85,17.03,gal,4.36,74.25,Main Kitchen Cooler,R. Patel,2026-06-24,
TXN-100238,2026-06-14,18:55,stock_out,PRD-2208,Roma Tomatoes,Produce,Vegetables,Green Valley Produce Co.,,,,-3.0,case,31.31,-93.93,Main Kitchen Cooler,J. Nguyen,,
TXN-100239,2026-06-14,09:38,adjustment,BEV-1003,House Red Wine,Beverage,Wine,BevCo Beverage Distribution,,,,-0.67,case (12x750ml),94.35,-63.21,Bar Storage,D. Alvarez,,Recount after audit
TXN-100240,2026-06-14,14:05,transfer,PRD-7704,"Bacon, Sliced",Meat,Pork,Metro Meat & Poultry,,,,4.36,lb,6.76,29.47,Bar Storage,M. Osei,,Transferred to Bar Storage
TXN-100241,2026-06-14,14:24,stock_out,PRD-8806,Basmati Rice,Dry Goods,Grains,Pantry Staples Wholesale,,,,-2.0,25lb bag,27.69,-55.38,Dry Storage Room,C. Romero,,
TXN-100242,2026-06-15,07:11,stock_out,PRD-3315,Heavy Cream 40%,Dairy,Cream & Milk,Dairy Fresh Cooperative,,,,-5.06,gal,9.67,-48.93,Main Kitchen Cooler,D. Alvarez,,
TXN-100243,2026-06-15,13:32,waste,PRD-3317,Shredded Mozzarella,Dairy,Cheese,Dairy Fresh Cooperative,,,,-3.33,lb,5.52,-18.38,Main Kitchen Cooler,R. Patel,,Expired
TXN-100244,2026-06-15,18:14,stock_in,PRD-2213,Avocados,Produce,Fruit,Green Valley Produce Co.,PO-40650,INV-58395,LOT-260615-31,3.0,case,35.19,105.57,Main Kitchen Cooler,L. Kim,2026-06-20,
TXN-100245,2026-06-15,13:52,stock_in,PRD-2211,"Garlic, Peeled",Produce,Aromatics,Green Valley Produce Co.,PO-40874,INV-58142,LOT-260615-66,39.65,lb,6.44,255.35,Main Kitchen Cooler,C. Romero,2026-06-29,
TXN-100246,2026-06-15,09:55,stock_out,PRD-1104,Sea Scallops U-10,Seafood,Shellfish,Harborline Seafood Distributors,,,,-12.34,lb,22.28,-274.94,Main Kitchen Cooler,D. Alvarez,,
TXN-100247,2026-06-15,20:45,stock_out,PRD-2214,Lemons,Produce,Fruit,Green Valley Produce Co.,,,,-3.0,case,28.67,-86.01,Main Kitchen Cooler,C. Romero,,
TXN-100248,2026-06-15,13:17,stock_out,PRD-2207,Yukon Gold Potatoes,Produce,Root Vegetables,Green Valley Produce Co.,,,,-3.0,sack,26.51,-79.53,Dry Storage Room,T. Fischer,,
TXN-100249,2026-06-15,16:52,adjustment,BEV-1002,Sparkling Water Cans,Beverage,Water,BevCo Beverage Distribution,,,,-2.43,case (24ct),15.47,-37.59,Bar Storage,L. Kim,,Unit conversion fix
TXN-100250,2026-06-15,07:15,stock_out,PRD-4410,Organic Baby Spinach,Produce,Leafy Greens,Green Valley Produce Co.,,,,-1.0,case,13.8,-13.8,Main Kitchen Cooler,J. Nguyen,,
TXN-100251,2026-06-15,16:26,stock_out,PRD-2213,Avocados,Produce,Fruit,Green Valley Produce Co.,,,,-2.0,case,34.02,-68.04,Main Kitchen Cooler,L. Kim,,
TXN-100252,2026-06-15,09:29,stock_out,PRD-7702,Ground Beef 80/20,Meat,Beef,Metro Meat & Poultry,,,,-14.28,lb,5.79,-82.68,Main Kitchen Cooler,D. Alvarez,,
TXN-100253,2026-06-15,17:22,stock_out,PRD-9902,Brioche Burger Buns,Bakery,Bread,Sunrise Bakery Supply,,,,-4.0,case (48ct),29.85,-119.4,Dry Storage Room,R. Patel,,
TXN-100254,2026-06-15,08:21,stock_out,PRD-7702,Ground Beef 80/20,Meat,Beef,Metro Meat & Poultry,,,,-8.44,lb,5.6,-47.26,Main Kitchen Cooler,L. Kim,,
TXN-100255,2026-06-15,16:50,stock_in,PRD-2207,Yukon Gold Potatoes,Produce,Root Vegetables,Green Valley Produce Co.,PO-40261,INV-58551,LOT-260615-68,7.0,sack,25.83,180.81,Dry Storage Room,D. Alvarez,2026-07-06,
TXN-100256,2026-06-15,08:05,stock_in,PRD-7704,"Bacon, Sliced",Meat,Pork,Metro Meat & Poultry,PO-40480,INV-58780,LOT-260615-93,26.87,lb,6.91,185.67,Main Kitchen Cooler,J. Nguyen,2026-06-29,Short delivery vs PO — see delivery receipt
TXN-100257,2026-06-15,17:06,stock_out,PRD-8807,Dried Penne Pasta,Dry Goods,Grains,Pantry Staples Wholesale,,,,-1.0,case (12x1lb),19.73,-19.73,Dry Storage Room,J. Nguyen,,
TXN-100258,2026-06-16,20:27,waste,PRD-8801,All-Purpose Flour,Dry Goods,Baking,Pantry Staples Wholesale,,,,-2.0,50LB BAG,21.92,-43.84,Dry Storage Room,J. Nguyen,,Expired
TXN-100259,2026-06-16,07:24,transfer,PRD-8803,Kosher Salt,Dry Goods,Seasoning,Pantry Staples Wholesale,,,,3.0,25LB BAG,11.25,33.75,Walk-In Freezer,T. Fischer,,Transferred to Prep Station Fridge
TXN-100260,2026-06-16,17:13,stock_out,PRD-3315,Heavy Cream 40%,Dairy,Cream & Milk,Dairy Fresh Cooperative,,,,-9.61,gal,9.21,-88.51,Main Kitchen Cooler,R. Patel,,
TXN-100261,2026-06-16,07:37,stock_in,PRD-2210,Romaine Lettuce,Produce,Leafy Greens,Green Valley Produce Co.,PO-40539,INV-58422,LOT-260616-27,6.0,case,24.16,144.96,Main Kitchen Cooler,J. Nguyen,2026-06-21,
TXN-100262,2026-06-16,16:56,waste,PRD-1103,"Jumbo Shrimp, Peeled",Seafood,Shellfish,Harborline Seafood Distributors,,,,-1.65,lb,14.84,-24.49,Main Kitchen Cooler,C. Romero,,Prep trim loss
TXN-100263,2026-06-16,07:15,stock_out,PRD-6634,Unsalted Butter,Dairy,Butter,Dairy Fresh Cooperative,,,,-2.0,block,120.69,-241.38,Main Kitchen Cooler,,,
TXN-100264,2026-06-16,20:53,stock_in,PRD-7705,NY Strip Steak,Meat,Beef,Metro Meat & Poultry,PO-40799,INV-58276,LOT-260616-70,23.6,LB,15.07,355.65,Main Kitchen Cooler,L. Kim,2026-06-22,
TXN-100265,2026-06-16,16:45,stock_out,PRD-8805,Canola Oil,Dry Goods,Oils,Pantry Staples Wholesale,,,,-3.0,case (4x1gal),41.43,-124.29,Dry Storage Room,T. Fischer,,
TXN-100266,2026-06-17,07:32,stock_in,PRD-7702,Ground Beef 80/20,Meat,Beef,Metro Meat & Poultry,PO-40259,INV-58649,LOT-260617-51,37.0,lb,6.4,236.8,Main Kitchen Cooler,R. Patel,2026-06-21,
TXN-100267,2026-06-17,20:15,stock_out,PRD-8807,Dried Penne Pasta,Dry Goods,Grains,Pantry Staples Wholesale,,,,-1.0,CASE (12X1LB),18.49,-18.49,Dry Storage Room,R. Patel,,
TXN-100268,2026-06-17,17:08,stock_in,PRD-3316,Whole Milk,Dairy,Cream & Milk,Dairy Fresh Cooperative,PO-40455,INV-58635,LOT-260617-76,28.66,gal,3.97,113.78,Main Kitchen Cooler,L. Kim,2026-06-27,
TXN-100269,2026-06-17,06:21,waste,PRD-2211,"Garlic, Peeled",Produce,Aromatics,Green Valley Produce Co.,,,,-4.07,lb,6.17,-25.11,Main Kitchen Cooler,D. Alvarez,,Dropped/contaminated
TXN-100270,2026-06-17,06:31,stock_out,PRD-9902,Brioche Burger Buns,Bakery,Bread,Sunrise Bakery Supply,,,,-4.0,case (48ct),26.98,-107.92,Dry Storage Room,J. Nguyen,,
TXN-100271,2026-06-17,13:00,stock_in,PRD-2211,"Garlic, Peeled",Produce,Aromatics,Green Valley Produce Co.,PO-40350,INV-58147,LOT-260617-70,3.67,lb,6.77,24.85,Main Kitchen Cooler,M. Osei,2026-07-01,
TXN-100272,2026-06-17,08:26,stock_in,PRD-8806,Basmati Rice,Dry Goods,Grains,Pantry Staples Wholesale,PO-40179,INV-58685,LOT-260617-57,7.0,25lb bag,26.95,188.65,Dry Storage Room,D. Alvarez,2028-06-16,
TXN-100273,2026-06-17,11:55,stock_in,PRD-8805,Canola Oil,Dry Goods,Oils,Pantry Staples Wholesale,PO-40435,INV-58188,LOT-260617-80,3.0,case (4x1gal),44.32,132.96,Dry Storage Room,R. Patel,2027-06-17,Short delivery vs PO — see delivery receipt
TXN-100274,2026-06-17,09:37,stock_in,PRD-1105,"Mussels, Live",Seafood,Shellfish,Harborline Seafood Distributors,PO-40894,INV-58300,LOT-260617-79,38.93,lb,6.37,247.98,Main Kitchen Cooler,,2026-06-19,
TXN-100275,2026-06-17,06:48,adjustment,PRD-1102,Atlantic Salmon Fillet,Seafood,Finfish,Coastal Farms & Purveyors Ltd.,,,,0.94,LB,11.88,11.17,Main Kitchen Cooler,T. Fischer,,Recount after audit
TXN-100276,2026-06-18,07:45,adjustment,PRD-2207,Yukon Gold Potatoes,Produce,Root Vegetables,Green Valley Produce Co.,,,,-1.32,sack,25.96,-34.27,Dry Storage Room,J. Nguyen,,Unit conversion fix
TXN-100277,2026-06-18,13:08,stock_out,PRD-2209,Yellow Onions,Produce,Root Vegetables,Green Valley Produce Co.,,,,-3.0,sack,18.19,-54.57,Dry Storage Room,C. Romero,,
TXN-100278,2026-06-18,20:20,stock_in,PRD-6634,Unsalted Butter,Dairy,Butter,Dairy Fresh Cooperative,PO-40853,INV-58434,LOT-260618-50,7.0,block,116.86,818.02,Main Kitchen Cooler,R. Patel,2026-08-02,
TXN-100279,2026-06-18,11:29,stock_in,PRD-2212,"Bell Peppers, Mixed",Produce,Vegetables,Green Valley Produce Co.,PO-40466,INV-58888,LOT-260618-36,3.0,CASE,25.64,76.92,Main Kitchen Cooler,R. Patel,2026-06-27,
TXN-100280,2026-06-18,20:54,stock_in,PRD-7706,Duck Breast,Meat,Poultry,Metro Meat & Poultry,PO-40354,INV-58464,LOT-260618-60,14.46,lb,12.71,183.79,Main Kitchen Cooler,C. Romero,2026-06-23,Short delivery vs PO — see delivery receipt
TXN-100281,2026-06-18,13:47,transfer,PRD-8805,Canola Oil,Dry Goods,Oils,Pantry Staples Wholesale,,,,2.0,case (4x1gal),41.74,83.48,Main Kitchen Cooler,L. Kim,,Transferred to Prep Station Fridge
TXN-100282,2026-06-18,20:25,stock_in,PRD-5521,"Free-Range Eggs, Large",Dairy,Eggs,Dairy Fresh Cooperative,PO-40760,INV-58186,LOT-260618-84,4.0,CASE,47.78,191.12,Main Kitchen Cooler,C. Romero,2026-07-16,
TXN-100283,2026-06-18,07:57,waste,PRD-9901,Sourdough Loaf,Bakery,Bread,Sunrise Bakery Supply,,,,-2.0,each,3.94,-7.88,Dry Storage Room,D. Alvarez,,Spoilage
TXN-100284,2026-06-18,10:31,waste,PRD-8807,Dried Penne Pasta,Dry Goods,Grains,Pantry Staples Wholesale,,,,-1.0,case (12x1lb),20.38,-20.38,Dry Storage Room,J. Nguyen,,Dropped/contaminated
TXN-100285,2026-06-18,14:39,stock_in,PRD-2212,"Bell Peppers, Mixed",Produce,Vegetables,Green Valley Produce Co.,PO-40521,INV-58663,LOT-260618-71,3.0,case,26.41,79.23,Main Kitchen Cooler,D. Alvarez,2026-06-27,
TXN-100286,2026-06-18,18:34,stock_out,PRD-6634,Unsalted Butter,Dairy,Butter,Dairy Fresh Cooperative,,,,-3.0,block,128.21,-384.63,Main Kitchen Cooler,L. Kim,,
TXN-100287,2026-06-18,13:20,transfer,PRD-8802,Granulated Sugar,Dry Goods,Baking,Pantry Staples Wholesale,,,,2.0,50LB BAG,22.64,45.28,Walk-In Freezer,C. Romero,,Transferred to Prep Station Fridge
TXN-100288,2026-06-18,18:37,stock_out,PRD-9903,"Croissants, Unbaked Frozen",Bakery,Pastry,Sunrise Bakery Supply,,,,-4.0,case (72ct),68.85,-275.4,Walk-In Freezer,D. Alvarez,,
TXN-100289,2026-06-18,08:36,waste,PRD-2207,Yukon Gold Potatoes,Produce,Root Vegetables,Green Valley Produce Co.,,,,-2.0,sack,29.33,-58.66,Dry Storage Room,M. Osei,,Quality reject
TXN-100290,2026-06-18,17:22,waste,PRD-7705,NY Strip Steak,Meat,Beef,Metro Meat & Poultry,,,,-4.59,lb,14.24,-65.36,Main Kitchen Cooler,T. Fischer,,Dropped/contaminated
TXN-100291,2026-06-19,07:31,stock_out,BEV-1001," Cola Syrup, 5 Gal BIB ",Beverage,Soft Drinks,BevCo Beverage Distribution,,,,-1.0,each,57.6,-57.6,Bar Storage,C. Romero,,
TXN-100292,2026-06-19,07:21,stock_in,PRD-1105,"Mussels, Live",Seafood,Shellfish,Harborline Seafood Distributors,PO-40431,INV-58160,LOT-260619-12,29.24,lb,6.3,184.21,Main Kitchen Cooler,J. Nguyen,2026-06-21,
TXN-100293,2026-06-19,16:25,stock_out,PRD-2208,Roma Tomatoes,Produce,Vegetables,Green Valley Produce Co.,,,,-3.0,case,31.16,-93.48,Main Kitchen Cooler,M. Osei,,
TXN-100294,2026-06-19,07:45,stock_out,BEV-1001,"Cola Syrup, 5 Gal BIB",Beverage,Soft Drinks,BevCo Beverage Distribution,,,,-4.0,each,63.92,-255.68,Bar Storage,C. Romero,,
TXN-100295,2026-06-19,17:44,stock_out,PRD-3316,Whole Milk,Dairy,Cream & Milk,Dairy Fresh Cooperative,,,,-4.77,gal,3.98,-18.98,Main Kitchen Cooler,D. Alvarez,,
TXN-100296,2026-06-19,14:20,stock_in,PRD-2213,Avocados,Produce,Fruit,Green Valley Produce Co.,PO-40326,INV-58754,LOT-260619-82,7.0,case,39.23,274.61,Main Kitchen Cooler,D. Alvarez,2026-06-24,
TXN-100297,2026-06-19,07:52,stock_out,PRD-3315,Heavy Cream 40%,Dairy,Cream & Milk,Dairy Fresh Cooperative,,,,-10.78,gal,9.97,-107.48,Main Kitchen Cooler,M. Osei,,
TXN-100298,2026-06-19,18:06,stock_out,PRD-2208,Roma Tomatoes,Produce,Vegetables,Green Valley Produce Co.,,,,-3.0,case,29.69,-89.07,Main Kitchen Cooler,R. Patel,,
TXN-100299,2026-06-19,09:34,transfer,BEV-1001,"Cola Syrup, 5 Gal BIB",Beverage,Soft Drinks,BevCo Beverage Distribution,,,,2.0,each,64.86,129.72,Prep Station Fridge,C. Romero,,Transferred to Prep Station Fridge
TXN-100300,2026-06-19,08:06,stock_in,PRD-7703,Pork Tenderloin,Meat,Pork,Metro Meat & Poultry,PO-40484,INV-58264,LOT-260619-19,4.82,lb,6.39,30.8,Main Kitchen Cooler,C. Romero,2026-06-24,
TXN-100301,2026-06-19,16:10,stock_out,PRD-1103,"Jumbo Shrimp, Peeled",Seafood,Shellfish,Harborline Seafood Distributors,,,,-9.31,LB,14.64,-136.3,Main Kitchen Cooler,D. Alvarez,,
TXN-100302,2026-06-19,17:34,stock_out,BEV-1005,"Draft Beer Keg, Lager",Beverage,Beer,BevCo Beverage Distribution,,,,-2.0,KEG,139.93,-279.86,Bar Storage,J. Nguyen,,
TXN-100303,2026-06-19,09:00,stock_in,BEV-1001,"Cola Syrup, 5 Gal BIB",Beverage,Soft Drinks,BevCo Beverage Distribution,PO-40777,INV-58740,LOT-260619-86,4.0,each,59.96,239.84,Bar Storage,R. Patel,2026-12-16,Received in good condition
TXN-100304,2026-06-19,10:30,stock_out,PRD-2211,"Garlic, Peeled",Produce,Aromatics,Green Valley Produce Co.,,,,-7.59,lb,6.56,-49.79,Main Kitchen Cooler,D. Alvarez,,
TXN-100305,2026-06-19,11:02,stock_out,PRD-8804,"Olive Oil, Extra Virgin",Dry Goods,Oils,Pantry Staples Wholesale,,,,-2.0,case (6x1L),57.68,-115.36,Dry Storage Room,J. Nguyen,,
TXN-100306,2026-06-19,09:51,stock_in,PRD-2210,Romaine Lettuce,Produce,Leafy Greens,Green Valley Produce Co.,PO-40703,INV-58332,LOT-260619-80,5.0,case,26.61,133.05,Main Kitchen Cooler,D. Alvarez,2026-06-24,
TXN-100307,2026-06-19,08:30,stock_out,PRD-9903,"Croissants, Unbaked Frozen",Bakery,Pastry,Sunrise Bakery Supply,,,,-2.0,case (72ct),62.92,-125.84,Walk-In Freezer,L. Kim,,
TXN-100308,2026-06-20,14:09,stock_out,PRD-2213,Avocados,Produce,Fruit,Green Valley Produce Co.,,,,-1.0,case,38.0,-38.0,Main Kitchen Cooler,J. Nguyen,,
TXN-100309,2026-06-20,10:05,stock_in,PRD-3317,Shredded Mozzarella,Dairy,Cheese,Dairy Fresh Cooperative,PO-40742,INV-58251,LOT-260620-86,39.55,lb,5.54,219.11,Main Kitchen Cooler,M. Osei,2026-07-11,
TXN-100310,2026-06-20,08:33,stock_out,BEV-1005,"Draft Beer Keg, Lager",Beverage,Beer,BevCo Beverage Distribution,,,,-2.0,keg,153.66,-307.32,Bar Storage,L. Kim,,
TXN-100311,2026-06-20,07:36,stock_out,PRD-2211,"Garlic, Peeled",Produce,Aromatics,Green Valley Produce Co.,,,,-9.03,lb,6.66,-60.14,Main Kitchen Cooler,D. Alvarez,,
TXN-100312,2026-06-20,09:56,transfer,PRD-7703,Pork Tenderloin,Meat,Pork,Metro Meat & Poultry,,,,3.05,LB,6.92,21.11,Prep Station Fridge,C. Romero,,Transferred to Walk-In Freezer
TXN-100313,2026-06-20,10:02,stock_out,PRD-7706,Duck Breast,Meat,Poultry,Metro Meat & Poultry,,,,-6.24,lb,14.42,-89.98,Main Kitchen Cooler,T. Fischer,,
TXN-100314,2026-06-20,20:50,stock_in,PRD-8803,Kosher Salt,Dry Goods,Seasoning,Pantry Staples Wholesale,PO-40603,INV-58812,LOT-260620-97,3.0,25lb bag,10.61,31.83,Dry Storage Room,D. Alvarez,2029-06-19,
TXN-100315,2026-06-20,10:38,stock_in,PRD-7705,NY Strip Steak,Meat,Beef,Metro Meat & Poultry,PO-40316,INV-58516,LOT-260620-72,26.53,LB,14.63,388.13,Main Kitchen Cooler,L. Kim,2026-06-26,
TXN-100316,2026-06-20,18:54,stock_out,BEV-1002,Sparkling Water Cans,Beverage,Water,BevCo Beverage Distribution,,,,-3.0,case (24ct),14.56,-43.68,Bar Storage,J. Nguyen,,
TXN-100317,2026-06-20,06:58,stock_in,PRD-6634,Unsalted Butter,Dairy,Butter,Dairy Fresh Cooperative,PO-40477,INV-58575,LOT-260620-74,4.0,BLOCK,113.18,452.72,Main Kitchen Cooler,R. Patel,2026-08-04,
TXN-100318,2026-06-20,11:37,adjustment,PRD-3316,Whole Milk,Dairy,Cream & Milk,Dairy Fresh Cooperative,,,,0.31,gal,4.1,1.27,Main Kitchen Cooler,L. Kim,,Recount after audit
TXN-100319,2026-06-20,20:36,stock_in,PRD-8804,"Olive Oil, Extra Virgin",Dry Goods,Oils,Pantry Staples Wholesale,PO-40326,INV-58762,LOT-260620-38,6.0,case (6x1L),55.35,332.1,Dry Storage Room,T. Fischer,2027-06-20,
TXN-100320,2026-06-20,07:41,stock_out,PRD-1102,Atlantic Salmon Fillet,Seafood,Finfish,Coastal Farms & Purveyors Ltd.,,,,-3.01,lb,11.79,-35.49,Main Kitchen Cooler,J. Nguyen,,
TXN-100321,2026-06-20,10:54,stock_out,PRD-7702,Ground Beef 80/20,Meat,Beef,Metro Meat & Poultry,,,,-5.56,lb,5.71,-31.75,Main Kitchen Cooler,R. Patel,,
TXN-100322,2026-06-20,13:42,stock_in,PRD-2214,Lemons,Produce,Fruit,Green Valley Produce Co.,PO-40674,INV-58762,LOT-260620-86,8.0,case,30.57,244.56,Main Kitchen Cooler,C. Romero,2026-07-04,
TXN-100323,2026-06-20,08:41,transfer,PRD-7705,NY Strip Steak,Meat,Beef,Metro Meat & Poultry,,,,4.56,lb,14.63,66.71,Bar Storage,C. Romero,,Transferred to Prep Station Fridge
TXN-100324,2026-06-20,09:43,stock_out,PRD-7706,Duck Breast,Meat,Poultry,Metro Meat & Poultry,,,,-2.53,lb,12.57,-31.8,Main Kitchen Cooler,R. Patel,,
TXN-100325,2026-06-20,14:45,stock_out,PRD-8804,"Olive Oil, Extra Virgin",Dry Goods,Oils,Pantry Staples Wholesale,,,,-4.0,case (6x1L),60.93,-243.72,Dry Storage Room,M. Osei,,
TXN-100326,2026-06-20,16:22,transfer,PRD-9903,"Croissants, Unbaked Frozen",Bakery,Pastry,Sunrise Bakery Supply,,,,2.0,case (72ct),67.49,134.98,Dry Storage Room,C. Romero,,Transferred to Prep Station Fridge
TXN-100327,2026-06-20,07:43,waste,BEV-1005,"Draft Beer Keg, Lager",Beverage,Beer,BevCo Beverage Distribution,,,,-2.0,keg,148.58,-297.16,Bar Storage,J. Nguyen,,Dropped/contaminated
TXN-100328,2026-06-20,14:18,stock_out,PRD-8801,All-Purpose Flour,Dry Goods,Baking,Pantry Staples Wholesale,,,,-2.0,50lb bag,20.65,-41.3,Dry Storage Room,D. Alvarez,,
TXN-100329,2026-06-20,08:32,stock_out,PRD-2208,Roma Tomatoes,Produce,Vegetables,Green Valley Produce Co.,,,,-1.0,case,32.93,-32.93,Main Kitchen Cooler,C. Romero,,
TXN-100330,2026-06-20,09:26,adjustment,PRD-4410,Organic Baby Spinach,Produce,Leafy Greens,Green Valley Produce Co.,,,,2.92,case,15.09,44.06,Main Kitchen Cooler,R. Patel,,System entry error
TXN-100331,2026-06-20,07:20,stock_out,BEV-1001,"Cola Syrup, 5 Gal BIB",Beverage,Soft Drinks,BevCo Beverage Distribution,,,,-3.0,each,57.09,-171.27,Bar Storage,M. Osei,,
TXN-100332,2026-06-20,18:49,stock_out,PRD-3315,Heavy Cream 40%,Dairy,Cream & Milk,Dairy Fresh Cooperative,,,,-1.78,gal,9.93,-17.68,Main Kitchen Cooler,T. Fischer,,
TXN-100333,2026-06-20,08:46,stock_in,PRD-1102,Atlantic Salmon Fillet,Seafood,Finfish,Coastal Farms & Purveyors Ltd.,PO-40429,INV-58875,LOT-260620-77,16.18,LB,10.38,167.95,Main Kitchen Cooler,J. Nguyen,2026-06-26,Short delivery vs PO — see delivery receipt
TXN-100334,2026-06-21,10:32,stock_in,PRD-7704,"Bacon, Sliced",Meat,Pork,Metro Meat & Poultry,PO-40146,INV-58405,LOT-260621-47,24.37,lb,6.82,166.2,Main Kitchen Cooler,R. Patel,2026-07-05,
TXN-100335,2026-06-21,11:22,adjustment,PRD-8801,All-Purpose Flour,Dry Goods,Baking,Pantry Staples Wholesale,,,,1.5,50LB BAG,20.82,31.23,Dry Storage Room,L. Kim,,Unit conversion fix
TXN-100336,2026-06-21,14:32,stock_out,PRD-3318,Parmesan Wheel,Dairy,Cheese,Dairy Fresh Cooperative,,,,-2.95,lb,12.62,-37.23,Main Kitchen Cooler,T. Fischer,,
TXN-100337,2026-06-21,14:03,stock_out,BEV-1004,House White Wine,Beverage,Wine,BevCo Beverage Distribution,,,,-3.0,CASE (12X750ML),92.21,-276.63,Bar Storage,D. Alvarez,,
TXN-100338,2026-06-21,11:44,stock_out,PRD-2211,"Garlic, Peeled",Produce,Aromatics,Green Valley Produce Co.,,,,-2.72,LB,6.6,-17.95,Main Kitchen Cooler,T. Fischer,,
TXN-100339,2026-06-21,14:44,stock_in,BEV-1003,House Red Wine,Beverage,Wine,BevCo Beverage Distribution,PO-40207,INV-58623,LOT-260621-89,2.0,case (12x750ml),101.08,202.16,Bar Storage,D. Alvarez,2028-06-20,
TXN-100340,2026-06-21,09:45,adjustment,BEV-1003,House Red Wine,Beverage,Wine,BevCo Beverage Distribution,,,,-0.54,case (12x750ml),90.78,-49.02,Bar Storage,C. Romero,,Unit conversion fix
TXN-100341,2026-06-21,16:05,stock_in,PRD-6634,Unsalted Butter,Dairy,Butter,Dairy Fresh Cooperative,PO-40785,INV-58605,LOT-260621-29,7.0,block,125.28,876.96,Main Kitchen Cooler,D. Alvarez,2026-08-05,
TXN-100342,2026-06-21,08:16,adjustment,PRD-9902,Brioche Burger Buns,Bakery,Bread,Sunrise Bakery Supply,,,,-0.21,case (48ct),26.68,-5.6,Dry Storage Room,J. Nguyen,,Cycle count correction
TXN-100343,2026-06-21,07:54,stock_out,PRD-8807,Dried Penne Pasta,Dry Goods,Grains,Pantry Staples Wholesale,,,,-3.0,case (12x1lb),18.36,-55.08,Dry Storage Room,L. Kim,,
TXN-100344,2026-06-21,08:56,adjustment,PRD-9901,Sourdough Loaf,Bakery,Bread,Sunrise Bakery Supply,,,,1.4,EACH,3.67,5.14,Dry Storage Room,M. Osei,,System entry error
TXN-100345,2026-06-21,11:51,stock_out,PRD-8804,"Olive Oil, Extra Virgin",Dry Goods,Oils,Pantry Staples Wholesale,,,,-2.0,CASE (6X1L),61.58,-123.16,Dry Storage Room,J. Nguyen,,
TXN-100346,2026-06-21,14:30,stock_in,PRD-3315,Heavy Cream 40%,Dairy,Cream & Milk,Dairy Fresh Cooperative,PO-40285,INV-58725,LOT-260621-58,32.49,gal,10.03,325.87,Main Kitchen Cooler,L. Kim,2026-07-01,Received in good condition
TXN-100347,2026-06-21,11:07,stock_out,PRD-4410,Organic Baby Spinach,Produce,Leafy Greens,Green Valley Produce Co.,,,,-4.0,case,14.07,-56.28,Main Kitchen Cooler,D. Alvarez,,
TXN-100348,2026-06-21,14:46,waste,BEV-1003,House Red Wine,Beverage,Wine,BevCo Beverage Distribution,,,,-2.0,case (12x750ml),103.34,-206.68,Bar Storage,T. Fischer,,Quality reject
TXN-100349,2026-06-21,17:15,stock_out,PRD-2210,Romaine Lettuce,Produce,Leafy Greens,Green Valley Produce Co.,,,,-2.0,case,25.4,-50.8,Main Kitchen Cooler,T. Fischer,,
TXN-100350,2026-06-21,16:59,stock_in,PRD-1105,"Mussels, Live",Seafood,Shellfish,Harborline Seafood Distributors,PO-40607,INV-58269,LOT-260621-19,7.96,lb,6.23,49.59,Main Kitchen Cooler,L. Kim,2026-06-23,
TXN-100351,2026-06-21,08:05,stock_out,PRD-8804,"Olive Oil, Extra Virgin",Dry Goods,Oils,Pantry Staples Wholesale,,,,-2.0,CASE (6X1L),60.8,-121.6,Dry Storage Room,R. Patel,,
TXN-100352,2026-06-21,06:06,stock_out,BEV-1001,"Cola Syrup, 5 Gal BIB",Beverage,Soft Drinks,BevCo Beverage Distribution,,,,-2.0,EACH,57.4,-114.8,Bar Storage,C. Romero,,
TXN-100353,2026-06-22,13:13,transfer,PRD-7704,"Bacon, Sliced",Meat,Pork,Metro Meat & Poultry,,,,4.27,lb,7.72,32.96,Prep Station Fridge,M. Osei,,Transferred to Bar Storage
TXN-100354,2026-06-22,17:42,stock_out,PRD-1105,"Mussels, Live",Seafood,Shellfish,Harborline Seafood Distributors,,,,-5.77,lb,5.86,-33.81,Main Kitchen Cooler,D. Alvarez,,
TXN-100355,2026-06-22,09:44,stock_out,PRD-7703,Pork Tenderloin,Meat,Pork,Metro Meat & Poultry,,,,-2.04,lb,7.18,-14.65,Main Kitchen Cooler,R. Patel,,
TXN-100356,2026-06-22,08:12,stock_in,PRD-2210,Romaine Lettuce,Produce,Leafy Greens,Green Valley Produce Co.,PO-40320,INV-58568,LOT-260622-34,2.0,CASE,26.14,52.28,Main Kitchen Cooler,T. Fischer,2026-06-27,
TXN-100357,2026-06-22,11:29,waste,PRD-2211,"Garlic, Peeled",Produce,Aromatics,Green Valley Produce Co.,,,,-3.36,LB,6.87,-23.08,Main Kitchen Cooler,J. Nguyen,,Expired
TXN-100358,2026-06-22,11:59,waste,PRD-8807,Dried Penne Pasta,Dry Goods,Grains,Pantry Staples Wholesale,,,,-2.0,case (12x1lb),21.13,-42.26,Dry Storage Room,J. Nguyen,,Damaged in delivery
TXN-100359,2026-06-22,14:56,stock_out,PRD-8804,"Olive Oil, Extra Virgin",Dry Goods,Oils,Pantry Staples Wholesale,,,,-2.0,case (6x1L),61.54,-123.08,Dry Storage Room,R. Patel,,
TXN-100360,2026-06-22,09:18,stock_out,PRD-7702,Ground Beef 80/20,Meat,Beef,Metro Meat & Poultry,,,,-7.07,lb,5.6,-39.59,Main Kitchen Cooler,R. Patel,,
TXN-100361,2026-06-22,17:47,transfer,BEV-1005,"Draft Beer Keg, Lager",Beverage,Beer,BevCo Beverage Distribution,,,,3.0,keg,138.06,414.18,Dry Storage Room,C. Romero,,Transferred to Main Kitchen Cooler
TXN-100362,2026-06-22,17:40,stock_out,PRD-3316,Whole Milk,Dairy,Cream & Milk,Dairy Fresh Cooperative,,,,-5.17,gal,3.94,-20.37,Main Kitchen Cooler,M. Osei,,
TXN-100363,2026-06-22,20:34,stock_out,PRD-8806,Basmati Rice,Dry Goods,Grains,Pantry Staples Wholesale,,,,-2.0,25LB BAG,29.29,-58.58,Dry Storage Room,L. Kim,,
TXN-100364,2026-06-22,08:17,stock_out,PRD-2207,Yukon Gold Potatoes,Produce,Root Vegetables,Green Valley Produce Co.,,,,-3.0,sack,26.48,-79.44,Dry Storage Room,M. Osei,,
TXN-100365,2026-06-22,13:02,stock_in,PRD-7703,Pork Tenderloin,Meat,Pork,Metro Meat & Poultry,PO-40730,INV-58791,LOT-260622-81,15.63,lb,6.7,104.72,Main Kitchen Cooler,L. Kim,2026-06-27,
TXN-100366,2026-06-22,06:59,stock_out,PRD-7703,Pork Tenderloin,Meat,Pork,Metro Meat & Poultry,,,,-6.03,lb,6.66,-40.16,Main Kitchen Cooler,L. Kim,,
TXN-100367,2026-06-22,08:39,stock_out,PRD-1102,Atlantic Salmon Fillet,Seafood,Finfish,Coastal Farms & Purveyors Ltd.,,,,-13.1,lb,11.9,-155.89,Main Kitchen Cooler,R. Patel,,
TXN-100368,2026-06-22,13:47,waste,PRD-8803,Kosher Salt,Dry Goods,Seasoning,Pantry Staples Wholesale,,,,-2.0,25lb bag,11.49,-22.98,Dry Storage Room,J. Nguyen,,Dropped/contaminated
TXN-100369,2026-06-22,07:24,stock_out,PRD-3316,Whole Milk,Dairy,Cream & Milk,Dairy Fresh Cooperative,,,,-1.09,gal,4.05,-4.41,Main Kitchen Cooler,M. Osei,,
TXN-100370,2026-06-23,07:02,stock_out,PRD-9902,Brioche Burger Buns,Bakery,Bread,Sunrise Bakery Supply,,,,-1.0,case (48ct),27.69,-27.69,Dry Storage Room,D. Alvarez,,
TXN-100371,2026-06-23,14:35,stock_out,PRD-7704,"Bacon, Sliced",Meat,Pork,Metro Meat & Poultry,,,,-5.69,lb,7.53,-42.85,Main Kitchen Cooler,M. Osei,,
TXN-100372,2026-06-23,13:34,stock_in,BEV-1002,Sparkling Water Cans,Beverage,Water,BevCo Beverage Distribution,PO-40318,INV-58779,LOT-260623-52,4.0,case (24ct),14.05,56.2,Bar Storage,M. Osei,2027-06-23,
TXN-100373,2026-06-23,09:28,stock_in,PRD-1102,Atlantic Salmon Fillet,Seafood,Finfish,Coastal Farms & Purveyors Ltd.,PO-40736,INV-58349,LOT-260623-15,11.13,lb,11.51,128.11,Main Kitchen Cooler,T. Fischer,2026-06-29,
TXN-100374,2026-06-23,13:52,stock_in,PRD-7703,Pork Tenderloin,Meat,Pork,Metro Meat & Poultry,PO-40620,INV-58556,LOT-260623-72,31.28,lb,6.77,211.77,Main Kitchen Cooler,D. Alvarez,2026-06-28,
TXN-100375,2026-06-23,16:04,stock_out,BEV-1004,House White Wine,Beverage,Wine,BevCo Beverage Distribution,,,,-2.0,case (12x750ml),91.87,-183.74,Bar Storage,J. Nguyen,,
TXN-100376,2026-06-23,17:49,waste,BEV-1004,House White Wine,Beverage,Wine,BevCo Beverage Distribution,,,,-1.0,case (12x750ml),94.56,-94.56,Bar Storage,,,Damaged in delivery
TXN-100377,2026-06-23,06:11,stock_in,PRD-1104,Sea Scallops U-10,Seafood,Shellfish,Harborline Seafood Distributors,PO-40688,INV-58333,LOT-260623-43,32.18,lb,22.71,730.81,Main Kitchen Cooler,,2026-06-27,
TXN-100378,2026-06-23,17:39,stock_in,BEV-1004,House White Wine,Beverage,Wine,BevCo Beverage Distribution,PO-40146,INV-58817,LOT-260623-19,1.0,case (12x750ml),93.54,93.54,Bar Storage,M. Osei,2028-06-22,
TXN-100379,2026-06-23,20:42,stock_out,PRD-9901,Sourdough Loaf,Bakery,Bread,Sunrise Bakery Supply,,,,-1.0,each,3.54,-3.54,Dry Storage Room,J. Nguyen,,
TXN-100380,2026-06-23,16:09,stock_in,BEV-1004,House White Wine,Beverage,Wine,BevCo Beverage Distribution,PO-40846,INV-58763,LOT-260623-57,3.0,case (12x750ml),95.57,286.71,Bar Storage,,2028-06-22,
TXN-100381,2026-06-23,07:19,stock_out,BEV-1004,House White Wine,Beverage,Wine,BevCo Beverage Distribution,,,,-2.0,case (12x750ml),93.48,-186.96,Bar Storage,T. Fischer,,
TXN-100382,2026-06-23,07:14,stock_in,BEV-1002,Sparkling Water Cans,Beverage,Water,BevCo Beverage Distribution,PO-40217,INV-58285,LOT-260623-95,5.0,case (24ct),13.83,69.15,Bar Storage,L. Kim,2027-06-23,
TXN-100383,2026-06-24,16:04,stock_in,BEV-1005,"Draft Beer Keg, Lager",Beverage,Beer,BevCo Beverage Distribution,PO-40694,INV-58598,LOT-260624-52,3.0,KEG,137.98,413.94,Bar Storage,M. Osei,2026-08-08,
TXN-100384,2026-06-24,09:39,stock_out,PRD-7705,NY Strip Steak,Meat,Beef,Metro Meat & Poultry,,,,-10.06,lb,15.88,-159.75,Main Kitchen Cooler,J. Nguyen,,
TXN-100385,2026-06-24,09:15,stock_in,PRD-8807,Dried Penne Pasta,Dry Goods,Grains,Pantry Staples Wholesale,PO-40756,INV-58546,LOT-260624-45,6.0,case (12x1lb),20.47,122.82,Dry Storage Room,L. Kim,2028-06-23,
TXN-100386,2026-06-24,07:11,stock_out,PRD-7704,"Bacon, Sliced",Meat,Pork,Metro Meat & Poultry,,,,-9.86,lb,6.72,-66.26,Main Kitchen Cooler,M. Osei,,
TXN-100387,2026-06-24,16:04,stock_out,PRD-7701,"Chicken Breast, Boneless",Meat,Poultry,Metro Meat & Poultry,,,,-11.05,lb,5.15,-56.91,Main Kitchen Cooler,L. Kim,,
TXN-100388,2026-06-24,08:58,waste,PRD-8805,Canola Oil,Dry Goods,Oils,Pantry Staples Wholesale,,,,-1.0,case (4x1gal),40.39,-40.39,Dry Storage Room,C. Romero,,Expired
TXN-100389,2026-06-24,08:08,stock_out,PRD-2214,Lemons,Produce,Fruit,Green Valley Produce Co.,,,,-2.0,case,29.05,-58.1,Main Kitchen Cooler,,,
TXN-100390,2026-06-24,18:32,stock_out,PRD-1105,"Mussels, Live",Seafood,Shellfish,Harborline Seafood Distributors,,,,-2.54,lb,5.58,-14.17,Main Kitchen Cooler,C. Romero,,
TXN-100391,2026-06-24,06:14,adjustment,PRD-9903,"Croissants, Unbaked Frozen",Bakery,Pastry,Sunrise Bakery Supply,,,,1.57,case (72ct),61.25,96.16,Walk-In Freezer,M. Osei,,Recount after audit
TXN-100392,2026-06-24,11:56,stock_out,PRD-8803,Kosher Salt,Dry Goods,Seasoning,Pantry Staples Wholesale,,,,-1.0,25LB BAG,11.85,-11.85,Dry Storage Room,M. Osei,,
TXN-100393,2026-06-24,08:37,waste,PRD-7702,Ground Beef 80/20,Meat,Beef,Metro Meat & Poultry,,,,-2.81,lb,5.64,-15.85,Main Kitchen Cooler,T. Fischer,,Expired
TXN-100394,2026-06-24,08:33,stock_in,BEV-1003,House Red Wine,Beverage,Wine,BevCo Beverage Distribution,PO-40453,INV-58598,LOT-260624-71,4.0,case (12x750ml),100.87,403.48,Bar Storage,C. Romero,2028-06-23,Short delivery vs PO — see delivery receipt
TXN-100395,2026-06-24,08:09,stock_out,BEV-1002,Sparkling Water Cans,Beverage,Water,BevCo Beverage Distribution,,,,-2.0,case (24ct),14.08,-28.16,Bar Storage,T. Fischer,,
TXN-100396,2026-06-24,11:43,stock_out,PRD-8801,All-Purpose Flour,Dry Goods,Baking,Pantry Staples Wholesale,,,,-2.0,50lb bag,20.98,-41.96,Dry Storage Room,J. Nguyen,,
TXN-100397,2026-06-24,07:08,stock_out,PRD-4410,Organic Baby Spinach,Produce,Leafy Greens,Green Valley Produce Co.,,,,-3.0,case,13.15,-39.45,Main Kitchen Cooler,C. Romero,,
TXN-100398,2026-06-24,14:36,adjustment,BEV-1003,House Red Wine,Beverage,Wine,BevCo Beverage Distribution,,,,0.83,case (12x750ml),101.81,84.5,Bar Storage,T. Fischer,,Recount after audit
TXN-100399,2026-06-24,07:14,transfer,PRD-9903,"Croissants, Unbaked Frozen",Bakery,Pastry,Sunrise Bakery Supply,,,,3.0,case (72ct),67.02,201.06,Dry Storage Room,L. Kim,,Transferred to Prep Station Fridge
TXN-100400,2026-06-24,14:37,transfer,PRD-8801,All-Purpose Flour,Dry Goods,Baking,Pantry Staples Wholesale,,,,1.0,50lb bag,21.6,21.6,Prep Station Fridge,D. Alvarez,,Transferred to Bar Storage
TXN-100401,2026-06-25,07:30,stock_out,PRD-2212,"Bell Peppers, Mixed",Produce,Vegetables,Green Valley Produce Co.,,,,-4.0,case,27.74,-110.96,Main Kitchen Cooler,L. Kim,,
TXN-100402,2026-06-25,13:52,transfer,PRD-4410,Organic Baby Spinach,Produce,Leafy Greens,Green Valley Produce Co.,,,,1.0,case,14.25,14.25,Prep Station Fridge,M. Osei,,Transferred to Bar Storage
TXN-100403,2026-06-25,10:22,waste,PRD-9903,"Croissants, Unbaked Frozen",Bakery,Pastry,Sunrise Bakery Supply,,,,-2.0,case (72ct),66.47,-132.94,Walk-In Freezer,L. Kim,,Quality reject
TXN-100404,2026-06-25,20:05,waste,PRD-9903,"Croissants, Unbaked Frozen",Bakery,Pastry,Sunrise Bakery Supply,,,,-1.0,case (72ct),67.86,-67.86,Walk-In Freezer,R. Patel,,Dropped/contaminated
TXN-100405,2026-06-25,13:00,stock_out,PRD-2213,Avocados,Produce,Fruit,Green Valley Produce Co.,,,,-2.0,case,34.78,-69.56,Main Kitchen Cooler,L. Kim,,
TXN-100406,2026-06-25,20:34,stock_in,PRD-2214,Lemons,Produce,Fruit,Green Valley Produce Co.,PO-40382,INV-58796,LOT-260625-60,4.0,case,28.38,113.52,Main Kitchen Cooler,L. Kim,2026-07-09,
TXN-100407,2026-06-25,08:36,stock_in,PRD-9903,"Croissants, Unbaked Frozen",Bakery,Pastry,Sunrise Bakery Supply,PO-40853,INV-58241,LOT-260625-94,3.0,case (72ct),66.1,198.3,Walk-In Freezer,D. Alvarez,2026-09-23,
TXN-100408,2026-06-25,18:35,waste,PRD-8805,Canola Oil,Dry Goods,Oils,Pantry Staples Wholesale,,,,-2.0,case (4x1gal),43.24,-86.48,Dry Storage Room,D. Alvarez,,Prep trim loss
TXN-100409,2026-06-25,14:27,stock_out,PRD-2212,"Bell Peppers, Mixed",Produce,Vegetables,Green Valley Produce Co.,,,,-1.0,CASE,26.27,-26.27,Main Kitchen Cooler,M. Osei,,
TXN-100410,2026-06-25,13:18,stock_out,PRD-8805,Canola Oil,Dry Goods,Oils,Pantry Staples Wholesale,,,,-3.0,case (4x1gal),42.66,-127.98,Dry Storage Room,L. Kim,,
TXN-100411,2026-06-25,18:33,transfer,PRD-3317,Shredded Mozzarella,Dairy,Cheese,Dairy Fresh Cooperative,,,,2.43,lb,5.85,14.22,Dry Storage Room,C. Romero,,Transferred to Prep Station Fridge
TXN-100412,2026-06-25,07:17,adjustment,PRD-1102,Atlantic Salmon Fillet,Seafood,Finfish,Coastal Farms & Purveyors Ltd.,,,,1.68,lb,10.99,18.46,Main Kitchen Cooler,R. Patel,,Unit conversion fix
TXN-100413,2026-06-25,13:18,transfer,PRD-2208,Roma Tomatoes,Produce,Vegetables,Green Valley Produce Co.,,,,2.0,case,31.22,62.44,Bar Storage,L. Kim,,Transferred to Main Kitchen Cooler
TXN-100414,2026-06-25,08:11,stock_out,PRD-8805,Canola Oil,Dry Goods,Oils,Pantry Staples Wholesale,,,,-2.0,case (4x1gal),39.36,-78.72,Dry Storage Room,D. Alvarez,,
TXN-100415,2026-06-26,20:50,transfer,PRD-7701,"Chicken Breast, Boneless",Meat,Poultry,Metro Meat & Poultry,,,,3.87,lb,5.21,20.16,Prep Station Fridge,C. Romero,,Transferred to Walk-In Freezer
TXN-100416,2026-06-26,14:55,stock_out,PRD-9902,Brioche Burger Buns,Bakery,Bread,Sunrise Bakery Supply,,,,-1.0,case (48ct),26.75,-26.75,Dry Storage Room,D. Alvarez,,
TXN-100417,2026-06-26,10:22,waste,PRD-5521,"Free-Range Eggs, Large",Dairy,Eggs,Dairy Fresh Cooperative,,,,-2.0,case,43.13,-86.26,Main Kitchen Cooler,L. Kim,,Dropped/contaminated
TXN-100418,2026-06-26,07:30,stock_in,PRD-8801,All-Purpose Flour,Dry Goods,Baking,Pantry Staples Wholesale,PO-40687,INV-58375,LOT-260626-33,3.0,50lb bag,21.01,63.03,Dry Storage Room,T. Fischer,2027-06-26,
TXN-100419,2026-06-26,08:53,stock_in,PRD-7701,"Chicken Breast, Boneless",Meat,Poultry,Metro Meat & Poultry,PO-40259,INV-58897,LOT-260626-23,11.49,lb,4.94,56.76,Main Kitchen Cooler,D. Alvarez,2026-06-30,
TXN-100420,2026-06-26,20:30,adjustment,BEV-1004,House White Wine,Beverage,Wine,BevCo Beverage Distribution,,,,-0.77,case (12x750ml),87.34,-67.25,Bar Storage,C. Romero,,Recount after audit
TXN-100421,2026-06-26,18:36,stock_out,PRD-7702,Ground Beef 80/20,Meat,Beef,Metro Meat & Poultry,,,,-2.36,lb,5.97,-14.09,Main Kitchen Cooler,R. Patel,,
TXN-100422,2026-06-26,18:11,transfer,PRD-8805,Canola Oil,Dry Goods,Oils,Pantry Staples Wholesale,,,,2.0,case (4x1gal),43.33,86.66,Main Kitchen Cooler,,,Transferred to Main Kitchen Cooler
TXN-100423,2026-06-26,09:39,stock_in,PRD-2214,Lemons,Produce,Fruit,Green Valley Produce Co.,PO-40369,INV-58342,LOT-260626-44,7.0,case,27.55,192.85,Main Kitchen Cooler,R. Patel,2026-07-10,
TXN-100424,2026-06-26,10:17,stock_out,PRD-8803,Kosher Salt,Dry Goods,Seasoning,Pantry Staples Wholesale,,,,-2.0,25lb bag,11.13,-22.26,Dry Storage Room,C. Romero,,
TXN-100425,2026-06-26,20:24,stock_out,PRD-6634,Unsalted Butter,Dairy,Butter,Dairy Fresh Cooperative,,,,-2.0,block,124.61,-249.22,Main Kitchen Cooler,T. Fischer,,
TXN-100426,2026-06-26,20:40,stock_in,BEV-1001,"Cola Syrup, 5 Gal BIB",Beverage,Soft Drinks,BevCo Beverage Distribution,PO-40598,INV-58407,LOT-260626-42,5.0,EACH,64.19,320.95,Bar Storage,C. Romero,2026-12-23,
TXN-100427,2026-06-26,16:06,stock_out,PRD-7701,"Chicken Breast, Boneless",Meat,Poultry,Metro Meat & Poultry,,,,-7.02,lb,4.72,-33.13,Main Kitchen Cooler,M. Osei,,
TXN-100428,2026-06-26,07:22,stock_in,PRD-8802,Granulated Sugar,Dry Goods,Baking,Pantry Staples Wholesale,PO-40303,INV-58690,LOT-260626-83,7.0,50lb bag,26.32,184.24,Dry Storage Room,T. Fischer,2028-06-25,
TXN-100429,2026-06-26,11:56,waste,BEV-1001,"Cola Syrup, 5 Gal BIB",Beverage,Soft Drinks,BevCo Beverage Distribution,,,,-1.0,each,63.13,-63.13,Bar Storage,R. Patel,,Damaged in delivery
TXN-100430,2026-06-26,14:36,stock_out,PRD-8801,All-Purpose Flour,Dry Goods,Baking,Pantry Staples Wholesale,,,,-2.0,50lb bag,23.43,-46.86,Dry Storage Room,D. Alvarez,,
TXN-100431,2026-06-26,14:41,stock_out,PRD-7703,Pork Tenderloin,Meat,Pork,Metro Meat & Poultry,,,,-6.23,lb,7.17,-44.67,Main Kitchen Cooler,L. Kim,,
TXN-100432,2026-06-26,07:54,stock_out,PRD-9901,Sourdough Loaf,Bakery,Bread,Sunrise Bakery Supply,,,,-1.0,each,3.89,-3.89,Dry Storage Room,T. Fischer,,
TXN-100433,2026-06-26,07:06,stock_in,PRD-3318,Parmesan Wheel,Dairy,Cheese,Dairy Fresh Cooperative,PO-40661,INV-58155,LOT-260626-13,4.42,LB,13.68,60.47,Main Kitchen Cooler,L. Kim,2026-08-25,
TXN-100434,2026-06-26,08:47,stock_out,PRD-8804,"Olive Oil, Extra Virgin",Dry Goods,Oils,Pantry Staples Wholesale,,,,-2.0,case (6x1L),59.17,-118.34,Dry Storage Room,J. Nguyen,,
TXN-100435,2026-06-26,09:55,transfer,PRD-8802,Granulated Sugar,Dry Goods,Baking,Pantry Staples Wholesale,,,,2.0,50lb bag,24.69,49.38,Bar Storage,J. Nguyen,,Transferred to Prep Station Fridge
TXN-100436,2026-06-26,16:40,stock_out,PRD-2213,Avocados,Produce,Fruit,Green Valley Produce Co.,,,,-3.0,case,38.89,-116.67,Main Kitchen Cooler,R. Patel,,
TXN-100437,2026-06-27,08:00,stock_in,PRD-8806,Basmati Rice,Dry Goods,Grains,Pantry Staples Wholesale,PO-40239,INV-58452,LOT-260627-46,1.0,25lb bag,29.15,29.15,Dry Storage Room,R. Patel,2028-06-26,
TXN-100438,2026-06-27,14:14,waste,PRD-8807,Dried Penne Pasta,Dry Goods,Grains,Pantry Staples Wholesale,,,,-2.0,case (12x1lb),19.95,-39.9,Dry Storage Room,J. Nguyen,,Expired
TXN-100439,2026-06-27,08:16,waste,PRD-8804,"Olive Oil, Extra Virgin",Dry Goods,Oils,Pantry Staples Wholesale,,,,-1.0,case (6x1L),59.16,-59.16,Dry Storage Room,C. Romero,,Quality reject
TXN-100440,2026-06-27,17:34,stock_in,PRD-7702,Ground Beef 80/20,Meat,Beef,Metro Meat & Poultry,PO-40170,INV-58286,LOT-260627-27,32.73,lb,5.87,192.13,Main Kitchen Cooler,M. Osei,2026-07-01,
TXN-100441,2026-06-27,06:34,stock_in,PRD-7705,NY Strip Steak,Meat,Beef,Metro Meat & Poultry,PO-40388,INV-58375,LOT-260627-26,2.84,LB,16.56,47.03,Main Kitchen Cooler,,2026-07-03,Received in good condition
TXN-100442,2026-06-27,18:31,stock_out,PRD-8806,Basmati Rice,Dry Goods,Grains,Pantry Staples Wholesale,,,,-4.0,25LB BAG,27.59,-110.36,Dry Storage Room,L. Kim,,
TXN-100443,2026-06-27,18:25,stock_in,PRD-2212,"Bell Peppers, Mixed",Produce,Vegetables,Green Valley Produce Co.,PO-40296,INV-58356,LOT-260627-58,1.0,case,27.17,27.17,Main Kitchen Cooler,L. Kim,2026-07-06,Short delivery vs PO — see delivery receipt
TXN-100444,2026-06-27,06:12,stock_in,PRD-9901,Sourdough Loaf,Bakery,Bread,Sunrise Bakery Supply,PO-40633,INV-58781,LOT-260627-36,4.0,each,3.91,15.64,Dry Storage Room,R. Patel,2026-06-30,
TXN-100445,2026-06-27,08:30,stock_out,BEV-1005,"Draft Beer Keg, Lager",Beverage,Beer,BevCo Beverage Distribution,,,,-3.0,keg,138.01,-414.03,Bar Storage,D. Alvarez,,
TXN-100446,2026-06-27,07:50,stock_out,PRD-8807,Dried Penne Pasta,Dry Goods,Grains,Pantry Staples Wholesale,,,,-2.0,case (12x1lb),18.6,-37.2,Dry Storage Room,L. Kim,,
TXN-100447,2026-06-27,07:23,stock_out,PRD-9903,"Croissants, Unbaked Frozen",Bakery,Pastry,Sunrise Bakery Supply,,,,-3.0,CASE (72CT),61.43,-184.29,Walk-In Freezer,R. Patel,,
TXN-100448,2026-06-27,16:09,stock_in,PRD-2207,Yukon Gold Potatoes,Produce,Root Vegetables,Green Valley Produce Co.,PO-40228,INV-58599,LOT-260627-39,6.0,sack,29.31,175.86,Dry Storage Room,M. Osei,2026-07-18,
TXN-100449,2026-06-27,10:22,stock_in,PRD-3317,Shredded Mozzarella,Dairy,Cheese,Dairy Fresh Cooperative,PO-40140,INV-58596,LOT-260627-66,29.53,lb,5.38,158.87,Main Kitchen Cooler,C. Romero,2026-07-18,
TXN-100450,2026-06-27,20:38,stock_in,PRD-9902,Brioche Burger Buns,Bakery,Bread,Sunrise Bakery Supply,PO-40170,INV-58643,LOT-260627-29,7.0,case (48ct),28.75,201.25,Dry Storage Room,,2026-07-02,
TXN-100451,2026-06-27,06:39,stock_out,PRD-8804,"Olive Oil, Extra Virgin",Dry Goods,Oils,Pantry Staples Wholesale,,,,-4.0,case (6x1L),60.56,-242.24,Dry Storage Room,J. Nguyen,,
TXN-100452,2026-06-27,16:31,stock_in,PRD-8804,"Olive Oil, Extra Virgin",Dry Goods,Oils,Pantry Staples Wholesale,PO-40389,INV-58430,LOT-260627-62,6.0,case (6x1L),54.79,328.74,Dry Storage Room,T. Fischer,2027-06-27,
TXN-100453,2026-06-27,08:06,transfer,PRD-3316,Whole Milk,Dairy,Cream & Milk,Dairy Fresh Cooperative,,,,3.43,gal,3.89,13.34,Dry Storage Room,T. Fischer,,Transferred to Walk-In Freezer
TXN-100454,2026-06-27,08:38,stock_in,PRD-7701,"Chicken Breast, Boneless",Meat,Poultry,Metro Meat & Poultry,PO-40313,INV-58771,LOT-260627-72,29.28,LB,4.47,130.88,Main Kitchen Cooler,L. Kim,2026-07-01,
TXN-100455,2026-06-27,18:45,waste,PRD-8806,Basmati Rice,Dry Goods,Grains,Pantry Staples Wholesale,,,,-1.0,25lb bag,28.27,-28.27,Dry Storage Room,C. Romero,,Spoilage
TXN-100456,2026-06-28,17:14,stock_in,BEV-1003,House Red Wine,Beverage,Wine,BevCo Beverage Distribution,PO-40638,INV-58772,LOT-260628-41,5.0,case (12x750ml),91.23,456.15,Bar Storage,C. Romero,2028-06-27,
TXN-100457,2026-06-28,11:44,stock_out,PRD-2213,Avocados,Produce,Fruit,Green Valley Produce Co.,,,,-3.0,case,38.74,-116.22,Main Kitchen Cooler,J. Nguyen,,
TXN-100458,2026-06-28,14:28,stock_out,PRD-3315,Heavy Cream 40%,Dairy,Cream & Milk,Dairy Fresh Cooperative,,,,-14.04,gal,10.38,-145.74,Main Kitchen Cooler,C. Romero,,
TXN-100459,2026-06-28,09:38,waste,PRD-8807,Dried Penne Pasta,Dry Goods,Grains,Pantry Staples Wholesale,,,,-1.0,case (12x1lb),19.94,-19.94,Dry Storage Room,R. Patel,,Quality reject
TXN-100460,2026-06-28,10:00,stock_out,PRD-9901,Sourdough Loaf,Bakery,Bread,Sunrise Bakery Supply,,,,-3.0,EACH,4.04,-12.12,Dry Storage Room,C. Romero,,
TXN-100461,2026-06-28,08:13,stock_out,PRD-1102,Atlantic Salmon Fillet,Seafood,Finfish,Coastal Farms & Purveyors Ltd.,,,,-12.91,lb,10.39,-134.13,Main Kitchen Cooler,L. Kim,,
TXN-100462,2026-06-28,14:09,stock_out,BEV-1002,Sparkling Water Cans,Beverage,Water,BevCo Beverage Distribution,,,,-1.0,case (24ct),14.31,-14.31,Bar Storage,J. Nguyen,,
TXN-100463,2026-06-28,08:05,stock_in,PRD-5521,"Free-Range Eggs, Large",Dairy,Eggs,Dairy Fresh Cooperative,PO-40322,INV-58851,LOT-260628-19,5.0,case,47.32,236.6,Main Kitchen Cooler,T. Fischer,2026-07-26,
TXN-100464,2026-06-28,08:02,stock_out,PRD-2210,Romaine Lettuce,Produce,Leafy Greens,Green Valley Produce Co.,,,,-3.0,case,25.05,-75.15,Main Kitchen Cooler,D. Alvarez,,
TXN-100465,2026-06-28,20:07,stock_out,PRD-8807,Dried Penne Pasta,Dry Goods,Grains,Pantry Staples Wholesale,,,,-4.0,case (12x1lb),18.93,-75.72,Dry Storage Room,T. Fischer,,
TXN-100466,2026-06-28,13:02,stock_in,PRD-8804,"Olive Oil, Extra Virgin",Dry Goods,Oils,Pantry Staples Wholesale,PO-40434,INV-58614,LOT-260628-99,3.0,case (6x1L),58.6,175.8,Dry Storage Room,J. Nguyen,2027-06-28,
TXN-100467,2026-06-28,08:27,stock_out,PRD-2213,Avocados,Produce,Fruit,Green Valley Produce Co.,,,,-2.0,case,35.88,-71.76,Main Kitchen Cooler,J. Nguyen,,
TXN-100468,2026-06-28,07:25,stock_out,BEV-1005,"Draft Beer Keg, Lager",Beverage,Beer,BevCo Beverage Distribution,,,,-3.0,keg,151.35,-454.05,Bar Storage,J. Nguyen,,
TXN-100469,2026-06-28,08:35,stock_out,PRD-8805,Canola Oil,Dry Goods,Oils,Pantry Staples Wholesale,,,,-3.0,case (4x1gal),43.58,-130.74,Dry Storage Room,J. Nguyen,,
TXN-100470,2026-06-28,16:26,stock_in,PRD-2213,Avocados,Produce,Fruit,Green Valley Produce Co.,PO-40428,INV-58452,LOT-260628-86,4.0,case,35.61,142.44,Main Kitchen Cooler,T. Fischer,2026-07-03,Short delivery vs PO — see delivery receipt
TXN-100471,2026-06-28,11:02,stock_out,PRD-9901,Sourdough Loaf,Bakery,Bread,Sunrise Bakery Supply,,,,-4.0,each,3.59,-14.36,Dry Storage Room,T. Fischer,,
TXN-100472,2026-06-28,08:39,stock_out,PRD-2211,"Garlic, Peeled",Produce,Aromatics,Green Valley Produce Co.,,,,-13.94,lb,6.78,-94.51,Main Kitchen Cooler,L. Kim,,
TXN-100473,2026-06-29,09:13,stock_out,PRD-9901,Sourdough Loaf,Bakery,Bread,Sunrise Bakery Supply,,,,-3.0,each,3.58,-10.74,Dry Storage Room,C. Romero,,
TXN-100474,2026-06-29,16:01,stock_out,PRD-2212,"Bell Peppers, Mixed",Produce,Vegetables,Green Valley Produce Co.,,,,-2.0,CASE,29.07,-58.14,Main Kitchen Cooler,C. Romero,,
TXN-100475,2026-06-29,11:41,stock_in,PRD-1105,"Mussels, Live",Seafood,Shellfish,Harborline Seafood Distributors,PO-40776,INV-58377,LOT-260629-94,37.92,LB,5.49,208.18,Main Kitchen Cooler,L. Kim,2026-07-01,
TXN-100476,2026-06-29,10:32,stock_in,PRD-8804,"Olive Oil, Extra Virgin",Dry Goods,Oils,Pantry Staples Wholesale,PO-40423,INV-58596,LOT-260629-86,8.0,case (6x1L),54.28,434.24,Dry Storage Room,C. Romero,2027-06-29,
TXN-100477,2026-06-29,13:19,stock_in,PRD-1104,Sea Scallops U-10,Seafood,Shellfish,Harborline Seafood Distributors,PO-40260,INV-58118,LOT-260629-54,14.68,lb,22.12,324.72,Main Kitchen Cooler,T. Fischer,2026-07-03,
TXN-100478,2026-06-29,10:56,stock_out,PRD-2207,Yukon Gold Potatoes,Produce,Root Vegetables,Green Valley Produce Co.,,,,-4.0,sack,30.2,-120.8,Dry Storage Room,C. Romero,,
TXN-100479,2026-06-29,07:46,stock_out,PRD-8805,Canola Oil,Dry Goods,Oils,Pantry Staples Wholesale,,,,-2.0,case (4x1gal),45.1,-90.2,Dry Storage Room,C. Romero,,
TXN-100480,2026-06-29,08:58,stock_in,PRD-2213,Avocados,Produce,Fruit,Green Valley Produce Co.,PO-40234,INV-58311,LOT-260629-93,5.0,case,36.2,181.0,Main Kitchen Cooler,J. Nguyen,2026-07-04,
TXN-100481,2026-06-29,10:58,transfer,BEV-1003,House Red Wine,Beverage,Wine,BevCo Beverage Distribution,,,,3.0,case (12x750ml),98.4,295.2,Dry Storage Room,C. Romero,,Transferred to Prep Station Fridge
TXN-100482,2026-06-29,20:56,stock_in,PRD-2211,"Garlic, Peeled",Produce,Aromatics,Green Valley Produce Co.,PO-40426,INV-58523,LOT-260629-62,7.53,lb,5.92,44.58,Main Kitchen Cooler,M. Osei,2026-07-13,
TXN-100483,2026-06-29,07:01,stock_in,PRD-3317,Shredded Mozzarella,Dairy,Cheese,Dairy Fresh Cooperative,PO-40373,INV-58720,LOT-260629-82,30.97,lb,5.7,176.53,Main Kitchen Cooler,C. Romero,2026-07-20,
TXN-100484,2026-06-29,20:38,stock_in,PRD-9903," Croissants, Unbaked Frozen ",Bakery,Pastry,Sunrise Bakery Supply,PO-40288,INV-58496,LOT-260629-72,4.0,CASE (72CT),65.53,262.12,Walk-In Freezer,R. Patel,2026-09-27,
TXN-100485,2026-06-30,16:12,stock_in,PRD-8806,Basmati Rice,Dry Goods,Grains,Pantry Staples Wholesale,PO-40549,INV-58731,LOT-260630-72,6.0,25lb bag,25.82,154.92,Dry Storage Room,T. Fischer,2028-06-29,
TXN-100486,2026-06-30,10:39,stock_out,PRD-8804,"Olive Oil, Extra Virgin",Dry Goods,Oils,Pantry Staples Wholesale,,,,-4.0,case (6x1L),58.67,-234.68,Dry Storage Room,C. Romero,,
TXN-100487,2026-06-30,11:52,stock_in,BEV-1003,House Red Wine,Beverage,Wine,BevCo Beverage Distribution,PO-40351,INV-58631,LOT-260630-78,7.0,case (12x750ml),101.8,712.6,Bar Storage,R. Patel,2028-06-29,Received in good condition
TXN-100488,2026-06-30,10:56,stock_in,PRD-3317,Shredded Mozzarella,Dairy,Cheese,Dairy Fresh Cooperative,PO-40572,INV-58270,LOT-260630-64,13.57,lb,5.89,79.93,Main Kitchen Cooler,M. Osei,2026-07-21,
TXN-100489,2026-06-30,13:07,stock_in,PRD-9901,Sourdough Loaf,Bakery,Bread,Sunrise Bakery Supply,PO-40812,INV-58659,LOT-260630-27,2.0,each,3.8,7.6,Dry Storage Room,R. Patel,2026-07-03,
TXN-100490,2026-06-30,07:16,transfer,PRD-3317,Shredded Mozzarella,Dairy,Cheese,Dairy Fresh Cooperative,,,,2.62,LB,5.8,15.2,Walk-In Freezer,D. Alvarez,,Transferred to Bar Storage
TXN-100491,2026-06-30,17:50,stock_out,BEV-1003,House Red Wine,Beverage,Wine,BevCo Beverage Distribution,,,,-4.0,case (12x750ml),97.72,-390.88,Bar Storage,J. Nguyen,,
TXN-100492,2026-06-30,16:55,stock_out,PRD-8801,All-Purpose Flour,Dry Goods,Baking,Pantry Staples Wholesale,,,,-1.0,50lb bag,23.3,-23.3,Dry Storage Room,J. Nguyen,,
TXN-100493,2026-06-30,07:07,stock_in,PRD-9901,Sourdough Loaf,Bakery,Bread,Sunrise Bakery Supply,PO-40103,INV-58737,LOT-260630-42,7.0,each,4.03,28.21,Dry Storage Room,,2026-07-03,
TXN-100494,2026-06-30,16:30,stock_in,PRD-6634,Unsalted Butter,Dairy,Butter,Dairy Fresh Cooperative,PO-40715,INV-58714,LOT-260630-10,4.0,block,117.79,471.16,Main Kitchen Cooler,J. Nguyen,2026-08-14,
TXN-100495,2026-06-30,16:22,stock_in,PRD-3316,Whole Milk,Dairy,Cream & Milk,Dairy Fresh Cooperative,PO-40783,INV-58691,LOT-260630-87,3.4,GAL,4.44,15.1,Main Kitchen Cooler,M. Osei,2026-07-10,
TXN-100496,2026-06-30,17:44,stock_out,PRD-7703,Pork Tenderloin,Meat,Pork,Metro Meat & Poultry,,,,-9.13,lb,7.06,-64.46,Main Kitchen Cooler,J. Nguyen,,
TXN-100497,2026-07-01,09:23,waste,PRD-2209,Yellow Onions,Produce,Root Vegetables,Green Valley Produce Co.,,,,-2.0,sack,19.45,-38.9,Dry Storage Room,L. Kim,,Expired
TXN-100498,2026-07-01,08:21,stock_out,PRD-2211,"Garlic, Peeled",Produce,Aromatics,Green Valley Produce Co.,,,,-8.14,lb,6.43,-52.34,Main Kitchen Cooler,T. Fischer,,
TXN-100499,2026-07-01,11:46,adjustment,BEV-1003,House Red Wine,Beverage,Wine,BevCo Beverage Distribution,,,,1.13,case (12x750ml),102.66,116.01,Bar Storage,T. Fischer,,Recount after audit
TXN-100500,2026-07-01,09:59,adjustment,PRD-2213,Avocados,Produce,Fruit,Green Valley Produce Co.,,,,-2.22,case,36.87,-81.85,Main Kitchen Cooler,C. Romero,,Unit conversion fix
TXN-100501,2026-07-01,06:07,adjustment,PRD-7703,Pork Tenderloin,Meat,Pork,Metro Meat & Poultry,,,,-2.86,lb,6.89,-19.71,Main Kitchen Cooler,D. Alvarez,,System entry error
TXN-100502,2026-07-01,18:40,stock_out,PRD-8801,All-Purpose Flour,Dry Goods,Baking,Pantry Staples Wholesale,,,,-2.0,50lb bag,22.49,-44.98,Dry Storage Room,T. Fischer,,
TXN-100503,2026-07-01,18:00,stock_out,BEV-1002,Sparkling Water Cans,Beverage,Water,BevCo Beverage Distribution,,,,-1.0,case (24ct),14.02,-14.02,Bar Storage,R. Patel,,
TXN-100504,2026-07-01,20:21,stock_in,PRD-3316,Whole Milk,Dairy,Cream & Milk,Dairy Fresh Cooperative,PO-40585,INV-58136,LOT-260701-92,37.05,gal,4.19,155.24,Main Kitchen Cooler,J. Nguyen,2026-07-11,
TXN-100505,2026-07-02,08:36,waste,PRD-2207,Yukon Gold Potatoes,Produce,Root Vegetables,Green Valley Produce Co.,,,,-2.0,sack,27.17,-54.34,Dry Storage Room,C. Romero,,Spoilage
TXN-100506,2026-07-02,07:17,stock_in,PRD-8802,Granulated Sugar,Dry Goods,Baking,Pantry Staples Wholesale,PO-40484,INV-58741,LOT-260702-78,7.0,50lb bag,23.87,167.09,Dry Storage Room,L. Kim,2028-07-01,
TXN-100507,2026-07-02,09:45,stock_out,PRD-7704,"Bacon, Sliced",Meat,Pork,Metro Meat & Poultry,,,,-0.96,lb,7.1,-6.82,Main Kitchen Cooler,R. Patel,,
TXN-100508,2026-07-02,08:11,stock_in,PRD-7704,"Bacon, Sliced",Meat,Pork,Metro Meat & Poultry,PO-40896,INV-58306,LOT-260702-21,6.26,lb,7.53,47.14,Main Kitchen Cooler,R. Patel,2026-07-16,
TXN-100509,2026-07-02,13:19,stock_out,PRD-9903,"Croissants, Unbaked Frozen",Bakery,Pastry,Sunrise Bakery Supply,,,,-3.0,CASE (72CT),60.35,-181.05,Walk-In Freezer,L. Kim,,
TXN-100510,2026-07-02,06:29,stock_in,PRD-4410,Organic Baby Spinach,Produce,Leafy Greens,Green Valley Produce Co.,PO-40218,INV-58104,LOT-260702-49,4.0,CASE,15.03,60.12,Main Kitchen Cooler,D. Alvarez,2026-07-07,
TXN-100511,2026-07-02,17:19,waste,BEV-1003,House Red Wine,Beverage,Wine,BevCo Beverage Distribution,,,,-1.0,case (12x750ml),99.97,-99.97,Bar Storage,T. Fischer,,Prep trim loss
TXN-100512,2026-07-02,16:07,waste,PRD-7705,NY Strip Steak,Meat,Beef,Metro Meat & Poultry,,,,-1.51,lb,14.56,-21.99,Main Kitchen Cooler,D. Alvarez,,Spoilage
TXN-100513,2026-07-02,09:17,stock_out,BEV-1004,House White Wine,Beverage,Wine,BevCo Beverage Distribution,,,,-1.0,case (12x750ml),92.94,-92.94,Bar Storage,M. Osei,,
TXN-100514,2026-07-02,06:08,stock_out,PRD-8801,All-Purpose Flour,Dry Goods,Baking,Pantry Staples Wholesale,,,,-1.0,50LB BAG,23.42,-23.42,Dry Storage Room,D. Alvarez,,
TXN-100515,2026-07-02,14:40,stock_out,PRD-3316,Whole Milk,Dairy,Cream & Milk,Dairy Fresh Cooperative,,,,-12.62,gal,4.33,-54.64,Main Kitchen Cooler,C. Romero,,
TXN-100516,2026-07-02,18:48,stock_in,BEV-1004,House White Wine,Beverage,Wine,BevCo Beverage Distribution,PO-40815,INV-58579,LOT-260702-22,4.0,case (12x750ml),84.7,338.8,Bar Storage,R. Patel,2028-07-01,
TXN-100517,2026-07-02,14:16,transfer,PRD-2212,"Bell Peppers, Mixed",Produce,Vegetables,Green Valley Produce Co.,,,,3.0,case,25.92,77.76,Prep Station Fridge,T. Fischer,,Transferred to Main Kitchen Cooler
TXN-100518,2026-07-02,07:22,stock_in,PRD-1103,"Jumbo Shrimp, Peeled",Seafood,Shellfish,Harborline Seafood Distributors,PO-40389,INV-58886,LOT-260702-54,20.19,lb,15.62,315.37,Main Kitchen Cooler,C. Romero,2026-07-06,
TXN-100519,2026-07-03,13:29,waste,PRD-2208,Roma Tomatoes,Produce,Vegetables,Green Valley Produce Co.,,,,-1.0,case,31.56,-31.56,Main Kitchen Cooler,C. Romero,,Prep trim loss
TXN-100520,2026-07-03,17:37,stock_in,PRD-8801,All-Purpose Flour,Dry Goods,Baking,Pantry Staples Wholesale,PO-40680,INV-58450,LOT-260703-79,4.0,50LB BAG,23.69,94.76,Dry Storage Room,T. Fischer,2027-07-03,
TXN-100521,2026-07-03,14:29,stock_in,BEV-1001,"Cola Syrup, 5 Gal BIB",Beverage,Soft Drinks,BevCo Beverage Distribution,PO-40555,INV-58280,LOT-260703-49,3.0,each,58.01,174.03,Bar Storage,R. Patel,2026-12-30,
TXN-100522,2026-07-03,06:05,stock_out,BEV-1001," Cola Syrup, 5 Gal BIB ",Beverage,Soft Drinks,BevCo Beverage Distribution,,,,-2.0,each,58.42,-116.84,Bar Storage,C. Romero,,
TXN-100523,2026-07-03,11:34,stock_out,PRD-2212,"Bell Peppers, Mixed",Produce,Vegetables,Green Valley Produce Co.,,,,-2.0,case,27.8,-55.6,Main Kitchen Cooler,R. Patel,,
TXN-100524,2026-07-03,16:19,waste,PRD-2213,Avocados,Produce,Fruit,Green Valley Produce Co.,,,,-2.0,case,39.05,-78.1,Main Kitchen Cooler,T. Fischer,,Dropped/contaminated
TXN-100525,2026-07-03,07:54,stock_out,BEV-1002,Sparkling Water Cans,Beverage,Water,BevCo Beverage Distribution,,,,-2.0,case (24ct),14.1,-28.2,Bar Storage,,,
TXN-100526,2026-07-03,08:55,stock_in,PRD-8802,Granulated Sugar,Dry Goods,Baking,Pantry Staples Wholesale,PO-40704,INV-58503,LOT-260703-90,1.0,50lb bag,24.23,24.23,Dry Storage Room,M. Osei,2028-07-02,
TXN-100527,2026-07-03,10:53,stock_in,PRD-4410,Organic Baby Spinach,Produce,Leafy Greens,Green Valley Produce Co.,PO-40257,INV-58395,LOT-260703-95,7.0,CASE,14.97,104.79,Main Kitchen Cooler,J. Nguyen,2026-07-08,
TXN-100528,2026-07-03,07:05,adjustment,PRD-8807,Dried Penne Pasta,Dry Goods,Grains,Pantry Staples Wholesale,,,,-2.18,case (12x1lb),20.77,-45.28,Dry Storage Room,L. Kim,,Unit conversion fix
TXN-100529,2026-07-03,13:27,stock_in,PRD-1105,"Mussels, Live",Seafood,Shellfish,Harborline Seafood Distributors,PO-40463,INV-58331,LOT-260703-33,22.98,lb,5.85,134.43,Main Kitchen Cooler,R. Patel,2026-07-05,
TXN-100530,2026-07-03,14:23,transfer,PRD-8806,Basmati Rice,Dry Goods,Grains,Pantry Staples Wholesale,,,,1.0,25LB BAG,28.05,28.05,Main Kitchen Cooler,T. Fischer,,Transferred to Main Kitchen Cooler
TXN-100531,2026-07-03,13:54,stock_out,PRD-2212,"Bell Peppers, Mixed",Produce,Vegetables,Green Valley Produce Co.,,,,-4.0,case,28.52,-114.08,Main Kitchen Cooler,R. Patel,,
TXN-100532,2026-07-03,17:42,stock_out,PRD-6634,Unsalted Butter,Dairy,Butter,Dairy Fresh Cooperative,,,,-4.0,block,110.87,-443.48,Main Kitchen Cooler,T. Fischer,,
TXN-100533,2026-07-03,06:30,stock_out,PRD-8801,All-Purpose Flour,Dry Goods,Baking,Pantry Staples Wholesale,,,,-2.0,50lb bag,23.43,-46.86,Dry Storage Room,C. Romero,,
TXN-100534,2026-07-03,06:44,stock_in,PRD-7703,Pork Tenderloin,Meat,Pork,Metro Meat & Poultry,PO-40844,INV-58677,LOT-260703-43,37.07,lb,7.02,260.23,Main Kitchen Cooler,D. Alvarez,2026-07-08,
TXN-100535,2026-07-03,11:05,stock_in,PRD-1105,"Mussels, Live",Seafood,Shellfish,Harborline Seafood Distributors,PO-40384,INV-58358,LOT-260703-26,6.82,LB,5.5,37.51,Main Kitchen Cooler,C. Romero,2026-07-05,
TXN-100536,2026-07-03,16:28,stock_out,PRD-2214,Lemons,Produce,Fruit,Green Valley Produce Co.,,,,-2.0,case,27.49,-54.98,Main Kitchen Cooler,L. Kim,,
TXN-100537,2026-07-03,07:09,stock_out,PRD-1104,Sea Scallops U-10,Seafood,Shellfish,Harborline Seafood Distributors,,,,-9.14,lb,23.66,-216.25,Main Kitchen Cooler,L. Kim,,
TXN-100538,2026-07-03,17:40,stock_out,PRD-6634,Unsalted Butter,Dairy,Butter,Dairy Fresh Cooperative,,,,-2.0,block,120.38,-240.76,Main Kitchen Cooler,L. Kim,,
TXN-100539,2026-07-03,11:25,stock_in,PRD-2211,"Garlic, Peeled",Produce,Aromatics,Green Valley Produce Co.,PO-40870,INV-58645,LOT-260703-39,20.1,lb,6.38,128.24,Main Kitchen Cooler,R. Patel,2026-07-17,
TXN-100540,2026-07-03,11:24,transfer,PRD-7703,Pork Tenderloin,Meat,Pork,Metro Meat & Poultry,,,,4.39,lb,6.32,27.74,Dry Storage Room,C. Romero,,Transferred to Main Kitchen Cooler
TXN-100541,2026-07-04,18:06,stock_in,PRD-8801,All-Purpose Flour,Dry Goods,Baking,Pantry Staples Wholesale,PO-40572,INV-58891,LOT-260704-96,3.0,50lb bag,22.3,66.9,Dry Storage Room,T. Fischer,2027-07-04,
TXN-100542,2026-07-04,06:43,stock_out,PRD-3316,Whole Milk,Dairy,Cream & Milk,Dairy Fresh Cooperative,,,,-0.62,GAL,3.91,-2.42,Main Kitchen Cooler,R. Patel,,
TXN-100543,2026-07-04,08:12,stock_out,PRD-5521,"Free-Range Eggs, Large",Dairy,Eggs,Dairy Fresh Cooperative,,,,-1.0,case,47.69,-47.69,Main Kitchen Cooler,D. Alvarez,,
TXN-100544,2026-07-04,17:07,stock_out,PRD-7706,Duck Breast,Meat,Poultry,Metro Meat & Poultry,,,,-1.75,lb,13.83,-24.2,Main Kitchen Cooler,R. Patel,,
TXN-100545,2026-07-04,17:11,transfer,PRD-3316,Whole Milk,Dairy,Cream & Milk,Dairy Fresh Cooperative,,,,2.27,gal,4.31,9.78,Prep Station Fridge,D. Alvarez,,Transferred to Walk-In Freezer
TXN-100546,2026-07-04,18:04,stock_in,PRD-7705,NY Strip Steak,Meat,Beef,Metro Meat & Poultry,PO-40497,INV-58440,LOT-260704-17,12.54,lb,14.32,179.57,Main Kitchen Cooler,M. Osei,2026-07-10,
TXN-100547,2026-07-04,16:31,stock_out,PRD-1105,"Mussels, Live",Seafood,Shellfish,Harborline Seafood Distributors,,,,-2.07,lb,5.94,-12.3,Main Kitchen Cooler,R. Patel,,
TXN-100548,2026-07-04,07:04,stock_in,PRD-7701,"Chicken Breast, Boneless",Meat,Poultry,Metro Meat & Poultry,PO-40556,INV-58119,LOT-260704-73,23.71,LB,4.66,110.49,Main Kitchen Cooler,J. Nguyen,2026-07-08,Received in good condition
TXN-100549,2026-07-04,14:00,transfer,PRD-8801,All-Purpose Flour,Dry Goods,Baking,Pantry Staples Wholesale,,,,2.0,50lb bag,21.92,43.84,Prep Station Fridge,,,Transferred to Bar Storage
TXN-100550,2026-07-04,13:59,stock_in,PRD-9903,"Croissants, Unbaked Frozen",Bakery,Pastry,Sunrise Bakery Supply,PO-40410,INV-58510,LOT-260704-17,8.0,case (72ct),62.29,498.32,Walk-In Freezer,T. Fischer,2026-10-02,
TXN-100551,2026-07-04,08:41,waste,PRD-9902,Brioche Burger Buns,Bakery,Bread,Sunrise Bakery Supply,,,,-1.0,case (48ct),28.75,-28.75,Dry Storage Room,R. Patel,,Damaged in delivery
TXN-100552,2026-07-04,16:28,stock_out,PRD-8802,Granulated Sugar,Dry Goods,Baking,Pantry Staples Wholesale,,,,-3.0,50LB BAG,23.09,-69.27,Dry Storage Room,J. Nguyen,,
TXN-100553,2026-07-04,13:41,stock_in,PRD-8804,"Olive Oil, Extra Virgin",Dry Goods,Oils,Pantry Staples Wholesale,PO-40560,INV-58116,LOT-260704-14,3.0,case (6x1L),58.31,174.93,Dry Storage Room,M. Osei,2027-07-04,Short delivery vs PO — see delivery receipt
TXN-100554,2026-07-04,16:55,stock_out,BEV-1003,House Red Wine,Beverage,Wine,BevCo Beverage Distribution,,,,-4.0,case (12x750ml),90.61,-362.44,Bar Storage,C. Romero,,
TXN-100555,2026-07-04,11:58,stock_out,BEV-1001,"Cola Syrup, 5 Gal BIB",Beverage,Soft Drinks,BevCo Beverage Distribution,,,,-4.0,each,57.49,-229.96,Bar Storage,,,
TXN-100556,2026-07-04,07:29,waste,PRD-7704,"Bacon, Sliced",Meat,Pork,Metro Meat & Poultry,,,,-3.13,lb,7.59,-23.76,Main Kitchen Cooler,D. Alvarez,,Quality reject
TXN-100557,2026-07-04,18:12,stock_in,PRD-1105,"Mussels, Live",Seafood,Shellfish,Harborline Seafood Distributors,PO-40855,INV-58794,LOT-260704-61,18.2,lb,6.19,112.66,Main Kitchen Cooler,M. Osei,2026-07-06,
TXN-100558,2026-07-04,14:11,waste,PRD-3318,Parmesan Wheel,Dairy,Cheese,Dairy Fresh Cooperative,,,,-1.81,lb,12.12,-21.94,Main Kitchen Cooler,J. Nguyen,,Quality reject
TXN-100559,2026-07-05,06:08,transfer,PRD-6634,Unsalted Butter,Dairy,Butter,Dairy Fresh Cooperative,,,,1.0,BLOCK,124.18,124.18,Prep Station Fridge,,,Transferred to Walk-In Freezer
TXN-100560,2026-07-05,10:44,transfer,PRD-2214,Lemons,Produce,Fruit,Green Valley Produce Co.,,,,3.0,case,29.89,89.67,Prep Station Fridge,J. Nguyen,,Transferred to Prep Station Fridge
TXN-100561,2026-07-05,06:38,stock_out,PRD-3316,Whole Milk,Dairy,Cream & Milk,Dairy Fresh Cooperative,,,,-3.11,gal,4.2,-13.06,Main Kitchen Cooler,D. Alvarez,,
TXN-100562,2026-07-05,08:07,stock_out,PRD-1102,Atlantic Salmon Fillet,Seafood,Finfish,Coastal Farms & Purveyors Ltd.,,,,-14.81,lb,12.11,-179.35,Main Kitchen Cooler,C. Romero,,
TXN-100563,2026-07-05,16:42,stock_out,PRD-5521,"Free-Range Eggs, Large",Dairy,Eggs,Dairy Fresh Cooperative,,,,-2.0,case,43.45,-86.9,Main Kitchen Cooler,D. Alvarez,,
TXN-100564,2026-07-05,07:42,stock_out,PRD-9903,"Croissants, Unbaked Frozen",Bakery,Pastry,Sunrise Bakery Supply,,,,-4.0,case (72ct),59.43,-237.72,Walk-In Freezer,M. Osei,,
TXN-100565,2026-07-05,17:03,stock_in,PRD-9902,Brioche Burger Buns,Bakery,Bread,Sunrise Bakery Supply,PO-40129,INV-58596,LOT-260705-75,7.0,case (48ct),27.02,189.14,Dry Storage Room,D. Alvarez,2026-07-10,
TXN-100566,2026-07-05,07:20,stock_in,PRD-7705,NY Strip Steak,Meat,Beef,Metro Meat & Poultry,PO-40522,INV-58304,LOT-260705-58,10.66,LB,14.75,157.24,Main Kitchen Cooler,J. Nguyen,2026-07-11,
TXN-100567,2026-07-05,10:23,stock_out,PRD-1105,"Mussels, Live",Seafood,Shellfish,Harborline Seafood Distributors,,,,-2.48,lb,6.11,-15.15,Main Kitchen Cooler,T. Fischer,,
TXN-100568,2026-07-05,06:17,stock_out,PRD-1104,Sea Scallops U-10,Seafood,Shellfish,Harborline Seafood Distributors,,,,-2.48,lb,23.77,-58.95,Main Kitchen Cooler,R. Patel,,
TXN-100569,2026-07-05,18:50,stock_out,PRD-7703,Pork Tenderloin,Meat,Pork,Metro Meat & Poultry,,,,-9.75,lb,6.87,-66.98,Main Kitchen Cooler,J. Nguyen,,
TXN-100570,2026-07-05,11:55,transfer,PRD-8806,Basmati Rice,Dry Goods,Grains,Pantry Staples Wholesale,,,,3.0,25lb bag,29.25,87.75,Prep Station Fridge,M. Osei,,Transferred to Bar Storage
TXN-100571,2026-07-05,08:57,stock_out,PRD-7705,NY Strip Steak,Meat,Beef,Metro Meat & Poultry,,,,-13.95,lb,16.5,-230.17,Main Kitchen Cooler,C. Romero,,
TXN-100572,2026-07-05,13:02,stock_out,PRD-9903,"Croissants, Unbaked Frozen",Bakery,Pastry,Sunrise Bakery Supply,,,,-2.0,case (72ct),62.92,-125.84,Walk-In Freezer,L. Kim,,
TXN-100573,2026-07-05,18:00,stock_in,PRD-6634,Unsalted Butter,Dairy,Butter,Dairy Fresh Cooperative,PO-40323,INV-58235,LOT-260705-55,6.0,BLOCK,117.12,702.72,Main Kitchen Cooler,M. Osei,2026-08-19,
TXN-100574,2026-07-05,17:37,transfer,PRD-9902,Brioche Burger Buns,Bakery,Bread,Sunrise Bakery Supply,,,,1.0,case (48ct),28.33,28.33,Prep Station Fridge,J. Nguyen,,Transferred to Walk-In Freezer
TXN-100575,2026-07-05,07:24,transfer,PRD-1102,Atlantic Salmon Fillet,Seafood,Finfish,Coastal Farms & Purveyors Ltd.,,,,5.47,lb,11.31,61.87,Bar Storage,M. Osei,,Transferred to Walk-In Freezer
TXN-100576,2026-07-05,18:43,waste,PRD-2213,Avocados,Produce,Fruit,Green Valley Produce Co.,,,,-1.0,case,38.72,-38.72,Main Kitchen Cooler,T. Fischer,,Spoilage
TXN-100577,2026-07-05,09:29,stock_in,PRD-2207,Yukon Gold Potatoes,Produce,Root Vegetables,Green Valley Produce Co.,PO-40279,INV-58763,LOT-260705-81,5.0,sack,27.4,137.0,Dry Storage Room,T. Fischer,2026-07-26,
TXN-100578,2026-07-05,17:48,stock_out,PRD-2211,"Garlic, Peeled",Produce,Aromatics,Green Valley Produce Co.,,,,-8.91,lb,6.87,-61.21,Main Kitchen Cooler,J. Nguyen,,
TXN-100579,2026-07-05,10:17,stock_out,PRD-7702,Ground Beef 80/20,Meat,Beef,Metro Meat & Poultry,,,,-1.29,lb,5.83,-7.52,Main Kitchen Cooler,R. Patel,,
TXN-100580,2026-07-06,11:39,transfer,BEV-1004,House White Wine,Beverage,Wine,BevCo Beverage Distribution,,,,2.0,CASE (12X750ML),85.51,171.02,Main Kitchen Cooler,R. Patel,,Transferred to Bar Storage
TXN-100581,2026-07-06,08:07,stock_in,PRD-2208,Roma Tomatoes,Produce,Vegetables,Green Valley Produce Co.,PO-40309,INV-58633,LOT-260706-90,6.0,case,31.98,191.88,Main Kitchen Cooler,D. Alvarez,2026-07-13,
TXN-100582,2026-07-06,06:18,stock_out,PRD-9901,Sourdough Loaf,Bakery,Bread,Sunrise Bakery Supply,,,,-2.0,each,3.46,-6.92,Dry Storage Room,L. Kim,,
TXN-100583,2026-07-06,16:41,stock_out,PRD-8806,Basmati Rice,Dry Goods,Grains,Pantry Staples Wholesale,,,,-3.0,25lb bag,27.69,-83.07,Dry Storage Room,T. Fischer,,
TXN-100584,2026-07-06,18:19,stock_out,PRD-7704,"Bacon, Sliced",Meat,Pork,Metro Meat & Poultry,,,,-2.99,lb,6.92,-20.69,Main Kitchen Cooler,R. Patel,,
TXN-100585,2026-07-06,11:10,stock_out,PRD-2212,"Bell Peppers, Mixed",Produce,Vegetables,Green Valley Produce Co.,,,,-3.0,case,25.82,-77.46,Main Kitchen Cooler,C. Romero,,
TXN-100586,2026-07-06,07:02,stock_in,PRD-2212,"Bell Peppers, Mixed",Produce,Vegetables,Green Valley Produce Co.,PO-40551,INV-58366,LOT-260706-57,8.0,case,27.63,221.04,Main Kitchen Cooler,J. Nguyen,2026-07-15,
TXN-100587,2026-07-06,07:34,stock_out,PRD-9901,Sourdough Loaf,Bakery,Bread,Sunrise Bakery Supply,,,,-2.0,each,4.0,-8.0,Dry Storage Room,R. Patel,,
TXN-100588,2026-07-06,17:34,stock_in,PRD-7705,NY Strip Steak,Meat,Beef,Metro Meat & Poultry,PO-40822,INV-58402,LOT-260706-70,39.07,lb,14.98,585.27,Main Kitchen Cooler,M. Osei,2026-07-12,
TXN-100589,2026-07-06,07:46,stock_out,PRD-9901,Sourdough Loaf,Bakery,Bread,Sunrise Bakery Supply,,,,-2.0,each,3.47,-6.94,Dry Storage Room,T. Fischer,,
TXN-100590,2026-07-06,07:20,stock_out,PRD-5521,"Free-Range Eggs, Large",Dairy,Eggs,Dairy Fresh Cooperative,,,,-1.0,case,47.86,-47.86,Main Kitchen Cooler,C. Romero,,
TXN-100591,2026-07-06,13:54,stock_in,PRD-3317,Shredded Mozzarella,Dairy,Cheese,Dairy Fresh Cooperative,PO-40189,INV-58624,LOT-260706-60,18.93,lb,5.75,108.85,Main Kitchen Cooler,J. Nguyen,2026-07-27,
TXN-100592,2026-07-06,20:27,stock_in,PRD-8805,Canola Oil,Dry Goods,Oils,Pantry Staples Wholesale,PO-40391,INV-58453,LOT-260706-54,4.0,CASE (4X1GAL),41.15,164.6,Dry Storage Room,M. Osei,2027-07-06,
TXN-100593,2026-07-06,08:10,waste,PRD-8806,Basmati Rice,Dry Goods,Grains,Pantry Staples Wholesale,,,,-2.0,25lb bag,29.84,-59.68,Dry Storage Room,R. Patel,,Damaged in delivery
TXN-100594,2026-07-06,08:30,stock_in,PRD-2209,Yellow Onions,Produce,Root Vegetables,Green Valley Produce Co.,PO-40443,INV-58167,LOT-260706-85,8.0,sack,18.57,148.56,Dry Storage Room,L. Kim,2026-08-05,Received in good condition
TXN-100595,2026-07-06,18:58,stock_out,PRD-9902,Brioche Burger Buns,Bakery,Bread,Sunrise Bakery Supply,,,,-1.0,case (48ct),27.07,-27.07,Dry Storage Room,R. Patel,,
TXN-100596,2026-07-07,13:47,stock_out,PRD-2214,Lemons,Produce,Fruit,Green Valley Produce Co.,,,,-2.0,case,26.8,-53.6,Main Kitchen Cooler,D. Alvarez,,
TXN-100597,2026-07-07,16:57,stock_in,PRD-9903,"Croissants, Unbaked Frozen",Bakery,Pastry,Sunrise Bakery Supply,PO-40804,INV-58760,LOT-260707-41,3.0,case (72ct),60.72,182.16,Walk-In Freezer,D. Alvarez,2026-10-05,
TXN-100598,2026-07-07,10:55,stock_out,PRD-2214,Lemons,Produce,Fruit,Green Valley Produce Co.,,,,-2.0,case,29.86,-59.72,Main Kitchen Cooler,T. Fischer,,
TXN-100599,2026-07-07,07:37,waste,PRD-1103,"Jumbo Shrimp, Peeled",Seafood,Shellfish,Harborline Seafood Distributors,,,,-0.48,lb,14.37,-6.9,Main Kitchen Cooler,T. Fischer,,Prep trim loss
TXN-100600,2026-07-07,08:33,stock_in,PRD-8802,Granulated Sugar,Dry Goods,Baking,Pantry Staples Wholesale,PO-40298,INV-58884,LOT-260707-90,5.0,50lb bag,22.84,114.2,Dry Storage Room,J. Nguyen,2028-07-06,
TXN-100601,2026-07-07,17:44,stock_in,PRD-7704,"Bacon, Sliced",Meat,Pork,Metro Meat & Poultry,PO-40460,INV-58247,LOT-260707-11,15.78,lb,7.24,114.25,Main Kitchen Cooler,J. Nguyen,2026-07-21,
TXN-100602,2026-07-07,13:14,stock_in,PRD-2210,Romaine Lettuce,Produce,Leafy Greens,Green Valley Produce Co.,PO-40672,INV-58728,LOT-260707-98,7.0,case,25.92,181.44,Main Kitchen Cooler,L. Kim,2026-07-12,
TXN-100603,2026-07-07,07:07,stock_out,PRD-8806,Basmati Rice,Dry Goods,Grains,Pantry Staples Wholesale,,,,-3.0,25lb bag,29.63,-88.89,Dry Storage Room,R. Patel,,
TXN-100604,2026-07-07,14:33,transfer,PRD-9901,Sourdough Loaf,Bakery,Bread,Sunrise Bakery Supply,,,,3.0,each,3.55,10.65,Bar Storage,M. Osei,,Transferred to Bar Storage
TXN-100605,2026-07-07,08:08,stock_out,PRD-2212,"Bell Peppers, Mixed",Produce,Vegetables,Green Valley Produce Co.,,,,-2.0,case,29.4,-58.8,Main Kitchen Cooler,R. Patel,,
TXN-100606,2026-07-07,06:12,waste,PRD-9903,"Croissants, Unbaked Frozen",Bakery,Pastry,Sunrise Bakery Supply,,,,-1.0,CASE (72CT),67.0,-67.0,Walk-In Freezer,C. Romero,,Over-prepped
TXN-100607,2026-07-07,06:48,stock_out,PRD-2208,Roma Tomatoes,Produce,Vegetables,Green Valley Produce Co.,,,,-1.0,case,30.07,-30.07,Main Kitchen Cooler,C. Romero,,
TXN-100608,2026-07-08,20:47,stock_in,PRD-1103,"Jumbo Shrimp, Peeled",Seafood,Shellfish,Harborline Seafood Distributors,PO-40456,INV-58460,LOT-260708-30,37.79,lb,15.86,599.35,Main Kitchen Cooler,L. Kim,2026-07-12,
TXN-100609,2026-07-08,13:13,waste,PRD-2214,Lemons,Produce,Fruit,Green Valley Produce Co.,,,,-2.0,case,31.15,-62.3,Main Kitchen Cooler,J. Nguyen,,Quality reject
TXN-100610,2026-07-08,20:45,transfer,PRD-3318,Parmesan Wheel,Dairy,Cheese,Dairy Fresh Cooperative,,,,3.37,lb,12.78,43.07,Walk-In Freezer,D. Alvarez,,Transferred to Prep Station Fridge
TXN-100611,2026-07-08,07:48,stock_in,BEV-1002,Sparkling Water Cans,Beverage,Water,BevCo Beverage Distribution,PO-40212,INV-58632,LOT-260708-27,8.0,case (24ct),13.53,108.24,Bar Storage,R. Patel,2027-07-08,
TXN-100612,2026-07-08,11:38,stock_out,PRD-2211,"Garlic, Peeled",Produce,Aromatics,Green Valley Produce Co.,,,,-11.17,lb,6.59,-73.61,Main Kitchen Cooler,L. Kim,,
TXN-100613,2026-07-08,07:57,stock_in,PRD-8807,Dried Penne Pasta,Dry Goods,Grains,Pantry Staples Wholesale,PO-40795,INV-58476,LOT-260708-32,7.0,CASE (12X1LB),19.72,138.04,Dry Storage Room,D. Alvarez,2028-07-07,
TXN-100614,2026-07-08,10:25,stock_in,PRD-2209,Yellow Onions,Produce,Root Vegetables,Green Valley Produce Co.,PO-40859,INV-58272,LOT-260708-18,6.0,sack,19.91,119.46,Dry Storage Room,M. Osei,2026-08-07,
TXN-100615,2026-07-08,08:48,stock_out,PRD-8807,Dried Penne Pasta,Dry Goods,Grains,Pantry Staples Wholesale,,,,-3.0,case (12x1lb),20.06,-60.18,Dry Storage Room,M. Osei,,
TXN-100616,2026-07-08,14:25,stock_out,PRD-8802,Granulated Sugar,Dry Goods,Baking,Pantry Staples Wholesale,,,,-4.0,50lb bag,24.54,-98.16,Dry Storage Room,J. Nguyen,,
TXN-100617,2026-07-08,07:01,stock_in,BEV-1001,"Cola Syrup, 5 Gal BIB",Beverage,Soft Drinks,BevCo Beverage Distribution,PO-40169,INV-58610,LOT-260708-96,2.0,each,57.56,115.12,Bar Storage,D. Alvarez,2027-01-04,
TXN-100618,2026-07-08,16:48,waste,PRD-2210,Romaine Lettuce,Produce,Leafy Greens,Green Valley Produce Co.,,,,-2.0,case,24.72,-49.44,Main Kitchen Cooler,R. Patel,,Prep trim loss
TXN-100619,2026-07-08,20:34,stock_out,BEV-1004,House White Wine,Beverage,Wine,BevCo Beverage Distribution,,,,-3.0,case (12x750ml),96.52,-289.56,Bar Storage,D. Alvarez,,
TXN-100620,2026-07-08,10:28,stock_out,PRD-9901,Sourdough Loaf,Bakery,Bread,Sunrise Bakery Supply,,,,-2.0,each,3.47,-6.94,Dry Storage Room,C. Romero,,
TXN-100621,2026-07-09,08:45,stock_out,BEV-1001,"Cola Syrup, 5 Gal BIB",Beverage,Soft Drinks,BevCo Beverage Distribution,,,,-2.0,each,64.62,-129.24,Bar Storage,C. Romero,,
TXN-100622,2026-07-09,13:54,stock_out,PRD-2213,Avocados,Produce,Fruit,Green Valley Produce Co.,,,,-1.0,case,33.91,-33.91,Main Kitchen Cooler,M. Osei,,
TXN-100623,2026-07-09,08:20,waste,PRD-8802,Granulated Sugar,Dry Goods,Baking,Pantry Staples Wholesale,,,,-1.0,50lb bag,24.85,-24.85,Dry Storage Room,J. Nguyen,,Quality reject
TXN-100624,2026-07-09,10:22,stock_out,PRD-8801,All-Purpose Flour,Dry Goods,Baking,Pantry Staples Wholesale,,,,-4.0,50lb bag,21.69,-86.76,Dry Storage Room,D. Alvarez,,
TXN-100625,2026-07-09,17:04,stock_in,PRD-2214,Lemons,Produce,Fruit,Green Valley Produce Co.,PO-40273,INV-58120,LOT-260709-78,7.0,case,27.21,190.47,Main Kitchen Cooler,M. Osei,2026-07-23,Short delivery vs PO — see delivery receipt
TXN-100626,2026-07-09,17:30,stock_in,PRD-8806,Basmati Rice,Dry Goods,Grains,Pantry Staples Wholesale,PO-40486,INV-58684,LOT-260709-59,5.0,25LB BAG,29.91,149.55,Dry Storage Room,M. Osei,2028-07-08,
TXN-100627,2026-07-09,16:21,waste,BEV-1002,Sparkling Water Cans,Beverage,Water,BevCo Beverage Distribution,,,,-1.0,case (24ct),13.94,-13.94,Bar Storage,R. Patel,,Prep trim loss
TXN-100628,2026-07-09,08:03,stock_in,BEV-1004,House White Wine,Beverage,Wine,BevCo Beverage Distribution,PO-40331,INV-58739,LOT-260709-21,3.0,case (12x750ml),91.06,273.18,Bar Storage,T. Fischer,2028-07-08,
TXN-100629,2026-07-09,09:50,stock_out,PRD-9903,"Croissants, Unbaked Frozen",Bakery,Pastry,Sunrise Bakery Supply,,,,-1.0,case (72ct),67.32,-67.32,Walk-In Freezer,C. Romero,,
TXN-100630,2026-07-09,08:39,stock_out,PRD-3317,Shredded Mozzarella,Dairy,Cheese,Dairy Fresh Cooperative,,,,-7.97,lb,5.75,-45.83,Main Kitchen Cooler,,,
TXN-100631,2026-07-10,16:52,stock_out,PRD-2213,Avocados,Produce,Fruit,Green Valley Produce Co.,,,,-3.0,case,36.31,-108.93,Main Kitchen Cooler,T. Fischer,,
TXN-100632,2026-07-10,17:40,adjustment,PRD-8807,Dried Penne Pasta,Dry Goods,Grains,Pantry Staples Wholesale,,,,-2.64,case (12x1lb),18.85,-49.76,Dry Storage Room,R. Patel,,System entry error
TXN-100633,2026-07-10,20:53,stock_out,PRD-8807,Dried Penne Pasta,Dry Goods,Grains,Pantry Staples Wholesale,,,,-4.0,case (12x1lb),20.22,-80.88,Dry Storage Room,L. Kim,,
TXN-100634,2026-07-10,08:25,stock_out,PRD-7701,"Chicken Breast, Boneless",Meat,Poultry,Metro Meat & Poultry,,,,-3.96,lb,4.58,-18.14,Main Kitchen Cooler,D. Alvarez,,
TXN-100635,2026-07-10,10:41,adjustment,BEV-1005,"Draft Beer Keg, Lager",Beverage,Beer,BevCo Beverage Distribution,,,,2.43,KEG,138.09,335.56,Bar Storage,M. Osei,,System entry error
TXN-100636,2026-07-10,20:02,stock_in,BEV-1005,"Draft Beer Keg, Lager",Beverage,Beer,BevCo Beverage Distribution,PO-40120,INV-58156,LOT-260710-20,8.0,keg,144.67,1157.36,Bar Storage,M. Osei,2026-08-24,
TXN-100637,2026-07-10,20:46,stock_out,PRD-2209,Yellow Onions,Produce,Root Vegetables,Green Valley Produce Co.,,,,-4.0,sack,17.72,-70.88,Dry Storage Room,C. Romero,,
TXN-100638,2026-07-10,13:16,adjustment,PRD-2214,Lemons,Produce,Fruit,Green Valley Produce Co.,,,,-0.02,case,27.1,-0.54,Main Kitchen Cooler,C. Romero,,Cycle count correction
TXN-100639,2026-07-10,17:15,waste,PRD-8804,"Olive Oil, Extra Virgin",Dry Goods,Oils,Pantry Staples Wholesale,,,,-2.0,case (6x1L),55.38,-110.76,Dry Storage Room,D. Alvarez,,Prep trim loss
TXN-100640,2026-07-10,13:23,stock_in,PRD-2214,Lemons,Produce,Fruit,Green Valley Produce Co.,PO-40658,INV-58533,LOT-260710-70,6.0,case,27.2,163.2,Main Kitchen Cooler,T. Fischer,2026-07-24,
TXN-100641,2026-07-10,06:41,waste,PRD-8803,Kosher Salt,Dry Goods,Seasoning,Pantry Staples Wholesale,,,,-2.0,25lb bag,11.19,-22.38,Dry Storage Room,L. Kim,,Damaged in delivery
TXN-100642,2026-07-10,10:19,stock_in,PRD-6634,Unsalted Butter,Dairy,Butter,Dairy Fresh Cooperative,PO-40801,INV-58224,LOT-260710-78,5.0,BLOCK,122.72,613.6,Main Kitchen Cooler,L. Kim,2026-08-24,
TXN-100643,2026-07-10,20:48,stock_out,PRD-7701,"Chicken Breast, Boneless",Meat,Poultry,Metro Meat & Poultry,,,,-3.91,lb,4.63,-18.1,Main Kitchen Cooler,J. Nguyen,,
TXN-100644,2026-07-10,08:55,waste,PRD-8806,Basmati Rice,Dry Goods,Grains,Pantry Staples Wholesale,,,,-1.0,25lb bag,28.99,-28.99,Dry Storage Room,R. Patel,,Expired
TXN-100645,2026-07-10,20:06,transfer,PRD-8807,Dried Penne Pasta,Dry Goods,Grains,Pantry Staples Wholesale,,,,3.0,case (12x1lb),19.82,59.46,Bar Storage,M. Osei,,Transferred to Walk-In Freezer
TXN-100646,2026-07-10,18:03,stock_out,PRD-9902,Brioche Burger Buns,Bakery,Bread,Sunrise Bakery Supply,,,,-3.0,case (48ct),27.06,-81.18,Dry Storage Room,R. Patel,,
TXN-100647,2026-07-11,07:07,stock_out,PRD-7704,"Bacon, Sliced",Meat,Pork,Metro Meat & Poultry,,,,-2.79,lb,7.22,-20.14,Main Kitchen Cooler,L. Kim,,
TXN-100648,2026-07-11,09:28,waste,PRD-8806,Basmati Rice,Dry Goods,Grains,Pantry Staples Wholesale,,,,-1.0,25lb bag,28.79,-28.79,Dry Storage Room,M. Osei,,Prep trim loss
TXN-100649,2026-07-11,09:11,stock_in,PRD-3317,Shredded Mozzarella,Dairy,Cheese,Dairy Fresh Cooperative,PO-40684,INV-58329,LOT-260711-12,16.95,lb,5.49,93.06,Main Kitchen Cooler,D. Alvarez,2026-08-01,
TXN-100650,2026-07-11,20:10,stock_in,PRD-3317,Shredded Mozzarella,Dairy,Cheese,Dairy Fresh Cooperative,PO-40714,INV-58366,LOT-260711-29,3.89,lb,5.71,22.21,Main Kitchen Cooler,,2026-08-01,
TXN-100651,2026-07-11,11:07,waste,PRD-9902,Brioche Burger Buns,Bakery,Bread,Sunrise Bakery Supply,,,,-1.0,case (48ct),27.15,-27.15,Dry Storage Room,L. Kim,,Quality reject
TXN-100652,2026-07-11,08:38,stock_out,PRD-4410,Organic Baby Spinach,Produce,Leafy Greens,Green Valley Produce Co.,,,,-2.0,case,14.94,-29.88,Main Kitchen Cooler,T. Fischer,,
TXN-100653,2026-07-11,08:15,stock_in,PRD-2212,"Bell Peppers, Mixed",Produce,Vegetables,Green Valley Produce Co.,PO-40478,INV-58696,LOT-260711-97,5.0,case,29.08,145.4,Main Kitchen Cooler,T. Fischer,2026-07-20,Received in good condition
TXN-100654,2026-07-11,17:27,stock_out,PRD-3318,Parmesan Wheel,Dairy,Cheese,Dairy Fresh Cooperative,,,,-11.17,lb,12.4,-138.51,Main Kitchen Cooler,D. Alvarez,,
TXN-100655,2026-07-11,14:42,transfer,PRD-9903,"Croissants, Unbaked Frozen",Bakery,Pastry,Sunrise Bakery Supply,,,,3.0,case (72ct),58.93,176.79,Main Kitchen Cooler,C. Romero,,Transferred to Walk-In Freezer
TXN-100656,2026-07-11,07:16,stock_in,BEV-1005,"Draft Beer Keg, Lager",Beverage,Beer,BevCo Beverage Distribution,PO-40447,INV-58579,LOT-260711-26,2.0,keg,144.83,289.66,Bar Storage,D. Alvarez,2026-08-25,
TXN-100657,2026-07-11,20:17,stock_out,PRD-4410,Organic Baby Spinach,Produce,Leafy Greens,Green Valley Produce Co.,,,,-3.0,case,15.17,-45.51,Main Kitchen Cooler,M. Osei,,
TXN-100658,2026-07-11,10:57,stock_out,PRD-7701,"Chicken Breast, Boneless",Meat,Poultry,Metro Meat & Poultry,,,,-2.89,lb,5.03,-14.54,Main Kitchen Cooler,R. Patel,,
TXN-100659,2026-07-11,07:03,stock_in,PRD-9901,Sourdough Loaf,Bakery,Bread,Sunrise Bakery Supply,PO-40366,INV-58267,LOT-260711-69,3.0,each,3.47,10.41,Dry Storage Room,R. Patel,2026-07-14,
TXN-100660,2026-07-11,11:07,stock_out,BEV-1005,"Draft Beer Keg, Lager",Beverage,Beer,BevCo Beverage Distribution,,,,-4.0,keg,153.51,-614.04,Bar Storage,D. Alvarez,,
TXN-100661,2026-07-11,20:17,stock_out,PRD-3315,Heavy Cream 40%,Dairy,Cream & Milk,Dairy Fresh Cooperative,,,,-8.67,gal,10.0,-86.7,Main Kitchen Cooler,J. Nguyen,,
TXN-100662,2026-07-11,07:15,stock_in,PRD-2213,Avocados,Produce,Fruit,Green Valley Produce Co.,PO-40436,INV-58126,LOT-260711-46,6.0,case,37.53,225.18,Main Kitchen Cooler,T. Fischer,2026-07-16,
TXN-100663,2026-07-11,07:29,stock_in,PRD-7705,NY Strip Steak,Meat,Beef,Metro Meat & Poultry,PO-40564,INV-58743,LOT-260711-44,33.57,LB,15.79,530.07,Main Kitchen Cooler,C. Romero,2026-07-17,
TXN-100664,2026-07-11,20:03,stock_in,PRD-2213,Avocados,Produce,Fruit,Green Valley Produce Co.,PO-40156,INV-58861,LOT-260711-19,7.0,case,35.23,246.61,Main Kitchen Cooler,C. Romero,2026-07-16,
TXN-100665,2026-07-11,20:13,stock_in,PRD-8805,Canola Oil,Dry Goods,Oils,Pantry Staples Wholesale,PO-40391,INV-58762,LOT-260711-93,2.0,case (4x1gal),43.88,87.76,Dry Storage Room,J. Nguyen,2027-07-11,
TXN-100666,2026-07-11,16:06,stock_in,PRD-7706,Duck Breast,Meat,Poultry,Metro Meat & Poultry,PO-40601,INV-58556,LOT-260711-59,33.62,LB,13.63,458.24,Main Kitchen Cooler,R. Patel,2026-07-16,
TXN-100667,2026-07-11,10:05,stock_out,PRD-3316,Whole Milk,Dairy,Cream & Milk,Dairy Fresh Cooperative,,,,-1.09,gal,4.09,-4.46,Main Kitchen Cooler,R. Patel,,
TXN-100668,2026-07-11,16:33,stock_out,BEV-1001,"Cola Syrup, 5 Gal BIB",Beverage,Soft Drinks,BevCo Beverage Distribution,,,,-1.0,each,61.68,-61.68,Bar Storage,D. Alvarez,,
TXN-100669,2026-07-11,08:53,stock_out,PRD-4410,Organic Baby Spinach,Produce,Leafy Greens,Green Valley Produce Co.,,,,-2.0,CASE,14.04,-28.08,Main Kitchen Cooler,C. Romero,,
TXN-100670,2026-07-11,10:06,stock_out,PRD-2210,Romaine Lettuce,Produce,Leafy Greens,Green Valley Produce Co.,,,,-2.0,case,25.62,-51.24,Main Kitchen Cooler,L. Kim,,
TXN-100671,2026-07-12,16:29,stock_in,PRD-1103,"Jumbo Shrimp, Peeled",Seafood,Shellfish,Harborline Seafood Distributors,PO-40502,INV-58146,LOT-260712-20,8.82,lb,14.05,123.92,Main Kitchen Cooler,R. Patel,2026-07-16,
TXN-100672,2026-07-12,09:58,waste,PRD-1105,"Mussels, Live",Seafood,Shellfish,Harborline Seafood Distributors,,,,-4.38,lb,5.6,-24.53,Main Kitchen Cooler,J. Nguyen,,Spoilage
TXN-100673,2026-07-12,06:00,stock_out,PRD-2210,Romaine Lettuce,Produce,Leafy Greens,Green Valley Produce Co.,,,,-2.0,case,22.82,-45.64,Main Kitchen Cooler,T. Fischer,,
TXN-100674,2026-07-12,08:39,stock_out,PRD-7706,Duck Breast,Meat,Poultry,Metro Meat & Poultry,,,,-12.29,lb,13.85,-170.22,Main Kitchen Cooler,T. Fischer,,
TXN-100675,2026-07-12,07:00,stock_in,PRD-7704,"Bacon, Sliced",Meat,Pork,Metro Meat & Poultry,PO-40812,INV-58292,LOT-260712-13,9.25,lb,7.56,69.93,Main Kitchen Cooler,J. Nguyen,2026-07-26,
TXN-100676,2026-07-12,08:49,stock_in,BEV-1004,House White Wine,Beverage,Wine,BevCo Beverage Distribution,PO-40122,INV-58219,LOT-260712-31,4.0,case (12x750ml),89.63,358.52,Bar Storage,,2028-07-11,
TXN-100677,2026-07-12,14:53,stock_in,PRD-6634,Unsalted Butter,Dairy,Butter,Dairy Fresh Cooperative,PO-40108,INV-58205,LOT-260712-90,7.0,block,110.36,772.52,Main Kitchen Cooler,L. Kim,2026-08-26,
TXN-100678,2026-07-12,06:31,adjustment,BEV-1005," Draft Beer Keg, Lager ",Beverage,Beer,BevCo Beverage Distribution,,,,-0.6,keg,145.31,-87.19,Bar Storage,T. Fischer,,Unit conversion fix
TXN-100679,2026-07-12,07:17,stock_out,PRD-2213,Avocados,Produce,Fruit,Green Valley Produce Co.,,,,-4.0,CASE,36.02,-144.08,Main Kitchen Cooler,R. Patel,,
TXN-100680,2026-07-12,06:10,stock_out,PRD-9901,Sourdough Loaf,Bakery,Bread,Sunrise Bakery Supply,,,,-2.0,each,3.57,-7.14,Dry Storage Room,M. Osei,,
TXN-100681,2026-07-12,20:53,transfer,PRD-8801,All-Purpose Flour,Dry Goods,Baking,Pantry Staples Wholesale,,,,2.0,50lb bag,20.7,41.4,Prep Station Fridge,M. Osei,,Transferred to Walk-In Freezer
TXN-100682,2026-07-12,18:54,waste,PRD-8803,Kosher Salt,Dry Goods,Seasoning,Pantry Staples Wholesale,,,,-1.0,25LB BAG,10.48,-10.48,Dry Storage Room,T. Fischer,,Damaged in delivery
TXN-100683,2026-07-12,07:50,stock_out,PRD-3315,Heavy Cream 40%,Dairy,Cream & Milk,Dairy Fresh Cooperative,,,,-6.53,gal,10.52,-68.7,Main Kitchen Cooler,M. Osei,,
TXN-100684,2026-07-12,09:43,transfer,PRD-8802,Granulated Sugar,Dry Goods,Baking,Pantry Staples Wholesale,,,,1.0,50LB BAG,25.7,25.7,Main Kitchen Cooler,M. Osei,,Transferred to Walk-In Freezer
TXN-100685,2026-07-12,09:50,stock_in,BEV-1001,"Cola Syrup, 5 Gal BIB",Beverage,Soft Drinks,BevCo Beverage Distribution,PO-40670,INV-58373,LOT-260712-29,3.0,each,57.5,172.5,Bar Storage,L. Kim,2027-01-08,
TXN-100686,2026-07-12,20:48,waste,PRD-9901,Sourdough Loaf,Bakery,Bread,Sunrise Bakery Supply,,,,-1.0,each,3.51,-3.51,Dry Storage Room,C. Romero,,Over-prepped
TXN-100687,2026-07-12,07:40,stock_out,PRD-1104,Sea Scallops U-10,Seafood,Shellfish,Harborline Seafood Distributors,,,,-2.21,lb,21.44,-47.38,Main Kitchen Cooler,M. Osei,,
TXN-100688,2026-07-12,20:06,stock_out,BEV-1002,Sparkling Water Cans,Beverage,Water,BevCo Beverage Distribution,,,,-1.0,case (24ct),14.09,-14.09,Bar Storage,L. Kim,,
TXN-100689,2026-07-12,06:15,waste,PRD-8806,Basmati Rice,Dry Goods,Grains,Pantry Staples Wholesale,,,,-2.0,25lb bag,27.63,-55.26,Dry Storage Room,M. Osei,,Over-prepped
TXN-100690,2026-07-12,16:15,stock_out,PRD-8806,Basmati Rice,Dry Goods,Grains,Pantry Staples Wholesale,,,,-1.0,25lb bag,28.88,-28.88,Dry Storage Room,R. Patel,,
TXN-100691,2026-07-12,20:33,transfer,PRD-8806,Basmati Rice,Dry Goods,Grains,Pantry Staples Wholesale,,,,3.0,25lb bag,29.72,89.16,Bar Storage,R. Patel,,Transferred to Prep Station Fridge
TXN-100692,2026-07-12,09:25,stock_in,PRD-2208,Roma Tomatoes,Produce,Vegetables,Green Valley Produce Co.,PO-40162,INV-58502,LOT-260712-14,8.0,case,30.28,242.24,Main Kitchen Cooler,T. Fischer,2026-07-19,
TXN-100693,2026-07-13,10:25,adjustment,BEV-1003,House Red Wine,Beverage,Wine,BevCo Beverage Distribution,,,,2.31,case (12x750ml),99.08,228.87,Bar Storage,L. Kim,,Recount after audit
TXN-100694,2026-07-13,14:58,transfer,PRD-7702,Ground Beef 80/20,Meat,Beef,Metro Meat & Poultry,,,,1.73,lb,5.9,10.21,Prep Station Fridge,J. Nguyen,,Transferred to Walk-In Freezer
TXN-100695,2026-07-13,08:05,waste,PRD-8805,Canola Oil,Dry Goods,Oils,Pantry Staples Wholesale,,,,-1.0,case (4x1gal),40.89,-40.89,Dry Storage Room,T. Fischer,,Damaged in delivery
TXN-100696,2026-07-13,13:35,stock_in,PRD-7703,Pork Tenderloin,Meat,Pork,Metro Meat & Poultry,PO-40750,INV-58263,LOT-260713-12,13.87,lb,6.58,91.26,Main Kitchen Cooler,D. Alvarez,2026-07-18,
TXN-100697,2026-07-13,07:46,adjustment,PRD-8807,Dried Penne Pasta,Dry Goods,Grains,Pantry Staples Wholesale,,,,-2.64,case (12x1lb),19.4,-51.22,Dry Storage Room,T. Fischer,,Recount after audit
TXN-100698,2026-07-13,17:00,stock_in,PRD-9901,Sourdough Loaf,Bakery,Bread,Sunrise Bakery Supply,PO-40863,INV-58695,LOT-260713-82,4.0,each,4.04,16.16,Dry Storage Room,T. Fischer,2026-07-16,
TXN-100699,2026-07-13,20:45,stock_out,PRD-7703,Pork Tenderloin,Meat,Pork,Metro Meat & Poultry,,,,-8.81,lb,6.36,-56.03,Main Kitchen Cooler,R. Patel,,
TXN-100700,2026-07-13,18:23,stock_in,PRD-2214,Lemons,Produce,Fruit,Green Valley Produce Co.,PO-40535,INV-58521,LOT-260713-20,4.0,case,27.36,109.44,Main Kitchen Cooler,D. Alvarez,2026-07-27,
TXN-100701,2026-07-13,13:33,stock_out,BEV-1003,House Red Wine,Beverage,Wine,BevCo Beverage Distribution,,,,-3.0,case (12x750ml),101.71,-305.13,Bar Storage,C. Romero,,
TXN-100702,2026-07-13,10:52,stock_out,BEV-1001,"Cola Syrup, 5 Gal BIB",Beverage,Soft Drinks,BevCo Beverage Distribution,,,,-1.0,each,62.06,-62.06,Bar Storage,R. Patel,,
TXN-100703,2026-07-13,08:29,stock_in,BEV-1003,House Red Wine,Beverage,Wine,BevCo Beverage Distribution,PO-40672,INV-58478,LOT-260713-25,4.0,case (12x750ml),99.79,399.16,Bar Storage,C. Romero,2028-07-12,
TXN-100704,2026-07-13,09:19,stock_out,PRD-2211,"Garlic, Peeled",Produce,Aromatics,Green Valley Produce Co.,,,,-4.76,lb,5.92,-28.18,Main Kitchen Cooler,J. Nguyen,,
TXN-100705,2026-07-13,08:11,transfer,PRD-7704,"Bacon, Sliced",Meat,Pork,Metro Meat & Poultry,,,,5.1,LB,6.63,33.81,Prep Station Fridge,C. Romero,,Transferred to Main Kitchen Cooler
TXN-100706,2026-07-13,09:50,stock_out,PRD-7704,"Bacon, Sliced",Meat,Pork,Metro Meat & Poultry,,,,-5.97,lb,7.59,-45.31,Main Kitchen Cooler,L. Kim,,
TXN-100707,2026-07-13,16:28,waste,PRD-9902,Brioche Burger Buns,Bakery,Bread,Sunrise Bakery Supply,,,,-1.0,case (48ct),29.54,-29.54,Dry Storage Room,D. Alvarez,,Quality reject
TXN-100708,2026-07-13,06:42,stock_out,PRD-8805,Canola Oil,Dry Goods,Oils,Pantry Staples Wholesale,,,,-4.0,CASE (4X1GAL),43.59,-174.36,Dry Storage Room,T. Fischer,,
TXN-100709,2026-07-13,07:41,stock_out,PRD-7704,"Bacon, Sliced",Meat,Pork,Metro Meat & Poultry,,,,-8.61,lb,6.85,-58.98,Main Kitchen Cooler,C. Romero,,
TXN-100710,2026-07-13,11:32,stock_in,BEV-1003,House Red Wine,Beverage,Wine,BevCo Beverage Distribution,PO-40644,INV-58284,LOT-260713-12,7.0,case (12x750ml),90.17,631.19,Bar Storage,M. Osei,2028-07-12,
TXN-100711,2026-07-14,14:02,stock_out,PRD-7706,Duck Breast,Meat,Poultry,Metro Meat & Poultry,,,,-7.63,lb,14.54,-110.94,Main Kitchen Cooler,M. Osei,,
TXN-100712,2026-07-14,07:07,stock_out,PRD-7705,NY Strip Steak,Meat,Beef,Metro Meat & Poultry,,,,-14.71,lb,15.5,-228.01,Main Kitchen Cooler,M. Osei,,
TXN-100713,2026-07-14,16:10,adjustment,PRD-7704,"Bacon, Sliced",Meat,Pork,Metro Meat & Poultry,,,,-2.65,lb,7.73,-20.48,Main Kitchen Cooler,J. Nguyen,,Cycle count correction
TXN-100714,2026-07-14,09:16,stock_out,PRD-2212,"Bell Peppers, Mixed",Produce,Vegetables,Green Valley Produce Co.,,,,-2.0,CASE,28.73,-57.46,Main Kitchen Cooler,D. Alvarez,,
TXN-100715,2026-07-14,18:32,stock_out,PRD-6634,Unsalted Butter,Dairy,Butter,Dairy Fresh Cooperative,,,,-2.0,block,111.58,-223.16,Main Kitchen Cooler,D. Alvarez,,
TXN-100716,2026-07-14,08:58,stock_out,PRD-1103,"Jumbo Shrimp, Peeled",Seafood,Shellfish,Harborline Seafood Distributors,,,,-13.35,lb,14.25,-190.24,Main Kitchen Cooler,C. Romero,,
TXN-100717,2026-07-14,10:28,stock_out,PRD-4410,Organic Baby Spinach,Produce,Leafy Greens,Green Valley Produce Co.,,,,-1.0,case,14.51,-14.51,Main Kitchen Cooler,J. Nguyen,,
TXN-100718,2026-07-14,13:27,waste,PRD-3315,Heavy Cream 40%,Dairy,Cream & Milk,Dairy Fresh Cooperative,,,,-4.81,gal,9.84,-47.33,Main Kitchen Cooler,D. Alvarez,,Spoilage
TXN-100719,2026-07-14,11:17,stock_in,PRD-3315,Heavy Cream 40%,Dairy,Cream & Milk,Dairy Fresh Cooperative,PO-40489,INV-58459,LOT-260714-90,24.72,GAL,10.28,254.12,Main Kitchen Cooler,J. Nguyen,2026-07-24,
TXN-100720,2026-07-14,17:07,stock_in,PRD-7704,"Bacon, Sliced",Meat,Pork,Metro Meat & Poultry,PO-40386,INV-58542,LOT-260714-36,33.56,lb,7.46,250.36,Main Kitchen Cooler,C. Romero,2026-07-28,
TXN-100721,2026-07-14,16:20,stock_in,PRD-9901, Sourdough Loaf ,Bakery,Bread,Sunrise Bakery Supply,PO-40713,INV-58436,LOT-260714-12,3.0,each,3.73,11.19,Dry Storage Room,,2026-07-17,
TXN-100722,2026-07-14,17:45,stock_out,PRD-3316,Whole Milk,Dairy,Cream & Milk,Dairy Fresh Cooperative,,,,-7.59,gal,4.13,-31.35,Main Kitchen Cooler,D. Alvarez,,
TXN-100723,2026-07-14,20:42,transfer,PRD-1103,"Jumbo Shrimp, Peeled",Seafood,Shellfish,Harborline Seafood Distributors,,,,3.23,lb,14.45,46.67,Dry Storage Room,L. Kim,,Transferred to Walk-In Freezer
TXN-100724,2026-07-14,09:59,stock_in,PRD-1102,Atlantic Salmon Fillet,Seafood,Finfish,Coastal Farms & Purveyors Ltd.,PO-40860,INV-58120,LOT-260714-45,9.33,LB,10.37,96.75,Main Kitchen Cooler,T. Fischer,2026-07-20,
TXN-100725,2026-07-14,11:23,stock_in,PRD-5521,"Free-Range Eggs, Large",Dairy,Eggs,Dairy Fresh Cooperative,PO-40820,INV-58823,LOT-260714-87,1.0,case,46.75,46.75,Main Kitchen Cooler,J. Nguyen,2026-08-11,Short delivery vs PO — see delivery receipt
TXN-100726,2026-07-14,11:10,stock_out,PRD-7702,Ground Beef 80/20,Meat,Beef,Metro Meat & Poultry,,,,-8.5,lb,6.1,-51.85,Main Kitchen Cooler,C. Romero,,
TXN-100727,2026-07-15,07:16,stock_out,PRD-4410,Organic Baby Spinach,Produce,Leafy Greens,Green Valley Produce Co.,,,,-4.0,case,15.01,-60.04,Main Kitchen Cooler,C. Romero,,
TXN-100728,2026-07-15,17:43,adjustment,PRD-1103,"Jumbo Shrimp, Peeled",Seafood,Shellfish,Harborline Seafood Distributors,,,,0.2,LB,14.21,2.84,Main Kitchen Cooler,C. Romero,,Unit conversion fix
TXN-100729,2026-07-15,09:27,transfer,PRD-2207,Yukon Gold Potatoes,Produce,Root Vegetables,Green Valley Produce Co.,,,,3.0,sack,26.99,80.97,Prep Station Fridge,T. Fischer,,Transferred to Walk-In Freezer
TXN-100730,2026-07-15,10:34,stock_in,PRD-5521,"Free-Range Eggs, Large",Dairy,Eggs,Dairy Fresh Cooperative,PO-40299,INV-58442,LOT-260715-20,4.0,case,43.09,172.36,Main Kitchen Cooler,C. Romero,2026-08-12,
TXN-100731,2026-07-15,09:19,stock_in,PRD-6634,Unsalted Butter,Dairy,Butter,Dairy Fresh Cooperative,PO-40128,INV-58591,LOT-260715-65,1.0,block,121.28,121.28,Main Kitchen Cooler,L. Kim,2026-08-29,Short delivery vs PO — see delivery receipt
TXN-100732,2026-07-15,08:21,stock_in,PRD-6634,Unsalted Butter,Dairy,Butter,Dairy Fresh Cooperative,PO-40632,INV-58342,LOT-260715-19,7.0,BLOCK,125.02,875.14,Main Kitchen Cooler,L. Kim,2026-08-29,
TXN-100733,2026-07-15,10:20,transfer,PRD-2207,Yukon Gold Potatoes,Produce,Root Vegetables,Green Valley Produce Co.,,,,3.0,SACK,29.27,87.81,Main Kitchen Cooler,D. Alvarez,,Transferred to Walk-In Freezer
TXN-100734,2026-07-15,13:03,stock_out,PRD-2210,Romaine Lettuce,Produce,Leafy Greens,Green Valley Produce Co.,,,,-2.0,case,24.28,-48.56,Main Kitchen Cooler,D. Alvarez,,
TXN-100735,2026-07-15,10:29,stock_in,PRD-1105,"Mussels, Live",Seafood,Shellfish,Harborline Seafood Distributors,PO-40734,INV-58203,LOT-260715-53,32.22,lb,6.26,201.7,Main Kitchen Cooler,T. Fischer,2026-07-17,
TXN-100736,2026-07-15,17:04,stock_in,PRD-2210,Romaine Lettuce,Produce,Leafy Greens,Green Valley Produce Co.,PO-40686,INV-58229,LOT-260715-91,5.0,case,26.1,130.5,Main Kitchen Cooler,C. Romero,2026-07-20,
TXN-100737,2026-07-15,08:37,stock_in,PRD-1104,Sea Scallops U-10,Seafood,Shellfish,Harborline Seafood Distributors,PO-40872,INV-58466,LOT-260715-49,18.56,lb,24.16,448.41,Main Kitchen Cooler,C. Romero,2026-07-19,
TXN-100738,2026-07-15,13:37,adjustment,PRD-8803,Kosher Salt,Dry Goods,Seasoning,Pantry Staples Wholesale,,,,0.95,25lb bag,10.37,9.85,Dry Storage Room,J. Nguyen,,Cycle count correction
TXN-100739,2026-07-15,09:12,waste,PRD-3317,Shredded Mozzarella,Dairy,Cheese,Dairy Fresh Cooperative,,,,-3.41,lb,5.77,-19.68,Main Kitchen Cooler,R. Patel,,Over-prepped
TXN-100740,2026-07-15,10:21,stock_out,PRD-8801,All-Purpose Flour,Dry Goods,Baking,Pantry Staples Wholesale,,,,-1.0,50lb bag,21.84,-21.84,Dry Storage Room,L. Kim,,
TXN-100741,2026-07-15,11:39,stock_out,PRD-5521,"Free-Range Eggs, Large",Dairy,Eggs,Dairy Fresh Cooperative,,,,-2.0,case,46.66,-93.32,Main Kitchen Cooler,L. Kim,,
TXN-100742,2026-07-15,20:00,stock_out,PRD-3318,Parmesan Wheel,Dairy,Cheese,Dairy Fresh Cooperative,,,,-5.76,lb,12.02,-69.24,Main Kitchen Cooler,D. Alvarez,,
TXN-100743,2026-07-15,09:02,transfer,PRD-2214,Lemons,Produce,Fruit,Green Valley Produce Co.,,,,3.0,case,27.6,82.8,Walk-In Freezer,J. Nguyen,,Transferred to Prep Station Fridge
TXN-100744,2026-07-16,06:11,stock_in,PRD-6634,Unsalted Butter,Dairy,Butter,Dairy Fresh Cooperative,PO-40121,INV-58793,LOT-260716-27,7.0,block,126.71,886.97,Main Kitchen Cooler,R. Patel,2026-08-30,
TXN-100745,2026-07-16,16:10,waste,PRD-8803,Kosher Salt,Dry Goods,Seasoning,Pantry Staples Wholesale,,,,-2.0,25lb bag,11.84,-23.68,Dry Storage Room,C. Romero,,Expired
TXN-100746,2026-07-16,08:34,waste,PRD-4410,Organic Baby Spinach,Produce,Leafy Greens,Green Valley Produce Co.,,,,-1.0,case,13.91,-13.91,Main Kitchen Cooler,C. Romero,,Expired
TXN-100747,2026-07-16,20:34,stock_out,PRD-1105,"Mussels, Live",Seafood,Shellfish,Harborline Seafood Distributors,,,,-4.77,LB,5.57,-26.57,Main Kitchen Cooler,J. Nguyen,,
TXN-100748,2026-07-16,11:13,adjustment,BEV-1002,Sparkling Water Cans,Beverage,Water,BevCo Beverage Distribution,,,,1.36,case (24ct),15.06,20.48,Bar Storage,L. Kim,,Cycle count correction
TXN-100749,2026-07-16,13:29,stock_out,BEV-1002,Sparkling Water Cans,Beverage,Water,BevCo Beverage Distribution,,,,-2.0,case (24ct),14.89,-29.78,Bar Storage,C. Romero,,
TXN-100750,2026-07-16,16:58,stock_out,PRD-7702,Ground Beef 80/20,Meat,Beef,Metro Meat & Poultry,,,,-11.96,lb,6.09,-72.84,Main Kitchen Cooler,J. Nguyen,,
TXN-100751,2026-07-16,10:56,stock_in,PRD-8805,Canola Oil,Dry Goods,Oils,Pantry Staples Wholesale,PO-40483,INV-58360,LOT-260716-80,4.0,case (4x1gal),39.7,158.8,Dry Storage Room,D. Alvarez,2027-07-16,
TXN-100752,2026-07-16,09:27,stock_out,PRD-9902,Brioche Burger Buns,Bakery,Bread,Sunrise Bakery Supply,,,,-2.0,case (48ct),28.19,-56.38,Dry Storage Room,M. Osei,,
TXN-100753,2026-07-16,08:41,stock_out,PRD-3316,Whole Milk,Dairy,Cream & Milk,Dairy Fresh Cooperative,,,,-1.6,gal,4.47,-7.15,Main Kitchen Cooler,M. Osei,,
TXN-100754,2026-07-16,07:07,transfer,PRD-7702,Ground Beef 80/20,Meat,Beef,Metro Meat & Poultry,,,,1.36,lb,5.99,8.15,Dry Storage Room,M. Osei,,Transferred to Prep Station Fridge
TXN-100755,2026-07-16,14:08,stock_in,PRD-7702,Ground Beef 80/20,Meat,Beef,Metro Meat & Poultry,PO-40857,INV-58656,LOT-260716-43,39.94,lb,6.19,247.23,Main Kitchen Cooler,D. Alvarez,2026-07-20,
TXN-100756,2026-07-16,06:30,waste,PRD-2214,Lemons,Produce,Fruit,Green Valley Produce Co.,,,,-2.0,case,31.27,-62.54,Main Kitchen Cooler,J. Nguyen,,Quality reject
TXN-100757,2026-07-16,14:50,stock_in,PRD-9903,"Croissants, Unbaked Frozen",Bakery,Pastry,Sunrise Bakery Supply,PO-40572,INV-58448,LOT-260716-20,5.0,case (72ct),63.68,318.4,Walk-In Freezer,M. Osei,2026-10-14,
TXN-100758,2026-07-16,07:36,stock_in,BEV-1005,"Draft Beer Keg, Lager",Beverage,Beer,BevCo Beverage Distribution,PO-40855,INV-58109,LOT-260716-73,7.0,keg,140.49,983.43,Bar Storage,L. Kim,2026-08-30,
TXN-100759,2026-07-16,14:01,stock_in,BEV-1004,House White Wine,Beverage,Wine,BevCo Beverage Distribution,PO-40242,INV-58257,LOT-260716-52,5.0,case (12x750ml),83.26,416.3,Bar Storage,C. Romero,2028-07-15,
TXN-100760,2026-07-17,10:12,stock_in,PRD-8805,Canola Oil,Dry Goods,Oils,Pantry Staples Wholesale,PO-40562,INV-58754,LOT-260717-48,4.0,case (4x1gal),40.85,163.4,Dry Storage Room,D. Alvarez,2027-07-17,
TXN-100761,2026-07-17,07:58,stock_in,PRD-1103,"Jumbo Shrimp, Peeled",Seafood,Shellfish,Harborline Seafood Distributors,PO-40338,INV-58398,LOT-260717-94,38.59,lb,14.29,551.45,Main Kitchen Cooler,C. Romero,2026-07-21,
TXN-100762,2026-07-17,07:08,stock_out,PRD-8806,Basmati Rice,Dry Goods,Grains,Pantry Staples Wholesale,,,,-3.0,25lb bag,27.65,-82.95,Dry Storage Room,D. Alvarez,,
TXN-100763,2026-07-17,20:45,stock_out,PRD-3318,Parmesan Wheel,Dairy,Cheese,Dairy Fresh Cooperative,,,,-10.14,lb,12.2,-123.71,Main Kitchen Cooler,C. Romero,,
TXN-100764,2026-07-17,06:09,stock_in,PRD-9902,Brioche Burger Buns,Bakery,Bread,Sunrise Bakery Supply,PO-40719,INV-58352,LOT-260717-77,4.0,case (48ct),29.98,119.92,Dry Storage Room,M. Osei,2026-07-22,
TXN-100765,2026-07-17,11:22,stock_out,PRD-7703,Pork Tenderloin,Meat,Pork,Metro Meat & Poultry,,,,-10.65,lb,6.98,-74.34,Main Kitchen Cooler,M. Osei,,
TXN-100766,2026-07-17,14:46,stock_in,PRD-8806,Basmati Rice,Dry Goods,Grains,Pantry Staples Wholesale,PO-40774,INV-58287,LOT-260717-99,4.0,25LB BAG,27.24,108.96,Dry Storage Room,C. Romero,2028-07-16,
TXN-100767,2026-07-17,07:44,stock_in,BEV-1004,House White Wine,Beverage,Wine,BevCo Beverage Distribution,PO-40605,INV-58521,LOT-260717-80,6.0,CASE (12X750ML),95.79,574.74,Bar Storage,D. Alvarez,2028-07-16,
TXN-100768,2026-07-17,08:32,stock_in,PRD-9901,Sourdough Loaf,Bakery,Bread,Sunrise Bakery Supply,PO-40754,INV-58811,LOT-260717-96,1.0,each,3.47,3.47,Dry Storage Room,T. Fischer,2026-07-20,
TXN-100769,2026-07-17,07:20,stock_in,PRD-7701,"Chicken Breast, Boneless",Meat,Poultry,Metro Meat & Poultry,PO-40572,INV-58169,LOT-260717-20,27.47,lb,4.82,132.41,Main Kitchen Cooler,C. Romero,2026-07-21,
TXN-100770,2026-07-17,06:38,stock_in,PRD-3315,Heavy Cream 40%,Dairy,Cream & Milk,Dairy Fresh Cooperative,PO-40647,INV-58859,LOT-260717-60,5.82,gal,9.43,54.88,Main Kitchen Cooler,J. Nguyen,2026-07-27,
TXN-100771,2026-07-17,16:34,stock_out,PRD-3318,Parmesan Wheel,Dairy,Cheese,Dairy Fresh Cooperative,,,,-3.63,lb,13.31,-48.32,Main Kitchen Cooler,L. Kim,,
TXN-100772,2026-07-17,08:28,stock_out,PRD-2210,Romaine Lettuce,Produce,Leafy Greens,Green Valley Produce Co.,,,,-1.0,case,22.79,-22.79,Main Kitchen Cooler,L. Kim,,
TXN-100773,2026-07-17,06:26,stock_in,PRD-6634,Unsalted Butter,Dairy,Butter,Dairy Fresh Cooperative,PO-40296,INV-58796,LOT-260717-95,1.0,block,109.66,109.66,Main Kitchen Cooler,D. Alvarez,2026-08-31,
TXN-100774,2026-07-17,13:06,stock_in,PRD-3315,Heavy Cream 40%,Dairy,Cream & Milk,Dairy Fresh Cooperative,PO-40741,INV-58294,LOT-260717-89,32.99,gal,9.47,312.42,Main Kitchen Cooler,J. Nguyen,2026-07-27,
TXN-100775,2026-07-17,10:41,stock_in,PRD-7705,NY Strip Steak,Meat,Beef,Metro Meat & Poultry,PO-40569,INV-58325,LOT-260717-18,14.02,lb,15.13,212.12,Main Kitchen Cooler,T. Fischer,2026-07-23,
TXN-100776,2026-07-17,11:06,waste,PRD-7704,"Bacon, Sliced",Meat,Pork,Metro Meat & Poultry,,,,-3.62,lb,7.54,-27.29,Main Kitchen Cooler,L. Kim,,Over-prepped
TXN-100777,2026-07-18,18:44,stock_out,PRD-8804,"Olive Oil, Extra Virgin",Dry Goods,Oils,Pantry Staples Wholesale,,,,-1.0,case (6x1L),54.99,-54.99,Dry Storage Room,L. Kim,,
TXN-100778,2026-07-18,06:38,stock_in,PRD-9903,"Croissants, Unbaked Frozen",Bakery,Pastry,Sunrise Bakery Supply,PO-40623,INV-58755,LOT-260718-39,7.0,case (72ct),63.48,444.36,Walk-In Freezer,C. Romero,2026-10-16,
TXN-100779,2026-07-18,10:48,stock_in,PRD-7704,"Bacon, Sliced",Meat,Pork,Metro Meat & Poultry,PO-40240,INV-58483,LOT-260718-73,11.25,lb,6.72,75.6,Main Kitchen Cooler,M. Osei,2026-08-01,
TXN-100780,2026-07-18,09:08,stock_out,PRD-9901,Sourdough Loaf,Bakery,Bread,Sunrise Bakery Supply,,,,-2.0,EACH,3.84,-7.68,Dry Storage Room,L. Kim,,
TXN-100781,2026-07-18,08:54,waste,PRD-7703,Pork Tenderloin,Meat,Pork,Metro Meat & Poultry,,,,-3.72,LB,6.58,-24.48,Main Kitchen Cooler,J. Nguyen,,Over-prepped
TXN-100782,2026-07-18,10:33,stock_out,PRD-5521,"Free-Range Eggs, Large",Dairy,Eggs,Dairy Fresh Cooperative,,,,-2.0,CASE,46.37,-92.74,Main Kitchen Cooler,D. Alvarez,,
TXN-100783,2026-07-18,07:13,stock_out,PRD-2207,Yukon Gold Potatoes,Produce,Root Vegetables,Green Valley Produce Co.,,,,-1.0,sack,26.54,-26.54,Dry Storage Room,C. Romero,,
TXN-100784,2026-07-18,11:19,stock_out,PRD-2209,Yellow Onions,Produce,Root Vegetables,Green Valley Produce Co.,,,,-1.0,sack,17.6,-17.6,Dry Storage Room,R. Patel,,
TXN-100785,2026-07-18,08:17,adjustment,PRD-9901,Sourdough Loaf,Bakery,Bread,Sunrise Bakery Supply,,,,2.17,each,3.74,8.12,Dry Storage Room,M. Osei,,Unit conversion fix
TXN-100786,2026-07-18,18:09,stock_out,PRD-1105,"Mussels, Live",Seafood,Shellfish,Harborline Seafood Distributors,,,,-12.38,lb,6.18,-76.51,Main Kitchen Cooler,D. Alvarez,,
TXN-100787,2026-07-18,07:35,stock_out,PRD-7704,"Bacon, Sliced",Meat,Pork,Metro Meat & Poultry,,,,-11.04,lb,6.92,-76.4,Main Kitchen Cooler,R. Patel,,
TXN-100788,2026-07-18,07:45,stock_in,PRD-9903,"Croissants, Unbaked Frozen",Bakery,Pastry,Sunrise Bakery Supply,PO-40294,INV-58104,LOT-260718-11,4.0,case (72ct),60.46,241.84,Walk-In Freezer,L. Kim,2026-10-16,
TXN-100789,2026-07-18,08:41,stock_out,PRD-8803,Kosher Salt,Dry Goods,Seasoning,Pantry Staples Wholesale,,,,-4.0,25lb bag,10.25,-41.0,Dry Storage Room,D. Alvarez,,
TXN-100790,2026-07-18,10:16,stock_in,PRD-3315,Heavy Cream 40%,Dairy,Cream & Milk,Dairy Fresh Cooperative,PO-40456,INV-58621,LOT-260718-72,31.31,gal,10.14,317.48,Main Kitchen Cooler,T. Fischer,2026-07-28,
TXN-100791,2026-07-18,20:23,stock_out,PRD-6634,Unsalted Butter,Dairy,Butter,Dairy Fresh Cooperative,,,,-3.0,block,122.26,-366.78,Main Kitchen Cooler,T. Fischer,,
TXN-100792,2026-07-18,14:37,stock_in,PRD-2212,"Bell Peppers, Mixed",Produce,Vegetables,Green Valley Produce Co.,PO-40112,INV-58219,LOT-260718-21,8.0,case,28.79,230.32,Main Kitchen Cooler,T. Fischer,2026-07-27,
TXN-100793,2026-07-18,07:53,transfer,PRD-3317,Shredded Mozzarella,Dairy,Cheese,Dairy Fresh Cooperative,,,,3.13,lb,5.6,17.53,Bar Storage,C. Romero,,Transferred to Walk-In Freezer
TXN-100794,2026-07-18,14:49,stock_in,PRD-2209, Yellow Onions ,Produce,Root Vegetables,Green Valley Produce Co.,PO-40375,INV-58866,LOT-260718-36,7.0,sack,19.43,136.01,Dry Storage Room,T. Fischer,2026-08-17,
TXN-100795,2026-07-18,10:33,waste,PRD-2208,Roma Tomatoes,Produce,Vegetables,Green Valley Produce Co.,,,,-1.0,case,30.92,-30.92,Main Kitchen Cooler,R. Patel,,Prep trim loss
TXN-100796,2026-07-18,07:28,stock_in,BEV-1001,"Cola Syrup, 5 Gal BIB",Beverage,Soft Drinks,BevCo Beverage Distribution,PO-40305,INV-58160,LOT-260718-33,5.0,each,59.15,295.75,Bar Storage,L. Kim,2027-01-14,
TXN-100797,2026-07-18,16:10,stock_in,PRD-1105,"Mussels, Live",Seafood,Shellfish,Harborline Seafood Distributors,PO-40227,INV-58383,LOT-260718-18,5.03,lb,5.51,27.72,Main Kitchen Cooler,M. Osei,2026-07-20,Short delivery vs PO — see delivery receipt
TXN-100798,2026-07-18,18:00,stock_in,PRD-1102,Atlantic Salmon Fillet,Seafood,Finfish,Coastal Farms & Purveyors Ltd.,PO-40142,INV-58199,LOT-260718-37,27.28,lb,11.77,321.09,Main Kitchen Cooler,C. Romero,2026-07-24,
TXN-100799,2026-07-18,09:38,stock_out,BEV-1001,"Cola Syrup, 5 Gal BIB",Beverage,Soft Drinks,BevCo Beverage Distribution,,,,-2.0,each,60.72,-121.44,Bar Storage,M. Osei,,
TXN-100800,2026-07-18,06:22,stock_out,PRD-8805,Canola Oil,Dry Goods,Oils,Pantry Staples Wholesale,,,,-4.0,case (4x1gal),44.06,-176.24,Dry Storage Room,D. Alvarez,,
TXN-100801,2026-07-19,20:33,stock_out,PRD-1103,"Jumbo Shrimp, Peeled",Seafood,Shellfish,Harborline Seafood Distributors,,,,-4.55,lb,15.27,-69.48,Main Kitchen Cooler,L. Kim,,
TXN-100802,2026-07-19,16:12,stock_out,PRD-9903,"Croissants, Unbaked Frozen",Bakery,Pastry,Sunrise Bakery Supply,,,,-1.0,case (72ct),65.41,-65.41,Walk-In Freezer,L. Kim,,
TXN-100803,2026-07-19,08:38,stock_out,PRD-7705,NY Strip Steak,Meat,Beef,Metro Meat & Poultry,,,,-7.53,LB,15.99,-120.4,Main Kitchen Cooler,L. Kim,,
TXN-100804,2026-07-19,20:44,adjustment,PRD-9903,"Croissants, Unbaked Frozen",Bakery,Pastry,Sunrise Bakery Supply,,,,2.43,case (72ct),66.4,161.35,Walk-In Freezer,M. Osei,,System entry error
TXN-100805,2026-07-19,11:50,stock_in,BEV-1002,Sparkling Water Cans,Beverage,Water,BevCo Beverage Distribution,PO-40661,INV-58578,LOT-260719-31,2.0,case (24ct),15.17,30.34,Bar Storage,R. Patel,2027-07-19,
TXN-100806,2026-07-19,17:01,stock_in,PRD-2209,Yellow Onions,Produce,Root Vegetables,Green Valley Produce Co.,PO-40492,INV-58884,LOT-260719-45,2.0,sack,19.77,39.54,Dry Storage Room,J. Nguyen,2026-08-18,
TXN-100807,2026-07-19,11:05,stock_out,BEV-1004,House White Wine,Beverage,Wine,BevCo Beverage Distribution,,,,-3.0,case (12x750ml),87.59,-262.77,Bar Storage,J. Nguyen,,
TXN-100808,2026-07-19,17:47,stock_out,PRD-8801,All-Purpose Flour,Dry Goods,Baking,Pantry Staples Wholesale,,,,-3.0,50lb bag,21.58,-64.74,Dry Storage Room,T. Fischer,,
TXN-100809,2026-07-19,07:18,stock_in,PRD-5521,"Free-Range Eggs, Large",Dairy,Eggs,Dairy Fresh Cooperative,PO-40858,INV-58706,LOT-260719-34,2.0,case,43.72,87.44,Main Kitchen Cooler,T. Fischer,2026-08-16,
TXN-100810,2026-07-19,14:34,stock_out,PRD-1102,Atlantic Salmon Fillet,Seafood,Finfish,Coastal Farms & Purveyors Ltd.,,,,-3.25,lb,11.05,-35.91,Main Kitchen Cooler,R. Patel,,
TXN-100811,2026-07-19,14:37,stock_out,PRD-4410,Organic Baby Spinach,Produce,Leafy Greens,Green Valley Produce Co.,,,,-2.0,case,13.96,-27.92,Main Kitchen Cooler,C. Romero,,
TXN-100812,2026-07-19,11:43,waste,PRD-7703,Pork Tenderloin,Meat,Pork,Metro Meat & Poultry,,,,-2.39,lb,6.86,-16.4,Main Kitchen Cooler,J. Nguyen,,Damaged in delivery
TXN-100813,2026-07-19,13:44,stock_out,PRD-7706,Duck Breast,Meat,Poultry,Metro Meat & Poultry,,,,-2.29,lb,14.68,-33.62,Main Kitchen Cooler,T. Fischer,,
TXN-100814,2026-07-19,10:03,stock_out,PRD-7703,Pork Tenderloin,Meat,Pork,Metro Meat & Poultry,,,,-14.73,lb,6.57,-96.78,Main Kitchen Cooler,L. Kim,,
TXN-100815,2026-07-19,06:59,stock_out,PRD-5521,"Free-Range Eggs, Large",Dairy,Eggs,Dairy Fresh Cooperative,,,,-4.0,case,44.4,-177.6,Main Kitchen Cooler,R. Patel,,
TXN-100816,2026-07-19,13:25,adjustment,PRD-3315,Heavy Cream 40%,Dairy,Cream & Milk,Dairy Fresh Cooperative,,,,-0.98,gal,10.03,-9.83,Main Kitchen Cooler,M. Osei,,Unit conversion fix
TXN-100817,2026-07-20,07:20,stock_out,BEV-1005,"Draft Beer Keg, Lager",Beverage,Beer,BevCo Beverage Distribution,,,,-3.0,KEG,146.86,-440.58,Bar Storage,L. Kim,,
TXN-100818,2026-07-20,11:44,stock_out,PRD-3315,Heavy Cream 40%,Dairy,Cream & Milk,Dairy Fresh Cooperative,,,,-7.5,gal,10.37,-77.77,Main Kitchen Cooler,J. Nguyen,,
TXN-100819,2026-07-20,20:36,stock_out,PRD-1102,Atlantic Salmon Fillet,Seafood,Finfish,Coastal Farms & Purveyors Ltd.,,,,-1.98,lb,11.76,-23.28,Main Kitchen Cooler,L. Kim,,
TXN-100820,2026-07-20,07:22,transfer,PRD-3315,Heavy Cream 40%,Dairy,Cream & Milk,Dairy Fresh Cooperative,,,,5.87,gal,10.44,61.28,Walk-In Freezer,D. Alvarez,,Transferred to Main Kitchen Cooler
TXN-100821,2026-07-20,07:15,stock_in,PRD-8805,Canola Oil,Dry Goods,Oils,Pantry Staples Wholesale,PO-40710,INV-58276,LOT-260720-93,4.0,case (4x1gal),40.67,162.68,Dry Storage Room,T. Fischer,2027-07-20,
TXN-100822,2026-07-20,16:28,stock_in,PRD-8804,"Olive Oil, Extra Virgin",Dry Goods,Oils,Pantry Staples Wholesale,PO-40184,INV-58224,LOT-260720-72,4.0,CASE (6X1L),54.47,217.88,Dry Storage Room,T. Fischer,2027-07-20,
TXN-100823,2026-07-20,07:50,stock_out,PRD-7702,Ground Beef 80/20,Meat,Beef,Metro Meat & Poultry,,,,-9.1,lb,5.84,-53.14,Main Kitchen Cooler,T. Fischer,,
TXN-100824,2026-07-20,20:50,stock_in,PRD-7705,NY Strip Steak,Meat,Beef,Metro Meat & Poultry,PO-40817,INV-58120,LOT-260720-60,22.43,lb,15.17,340.26,Main Kitchen Cooler,C. Romero,2026-07-26,
TXN-100825,2026-07-20,18:41,stock_out,BEV-1004,House White Wine,Beverage,Wine,BevCo Beverage Distribution,,,,-1.0,case (12x750ml),93.64,-93.64,Bar Storage,T. Fischer,,
TXN-100826,2026-07-20,11:51,stock_in,PRD-3316,Whole Milk,Dairy,Cream & Milk,Dairy Fresh Cooperative,PO-40688,INV-58311,LOT-260720-93,13.94,gal,3.89,54.23,Main Kitchen Cooler,J. Nguyen,2026-07-30,
TXN-100827,2026-07-20,13:10,stock_out,PRD-7704,"Bacon, Sliced",Meat,Pork,Metro Meat & Poultry,,,,-6.63,lb,7.71,-51.12,Main Kitchen Cooler,D. Alvarez,,
TXN-100828,2026-07-21,14:31,stock_out,BEV-1004,House White Wine,Beverage,Wine,BevCo Beverage Distribution,,,,-3.0,case (12x750ml),90.33,-270.99,Bar Storage,M. Osei,,
TXN-100829,2026-07-21,08:09,stock_in,PRD-1104,Sea Scallops U-10,Seafood,Shellfish,Harborline Seafood Distributors,PO-40237,INV-58716,LOT-260721-80,13.39,lb,23.7,317.34,Main Kitchen Cooler,J. Nguyen,2026-07-25,
TXN-100830,2026-07-21,07:25,stock_out,PRD-7701,"Chicken Breast, Boneless",Meat,Poultry,Metro Meat & Poultry,,,,-7.11,lb,5.2,-36.97,Main Kitchen Cooler,T. Fischer,,
TXN-100831,2026-07-21,08:40,stock_out,PRD-2208,Roma Tomatoes,Produce,Vegetables,Green Valley Produce Co.,,,,-3.0,case,30.43,-91.29,Main Kitchen Cooler,M. Osei,,
TXN-100832,2026-07-21,07:20,stock_out,PRD-3315,Heavy Cream 40%,Dairy,Cream & Milk,Dairy Fresh Cooperative,,,,-14.89,gal,9.65,-143.69,Main Kitchen Cooler,D. Alvarez,,
TXN-100833,2026-07-21,13:26,stock_in,BEV-1004,House White Wine,Beverage,Wine,BevCo Beverage Distribution,PO-40471,INV-58441,LOT-260721-44,1.0,CASE (12X750ML),92.02,92.02,Bar Storage,J. Nguyen,2028-07-20,
TXN-100834,2026-07-21,18:59,adjustment,PRD-8804,"Olive Oil, Extra Virgin",Dry Goods,Oils,Pantry Staples Wholesale,,,,-2.26,CASE (6X1L),58.25,-131.64,Dry Storage Room,M. Osei,,Unit conversion fix
TXN-100835,2026-07-21,14:06,stock_out,PRD-7703,Pork Tenderloin,Meat,Pork,Metro Meat & Poultry,,,,-13.5,lb,6.39,-86.27,Main Kitchen Cooler,L. Kim,,
TXN-100836,2026-07-21,20:25,stock_out,BEV-1004,House White Wine,Beverage,Wine,BevCo Beverage Distribution,,,,-2.0,case (12x750ml),84.64,-169.28,Bar Storage,D. Alvarez,,
TXN-100837,2026-07-21,17:17,stock_out,PRD-2212,"Bell Peppers, Mixed",Produce,Vegetables,Green Valley Produce Co.,,,,-1.0,case,28.28,-28.28,Main Kitchen Cooler,M. Osei,,
TXN-100838,2026-07-21,09:51,stock_in,PRD-9902,Brioche Burger Buns,Bakery,Bread,Sunrise Bakery Supply,PO-40538,INV-58633,LOT-260721-39,4.0,case (48ct),27.53,110.12,Dry Storage Room,M. Osei,2026-07-26,
TXN-100839,2026-07-21,08:05,stock_in,PRD-2209,Yellow Onions,Produce,Root Vegetables,Green Valley Produce Co.,PO-40861,INV-58392,LOT-260721-80,2.0,sack,17.19,34.38,Dry Storage Room,R. Patel,2026-08-20,Received in good condition
TXN-100840,2026-07-22,16:43,stock_out,PRD-9903,"Croissants, Unbaked Frozen",Bakery,Pastry,Sunrise Bakery Supply,,,,-4.0,CASE (72CT),66.03,-264.12,Walk-In Freezer,R. Patel,,
TXN-100841,2026-07-22,17:34,stock_out,PRD-1102,Atlantic Salmon Fillet,Seafood,Finfish,Coastal Farms & Purveyors Ltd.,,,,-11.37,lb,10.79,-122.68,Main Kitchen Cooler,T. Fischer,,
TXN-100842,2026-07-22,06:38,stock_out,BEV-1003,House Red Wine,Beverage,Wine,BevCo Beverage Distribution,,,,-2.0,case (12x750ml),90.91,-181.82,Bar Storage,L. Kim,,
TXN-100843,2026-07-22,06:27,stock_out,PRD-4410,Organic Baby Spinach,Produce,Leafy Greens,Green Valley Produce Co.,,,,-2.0,case,13.45,-26.9,Main Kitchen Cooler,D. Alvarez,,
TXN-100844,2026-07-22,11:18,stock_in,PRD-2211,"Garlic, Peeled",Produce,Aromatics,Green Valley Produce Co.,PO-40746,INV-58682,LOT-260722-60,12.06,lb,5.89,71.03,Main Kitchen Cooler,J. Nguyen,2026-08-05,
TXN-100845,2026-07-22,20:31,transfer,PRD-9902,Brioche Burger Buns,Bakery,Bread,Sunrise Bakery Supply,,,,1.0,case (48ct),29.03,29.03,Main Kitchen Cooler,,,Transferred to Main Kitchen Cooler
TXN-100846,2026-07-22,06:06,stock_out,PRD-3316,Whole Milk,Dairy,Cream & Milk,Dairy Fresh Cooperative,,,,-6.75,gal,4.0,-27.0,Main Kitchen Cooler,C. Romero,,
TXN-100847,2026-07-22,18:42,stock_in,BEV-1001,"Cola Syrup, 5 Gal BIB",Beverage,Soft Drinks,BevCo Beverage Distribution,PO-40483,INV-58406,LOT-260722-56,3.0,each,61.71,185.13,Bar Storage,R. Patel,2027-01-18,
TXN-100848,2026-07-22,09:47,stock_in,PRD-9901,Sourdough Loaf,Bakery,Bread,Sunrise Bakery Supply,PO-40826,INV-58303,LOT-260722-24,4.0,each,3.67,14.68,Dry Storage Room,J. Nguyen,2026-07-25,
TXN-100849,2026-07-22,16:17,adjustment,PRD-3317,Shredded Mozzarella,Dairy,Cheese,Dairy Fresh Cooperative,,,,-2.29,lb,5.59,-12.8,Main Kitchen Cooler,R. Patel,,System entry error
TXN-100850,2026-07-23,07:50,stock_in,PRD-8804,"Olive Oil, Extra Virgin",Dry Goods,Oils,Pantry Staples Wholesale,PO-40612,INV-58113,LOT-260723-97,1.0,case (6x1L),54.8,54.8,Dry Storage Room,J. Nguyen,2027-07-23,Short delivery vs PO — see delivery receipt
TXN-100851,2026-07-23,08:18,stock_out,PRD-1102,Atlantic Salmon Fillet,Seafood,Finfish,Coastal Farms & Purveyors Ltd.,,,,-7.55,lb,11.72,-88.49,Main Kitchen Cooler,J. Nguyen,,
TXN-100852,2026-07-23,20:16,waste,PRD-7702,Ground Beef 80/20,Meat,Beef,Metro Meat & Poultry,,,,-4.97,lb,5.71,-28.38,Main Kitchen Cooler,L. Kim,,Expired
TXN-100853,2026-07-23,08:54,stock_out,BEV-1002,Sparkling Water Cans,Beverage,Water,BevCo Beverage Distribution,,,,-3.0,case (24ct),14.71,-44.13,Bar Storage,J. Nguyen,,
TXN-100854,2026-07-23,10:01,transfer,PRD-3317,Shredded Mozzarella,Dairy,Cheese,Dairy Fresh Cooperative,,,,4.08,lb,5.93,24.19,Dry Storage Room,R. Patel,,Transferred to Walk-In Freezer
TXN-100855,2026-07-23,11:03,stock_out,PRD-5521,"Free-Range Eggs, Large",Dairy,Eggs,Dairy Fresh Cooperative,,,,-3.0,CASE,47.88,-143.64,Main Kitchen Cooler,M. Osei,,
TXN-100856,2026-07-23,06:11,stock_in,PRD-8806,Basmati Rice,Dry Goods,Grains,Pantry Staples Wholesale,PO-40862,INV-58429,LOT-260723-37,1.0,25LB BAG,25.76,25.76,Dry Storage Room,M. Osei,2028-07-22,
TXN-100857,2026-07-23,07:06,stock_out,PRD-8803,Kosher Salt,Dry Goods,Seasoning,Pantry Staples Wholesale,,,,-3.0,25lb bag,11.32,-33.96,Dry Storage Room,L. Kim,,
TXN-100858,2026-07-23,14:33,stock_out,PRD-8803,Kosher Salt,Dry Goods,Seasoning,Pantry Staples Wholesale,,,,-3.0,25lb bag,10.54,-31.62,Dry Storage Room,M. Osei,,
TXN-100859,2026-07-23,14:07,stock_out,PRD-4410,Organic Baby Spinach,Produce,Leafy Greens,Green Valley Produce Co.,,,,-1.0,case,15.26,-15.26,Main Kitchen Cooler,T. Fischer,,
TXN-100860,2026-07-23,13:39,stock_in,PRD-2210,Romaine Lettuce,Produce,Leafy Greens,Green Valley Produce Co.,PO-40879,INV-58306,LOT-260723-78,3.0,case,25.64,76.92,Main Kitchen Cooler,T. Fischer,2026-07-28,
TXN-100861,2026-07-23,09:28,adjustment,BEV-1005,"Draft Beer Keg, Lager",Beverage,Beer,BevCo Beverage Distribution,,,,0.78,keg,136.12,106.17,Bar Storage,R. Patel,,Cycle count correction
TXN-100862,2026-07-23,08:44,stock_in,PRD-1103,"Jumbo Shrimp, Peeled",Seafood,Shellfish,Harborline Seafood Distributors,PO-40679,INV-58162,LOT-260723-98,38.76,lb,14.3,554.27,Main Kitchen Cooler,J. Nguyen,2026-07-27,
TXN-100863,2026-07-23,13:24,stock_out,PRD-3315,Heavy Cream 40%,Dairy,Cream & Milk,Dairy Fresh Cooperative,,,,-8.66,gal,9.58,-82.96,Main Kitchen Cooler,C. Romero,,
TXN-100864,2026-07-23,06:56,stock_out,PRD-3318,Parmesan Wheel,Dairy,Cheese,Dairy Fresh Cooperative,,,,-13.97,lb,12.93,-180.63,Main Kitchen Cooler,C. Romero,,
TXN-100865,2026-07-23,08:35,stock_in,PRD-5521,"Free-Range Eggs, Large",Dairy,Eggs,Dairy Fresh Cooperative,PO-40646,INV-58343,LOT-260723-47,2.0,case,44.73,89.46,Main Kitchen Cooler,D. Alvarez,2026-08-20,
TXN-100866,2026-07-24,08:34,adjustment,PRD-6634,Unsalted Butter,Dairy,Butter,Dairy Fresh Cooperative,,,,-2.3,block,121.73,-279.98,Main Kitchen Cooler,T. Fischer,,Recount after audit
TXN-100867,2026-07-24,10:57,stock_out,PRD-7701,"Chicken Breast, Boneless",Meat,Poultry,Metro Meat & Poultry,,,,-9.37,lb,4.71,-44.13,Main Kitchen Cooler,,,
TXN-100868,2026-07-24,06:34,stock_in,PRD-7702,Ground Beef 80/20,Meat,Beef,Metro Meat & Poultry,PO-40899,INV-58697,LOT-260724-23,26.98,lb,6.3,169.97,Main Kitchen Cooler,T. Fischer,2026-07-28,
TXN-100869,2026-07-24,11:14,stock_in,BEV-1005,"Draft Beer Keg, Lager",Beverage,Beer,BevCo Beverage Distribution,PO-40744,INV-58870,LOT-260724-60,3.0,keg,138.13,414.39,Bar Storage,J. Nguyen,2026-09-07,
TXN-100870,2026-07-24,07:52,stock_in,BEV-1001,"Cola Syrup, 5 Gal BIB",Beverage,Soft Drinks,BevCo Beverage Distribution,PO-40602,INV-58846,LOT-260724-33,7.0,each,58.91,412.37,Bar Storage,T. Fischer,2027-01-20,
TXN-100871,2026-07-24,07:27,stock_in,PRD-3317,Shredded Mozzarella,Dairy,Cheese,Dairy Fresh Cooperative,PO-40512,INV-58202,LOT-260724-77,11.32,lb,5.97,67.58,Main Kitchen Cooler,J. Nguyen,2026-08-14,
TXN-100872,2026-07-24,16:59,waste,PRD-1102, Atlantic Salmon Fillet ,Seafood,Finfish,Coastal Farms & Purveyors Ltd.,,,,-0.41,lb,10.8,-4.43,Main Kitchen Cooler,D. Alvarez,,Dropped/contaminated
TXN-100873,2026-07-24,07:34,adjustment,PRD-1102,Atlantic Salmon Fillet,Seafood,Finfish,Coastal Farms & Purveyors Ltd.,,,,1.42,lb,10.96,15.56,Main Kitchen Cooler,T. Fischer,,Cycle count correction
TXN-100874,2026-07-24,08:21,waste,PRD-9901,Sourdough Loaf,Bakery,Bread,Sunrise Bakery Supply,,,,-1.0,each,3.6,-3.6,Dry Storage Room,C. Romero,,Damaged in delivery
TXN-100875,2026-07-24,08:06,stock_in,PRD-1104,Sea Scallops U-10,Seafood,Shellfish,Harborline Seafood Distributors,PO-40245,INV-58101,LOT-260724-38,21.44,lb,23.71,508.34,Main Kitchen Cooler,D. Alvarez,2026-07-28,
TXN-100876,2026-07-24,17:52,stock_out,PRD-8804,"Olive Oil, Extra Virgin",Dry Goods,Oils,Pantry Staples Wholesale,,,,-4.0,case (6x1L),57.92,-231.68,Dry Storage Room,D. Alvarez,,
TXN-100877,2026-07-24,07:23,stock_out,PRD-2208,Roma Tomatoes,Produce,Vegetables,Green Valley Produce Co.,,,,-4.0,case,34.15,-136.6,Main Kitchen Cooler,D. Alvarez,,
TXN-100878,2026-07-24,10:09,stock_in,PRD-7706,Duck Breast,Meat,Poultry,Metro Meat & Poultry,PO-40739,INV-58393,LOT-260724-54,35.94,lb,14.01,503.52,Main Kitchen Cooler,D. Alvarez,2026-07-29,
TXN-100879,2026-07-24,20:59,waste,PRD-2208,Roma Tomatoes,Produce,Vegetables,Green Valley Produce Co.,,,,-2.0,case,33.42,-66.84,Main Kitchen Cooler,J. Nguyen,,Dropped/contaminated
TXN-100880,2026-07-25,10:46,stock_in,PRD-2208,Roma Tomatoes,Produce,Vegetables,Green Valley Produce Co.,PO-40230,INV-58286,LOT-260725-59,3.0,case,29.9,89.7,Main Kitchen Cooler,M. Osei,2026-08-01,
TXN-100881,2026-07-25,16:58,stock_in,PRD-8801,All-Purpose Flour,Dry Goods,Baking,Pantry Staples Wholesale,PO-40609,INV-58651,LOT-260725-78,3.0,50lb bag,21.71,65.13,Dry Storage Room,R. Patel,2027-07-25,
TXN-100882,2026-07-25,18:47,waste,PRD-2213,Avocados,Produce,Fruit,Green Valley Produce Co.,,,,-1.0,case,34.09,-34.09,Main Kitchen Cooler,M. Osei,,Spoilage
TXN-100883,2026-07-25,07:03,adjustment,PRD-9903,"Croissants, Unbaked Frozen",Bakery,Pastry,Sunrise Bakery Supply,,,,2.47,case (72ct),62.58,154.57,Walk-In Freezer,L. Kim,,System entry error
TXN-100884,2026-07-25,20:14,stock_in,PRD-8806,Basmati Rice,Dry Goods,Grains,Pantry Staples Wholesale,PO-40812,INV-58820,LOT-260725-28,1.0,25lb bag,26.14,26.14,Dry Storage Room,R. Patel,2028-07-24,
TXN-100885,2026-07-25,20:38,stock_in,PRD-2214,Lemons,Produce,Fruit,Green Valley Produce Co.,PO-40474,INV-58244,LOT-260725-20,7.0,case,26.82,187.74,Main Kitchen Cooler,J. Nguyen,2026-08-08,
TXN-100886,2026-07-25,17:19,stock_out,PRD-4410,Organic Baby Spinach,Produce,Leafy Greens,Green Valley Produce Co.,,,,-2.0,case,14.71,-29.42,Main Kitchen Cooler,R. Patel,,
TXN-100887,2026-07-25,16:02,stock_in,PRD-2212,"Bell Peppers, Mixed",Produce,Vegetables,Green Valley Produce Co.,PO-40264,INV-58111,LOT-260725-60,5.0,case,25.87,129.35,Main Kitchen Cooler,L. Kim,2026-08-03,
TXN-100888,2026-07-25,17:14,stock_out,PRD-2213,Avocados,Produce,Fruit,Green Valley Produce Co.,,,,-2.0,case,34.5,-69.0,Main Kitchen Cooler,D. Alvarez,,
TXN-100889,2026-07-25,06:14,stock_out,PRD-3318,Parmesan Wheel,Dairy,Cheese,Dairy Fresh Cooperative,,,,-6.19,lb,13.57,-84.0,Main Kitchen Cooler,C. Romero,,
TXN-100890,2026-07-25,16:25,stock_out,PRD-9903,"Croissants, Unbaked Frozen",Bakery,Pastry,Sunrise Bakery Supply,,,,-3.0,case (72ct),60.57,-181.71,Walk-In Freezer,L. Kim,,
TXN-100891,2026-07-25,14:49,stock_in,PRD-2210,Romaine Lettuce,Produce,Leafy Greens,Green Valley Produce Co.,PO-40388,INV-58266,LOT-260725-79,7.0,case,22.88,160.16,Main Kitchen Cooler,D. Alvarez,2026-07-30,
TXN-100892,2026-07-25,07:36,stock_in,PRD-1104,Sea Scallops U-10,Seafood,Shellfish,Harborline Seafood Distributors,PO-40595,INV-58146,LOT-260725-16,23.46,lb,22.73,533.25,Main Kitchen Cooler,M. Osei,2026-07-29,
TXN-100893,2026-07-25,18:25,stock_in,BEV-1002,Sparkling Water Cans,Beverage,Water,BevCo Beverage Distribution,PO-40819,INV-58790,LOT-260725-22,6.0,CASE (24CT),15.49,92.94,Bar Storage,M. Osei,2027-07-25,
TXN-100894,2026-07-25,11:37,waste,PRD-2214,Lemons,Produce,Fruit,Green Valley Produce Co.,,,,-2.0,case,26.85,-53.7,Main Kitchen Cooler,J. Nguyen,,Prep trim loss
TXN-100895,2026-07-25,18:43,transfer,PRD-5521,"Free-Range Eggs, Large",Dairy,Eggs,Dairy Fresh Cooperative,,,,2.0,case,50.49,100.98,Walk-In Freezer,C. Romero,,Transferred to Main Kitchen Cooler
TXN-100896,2026-07-25,10:02,transfer,PRD-1105,"Mussels, Live",Seafood,Shellfish,Harborline Seafood Distributors,,,,5.45,lb,5.65,30.79,Prep Station Fridge,C. Romero,,Transferred to Bar Storage
TXN-100897,2026-07-25,07:49,waste,PRD-2210,Romaine Lettuce,Produce,Leafy Greens,Green Valley Produce Co.,,,,-2.0,case,24.94,-49.88,Main Kitchen Cooler,L. Kim,,Quality reject
TXN-100898,2026-07-25,07:04,adjustment,PRD-3315,Heavy Cream 40%,Dairy,Cream & Milk,Dairy Fresh Cooperative,,,,-1.32,gal,9.54,-12.59,Main Kitchen Cooler,D. Alvarez,,Cycle count correction
TXN-100899,2026-07-25,18:56,adjustment,PRD-9903,"Croissants, Unbaked Frozen",Bakery,Pastry,Sunrise Bakery Supply,,,,-0.35,CASE (72CT),68.34,-23.92,Walk-In Freezer,D. Alvarez,,Unit conversion fix
TXN-100900,2026-07-25,07:28,transfer,PRD-1105,"Mussels, Live",Seafood,Shellfish,Harborline Seafood Distributors,,,,2.83,lb,5.78,16.36,Bar Storage,T. Fischer,,Transferred to Walk-In Freezer
TXN-100901,2026-07-26,16:03,stock_out,PRD-1104,Sea Scallops U-10,Seafood,Shellfish,Harborline Seafood Distributors,,,,-11.25,lb,21.58,-242.77,Main Kitchen Cooler,L. Kim,,
TXN-100902,2026-07-26,10:54,stock_in,PRD-8804,"Olive Oil, Extra Virgin",Dry Goods,Oils,Pantry Staples Wholesale,PO-40573,INV-58785,LOT-260726-21,2.0,case (6x1L),56.96,113.92,Dry Storage Room,M. Osei,2027-07-26,
TXN-100903,2026-07-26,10:49,transfer,PRD-2210,Romaine Lettuce,Produce,Leafy Greens,Green Valley Produce Co.,,,,2.0,case,24.07,48.14,Prep Station Fridge,M. Osei,,Transferred to Main Kitchen Cooler
TXN-100904,2026-07-26,11:02,stock_in,PRD-9903,"Croissants, Unbaked Frozen",Bakery,Pastry,Sunrise Bakery Supply,PO-40249,INV-58755,LOT-260726-37,5.0,case (72ct),68.59,342.95,Walk-In Freezer,M. Osei,2026-10-24,
TXN-100905,2026-07-26,08:03,adjustment,PRD-8807,Dried Penne Pasta,Dry Goods,Grains,Pantry Staples Wholesale,,,,-1.73,case (12x1lb),18.29,-31.64,Dry Storage Room,L. Kim,,Unit conversion fix
TXN-100906,2026-07-26,07:19,stock_in,PRD-2208,Roma Tomatoes,Produce,Vegetables,Green Valley Produce Co.,PO-40529,INV-58637,LOT-260726-37,7.0,CASE,31.75,222.25,Main Kitchen Cooler,T. Fischer,2026-08-02,
TXN-100907,2026-07-26,09:26,stock_in,PRD-7704,"Bacon, Sliced",Meat,Pork,Metro Meat & Poultry,PO-40264,INV-58813,LOT-260726-65,20.3,lb,7.24,146.97,Main Kitchen Cooler,M. Osei,2026-08-09,
TXN-100908,2026-07-26,16:37,stock_in,PRD-3317,Shredded Mozzarella,Dairy,Cheese,Dairy Fresh Cooperative,PO-40851,INV-58860,LOT-260726-50,25.43,lb,5.44,138.34,Main Kitchen Cooler,D. Alvarez,2026-08-16,
TXN-100909,2026-07-26,17:00,stock_in,PRD-8806,Basmati Rice,Dry Goods,Grains,Pantry Staples Wholesale,PO-40228,INV-58749,LOT-260726-67,8.0,25lb bag,29.72,237.76,Dry Storage Room,T. Fischer,2028-07-25,
TXN-100910,2026-07-26,14:24,waste,BEV-1004,House White Wine,Beverage,Wine,BevCo Beverage Distribution,,,,-1.0,case (12x750ml),85.82,-85.82,Bar Storage,,,Damaged in delivery
TXN-100911,2026-07-26,08:32,stock_out,PRD-1103,"Jumbo Shrimp, Peeled",Seafood,Shellfish,Harborline Seafood Distributors,,,,-12.38,lb,13.91,-172.21,Main Kitchen Cooler,R. Patel,,
TXN-100912,2026-07-26,10:33,waste,PRD-8802,Granulated Sugar,Dry Goods,Baking,Pantry Staples Wholesale,,,,-2.0,50lb bag,23.86,-47.72,Dry Storage Room,J. Nguyen,,Expired
TXN-100913,2026-07-26,08:54,stock_out,BEV-1004,House White Wine,Beverage,Wine,BevCo Beverage Distribution,,,,-3.0,case (12x750ml),92.6,-277.8,Bar Storage,T. Fischer,,
TXN-100914,2026-07-26,18:53,adjustment,PRD-2210,Romaine Lettuce,Produce,Leafy Greens,Green Valley Produce Co.,,,,-2.38,CASE,25.34,-60.31,Main Kitchen Cooler,C. Romero,,Unit conversion fix
TXN-100915,2026-07-26,11:32,stock_in,BEV-1004,House White Wine,Beverage,Wine,BevCo Beverage Distribution,PO-40396,INV-58530,LOT-260726-37,5.0,CASE (12X750ML),83.27,416.35,Bar Storage,J. Nguyen,2028-07-25,
TXN-100916,2026-07-26,11:26,adjustment,PRD-8802,Granulated Sugar,Dry Goods,Baking,Pantry Staples Wholesale,,,,2.45,50LB BAG,25.07,61.42,Dry Storage Room,L. Kim,,Unit conversion fix
TXN-100917,2026-07-26,16:16,stock_in,PRD-7703,Pork Tenderloin,Meat,Pork,Metro Meat & Poultry,PO-40524,INV-58789,LOT-260726-40,13.68,LB,7.18,98.22,Main Kitchen Cooler,D. Alvarez,2026-07-31,
TXN-100918,2026-07-26,14:20,waste,BEV-1003,House Red Wine,Beverage,Wine,BevCo Beverage Distribution,,,,-1.0,case (12x750ml),103.05,-103.05,Bar Storage,R. Patel,,Prep trim loss
TXN-100919,2026-07-26,18:59,waste,PRD-8805,Canola Oil,Dry Goods,Oils,Pantry Staples Wholesale,,,,-2.0,case (4x1gal),39.51,-79.02,Dry Storage Room,T. Fischer,,Expired
TXN-100920,2026-07-26,08:06,stock_in,BEV-1003,House Red Wine,Beverage,Wine,BevCo Beverage Distribution,PO-40221,INV-58746,LOT-260726-83,6.0,case (12x750ml),90.26,541.56,Bar Storage,L. Kim,2028-07-25,
TXN-100921,2026-07-26,07:01,stock_in,PRD-7705,NY Strip Steak,Meat,Beef,Metro Meat & Poultry,PO-40707,INV-58256,LOT-260726-13,18.62,LB,15.72,292.71,Main Kitchen Cooler,C. Romero,2026-08-01,
TXN-100922,2026-07-26,16:40,adjustment,PRD-4410,Organic Baby Spinach,Produce,Leafy Greens,Green Valley Produce Co.,,,,1.67,case,13.49,22.53,Main Kitchen Cooler,T. Fischer,,System entry error
TXN-100923,2026-07-26,16:03,waste,PRD-8804,"Olive Oil, Extra Virgin",Dry Goods,Oils,Pantry Staples Wholesale,,,,-1.0,case (6x1L),62.04,-62.04,Dry Storage Room,T. Fischer,,Spoilage
TXN-100924,2026-07-26,07:06,transfer,PRD-9902,Brioche Burger Buns,Bakery,Bread,Sunrise Bakery Supply,,,,1.0,case (48ct),30.3,30.3,Bar Storage,D. Alvarez,,Transferred to Bar Storage
TXN-100925,2026-07-27,06:26,stock_out,PRD-2210,Romaine Lettuce,Produce,Leafy Greens,Green Valley Produce Co.,,,,-1.0,case,26.57,-26.57,Main Kitchen Cooler,D. Alvarez,,
TXN-100926,2026-07-27,07:19,waste,PRD-9901,Sourdough Loaf,Bakery,Bread,Sunrise Bakery Supply,,,,-1.0,each,3.56,-3.56,Dry Storage Room,C. Romero,,Damaged in delivery
TXN-100927,2026-07-27,14:38,stock_out,PRD-8802,Granulated Sugar,Dry Goods,Baking,Pantry Staples Wholesale,,,,-3.0,50lb bag,23.16,-69.48,Dry Storage Room,T. Fischer,,
TXN-100928,2026-07-27,13:48,stock_in,BEV-1004,House White Wine,Beverage,Wine,BevCo Beverage Distribution,PO-40217,INV-58322,LOT-260727-13,2.0,case (12x750ml),95.28,190.56,Bar Storage,M. Osei,2028-07-26,
TXN-100929,2026-07-27,09:45,adjustment,PRD-3317,Shredded Mozzarella,Dairy,Cheese,Dairy Fresh Cooperative,,,,0.31,lb,5.42,1.68,Main Kitchen Cooler,T. Fischer,,Unit conversion fix
TXN-100930,2026-07-27,16:54,stock_in,PRD-7701,"Chicken Breast, Boneless",Meat,Poultry,Metro Meat & Poultry,PO-40502,INV-58205,LOT-260727-84,35.72,lb,4.68,167.17,Main Kitchen Cooler,L. Kim,2026-07-31,
TXN-100931,2026-07-27,17:17,stock_out,PRD-9901,Sourdough Loaf,Bakery,Bread,Sunrise Bakery Supply,,,,-3.0,each,3.82,-11.46,Dry Storage Room,C. Romero,,
TXN-100932,2026-07-27,06:32,stock_out,PRD-2208,Roma Tomatoes,Produce,Vegetables,Green Valley Produce Co.,,,,-2.0,case,31.54,-63.08,Main Kitchen Cooler,C. Romero,,
TXN-100933,2026-07-27,07:11,stock_out,PRD-8802,Granulated Sugar,Dry Goods,Baking,Pantry Staples Wholesale,,,,-3.0,50lb bag,24.22,-72.66,Dry Storage Room,J. Nguyen,,
TXN-100934,2026-07-27,09:07,stock_in,PRD-8803,Kosher Salt,Dry Goods,Seasoning,Pantry Staples Wholesale,PO-40834,INV-58436,LOT-260727-37,1.0,25lb bag,11.33,11.33,Dry Storage Room,R. Patel,2029-07-26,
TXN-100935,2026-07-27,07:35,stock_out,PRD-3318,Parmesan Wheel,Dairy,Cheese,Dairy Fresh Cooperative,,,,-4.53,lb,13.12,-59.43,Main Kitchen Cooler,L. Kim,,
TXN-100936,2026-07-27,10:20,stock_out,PRD-8806,Basmati Rice,Dry Goods,Grains,Pantry Staples Wholesale,,,,-3.0,25lb bag,26.41,-79.23,Dry Storage Room,D. Alvarez,,
TXN-100937,2026-07-27,11:10,stock_in,PRD-8806, Basmati Rice ,Dry Goods,Grains,Pantry Staples Wholesale,PO-40342,INV-58690,LOT-260727-12,5.0,25lb bag,28.15,140.75,Dry Storage Room,M. Osei,2028-07-26,Short delivery vs PO — see delivery receipt
TXN-100938,2026-07-27,20:25,stock_in,PRD-9902,Brioche Burger Buns,Bakery,Bread,Sunrise Bakery Supply,PO-40640,INV-58140,LOT-260727-53,1.0,case (48ct),28.65,28.65,Dry Storage Room,T. Fischer,2026-08-01,Short delivery vs PO — see delivery receipt
TXN-100939,2026-07-28,09:25,stock_out,PRD-7702,Ground Beef 80/20,Meat,Beef,Metro Meat & Poultry,,,,-1.66,lb,6.21,-10.31,Main Kitchen Cooler,R. Patel,,
TXN-100940,2026-07-28,16:58,stock_out,PRD-9902,Brioche Burger Buns,Bakery,Bread,Sunrise Bakery Supply,,,,-1.0,CASE (48CT),27.93,-27.93,Dry Storage Room,C. Romero,,
TXN-100941,2026-07-28,09:55,stock_in,PRD-4410,Organic Baby Spinach,Produce,Leafy Greens,Green Valley Produce Co.,PO-40274,INV-58190,LOT-260728-34,6.0,case,14.05,84.3,Main Kitchen Cooler,T. Fischer,2026-08-02,
TXN-100942,2026-07-28,18:02,stock_in,PRD-2207,Yukon Gold Potatoes,Produce,Root Vegetables,Green Valley Produce Co.,PO-40176,INV-58370,LOT-260728-52,2.0,sack,30.0,60.0,Dry Storage Room,T. Fischer,2026-08-18,
TXN-100943,2026-07-28,09:55,stock_in,PRD-9902,Brioche Burger Buns,Bakery,Bread,Sunrise Bakery Supply,PO-40523,INV-58752,LOT-260728-67,2.0,case (48ct),28.88,57.76,Dry Storage Room,T. Fischer,2026-08-02,
TXN-100944,2026-07-28,11:14,waste,PRD-7705,NY Strip Steak,Meat,Beef,Metro Meat & Poultry,,,,-0.64,lb,16.06,-10.28,Main Kitchen Cooler,T. Fischer,,Spoilage
TXN-100945,2026-07-28,07:31,stock_out,PRD-3318,Parmesan Wheel,Dairy,Cheese,Dairy Fresh Cooperative,,,,-1.37,lb,11.9,-16.3,Main Kitchen Cooler,J. Nguyen,,
TXN-100946,2026-07-28,14:48,stock_in,PRD-8801,All-Purpose Flour,Dry Goods,Baking,Pantry Staples Wholesale,PO-40878,INV-58419,LOT-260728-68,5.0,50lb bag,23.26,116.3,Dry Storage Room,T. Fischer,2027-07-28,
TXN-100947,2026-07-28,13:12,transfer,PRD-9901,Sourdough Loaf,Bakery,Bread,Sunrise Bakery Supply,,,,3.0,each,3.49,10.47,Walk-In Freezer,R. Patel,,Transferred to Prep Station Fridge
TXN-100948,2026-07-28,07:47,stock_in,PRD-2210,Romaine Lettuce,Produce,Leafy Greens,Green Valley Produce Co.,PO-40571,INV-58291,LOT-260728-44,2.0,case,22.84,45.68,Main Kitchen Cooler,D. Alvarez,2026-08-02,
TXN-100949,2026-07-28,07:25,stock_out,PRD-8802,Granulated Sugar,Dry Goods,Baking,Pantry Staples Wholesale,,,,-3.0,50lb bag,24.53,-73.59,Dry Storage Room,D. Alvarez,,
TXN-100950,2026-07-28,10:12,stock_out,PRD-8804,"Olive Oil, Extra Virgin",Dry Goods,Oils,Pantry Staples Wholesale,,,,-2.0,case (6x1L),57.1,-114.2,Dry Storage Room,C. Romero,,
TXN-100951,2026-07-29,07:14,stock_out,PRD-2207,Yukon Gold Potatoes,Produce,Root Vegetables,Green Valley Produce Co.,,,,-1.0,sack,29.77,-29.77,Dry Storage Room,C. Romero,,
TXN-100952,2026-07-29,17:45,transfer,PRD-5521,"Free-Range Eggs, Large",Dairy,Eggs,Dairy Fresh Cooperative,,,,2.0,case,43.81,87.62,Prep Station Fridge,T. Fischer,,Transferred to Main Kitchen Cooler
TXN-100953,2026-07-29,08:46,stock_out,PRD-7703,Pork Tenderloin,Meat,Pork,Metro Meat & Poultry,,,,-0.55,lb,6.41,-3.53,Main Kitchen Cooler,T. Fischer,,
TXN-100954,2026-07-29,16:04,stock_in,PRD-6634,Unsalted Butter,Dairy,Butter,Dairy Fresh Cooperative,PO-40566,INV-58245,LOT-260729-11,2.0,block,115.71,231.42,Main Kitchen Cooler,T. Fischer,2026-09-12,
TXN-100955,2026-07-29,11:37,stock_out,PRD-1102,Atlantic Salmon Fillet,Seafood,Finfish,Coastal Farms & Purveyors Ltd.,,,,-0.51,LB,11.92,-6.08,Main Kitchen Cooler,R. Patel,,
TXN-100956,2026-07-29,13:32,waste,PRD-7703,Pork Tenderloin,Meat,Pork,Metro Meat & Poultry,,,,-1.0,lb,6.37,-6.37,Main Kitchen Cooler,D. Alvarez,,Spoilage
TXN-100957,2026-07-29,08:42,adjustment,PRD-8802,Granulated Sugar,Dry Goods,Baking,Pantry Staples Wholesale,,,,-0.08,50lb bag,23.97,-1.92,Dry Storage Room,D. Alvarez,,Recount after audit
TXN-100958,2026-07-29,08:43,stock_out,PRD-7706,Duck Breast,Meat,Poultry,Metro Meat & Poultry,,,,-8.03,lb,13.9,-111.62,Main Kitchen Cooler,J. Nguyen,,
TXN-100959,2026-07-29,06:15,stock_out,PRD-2212,"Bell Peppers, Mixed",Produce,Vegetables,Green Valley Produce Co.,,,,-3.0,case,28.16,-84.48,Main Kitchen Cooler,R. Patel,,
TXN-100960,2026-07-30,16:43,adjustment,PRD-2210,Romaine Lettuce,Produce,Leafy Greens,Green Valley Produce Co.,,,,0.27,case,26.38,7.12,Main Kitchen Cooler,C. Romero,,System entry error
TXN-100961,2026-07-30,08:19,stock_out,PRD-8805,Canola Oil,Dry Goods,Oils,Pantry Staples Wholesale,,,,-2.0,case (4x1gal),42.53,-85.06,Dry Storage Room,T. Fischer,,
TXN-100962,2026-07-30,18:50,stock_out,PRD-9902,Brioche Burger Buns,Bakery,Bread,Sunrise Bakery Supply,,,,-2.0,case (48ct),26.72,-53.44,Dry Storage Room,D. Alvarez,,
TXN-100963,2026-07-30,08:39,stock_out,PRD-2212," Bell Peppers, Mixed ",Produce,Vegetables,Green Valley Produce Co.,,,,-3.0,case,25.83,-77.49,Main Kitchen Cooler,R. Patel,,
TXN-100964,2026-07-30,20:37,stock_in,PRD-1104,Sea Scallops U-10,Seafood,Shellfish,Harborline Seafood Distributors,PO-40105,INV-58540,LOT-260730-55,6.69,lb,22.46,150.26,Main Kitchen Cooler,T. Fischer,2026-08-03,
TXN-100965,2026-07-30,18:35,stock_out,BEV-1002,Sparkling Water Cans,Beverage,Water,BevCo Beverage Distribution,,,,-1.0,case (24ct),13.45,-13.45,Bar Storage,M. Osei,,
TXN-100966,2026-07-30,06:30,stock_in,PRD-2209,Yellow Onions,Produce,Root Vegetables,Green Valley Produce Co.,PO-40794,INV-58752,LOT-260730-59,8.0,sack,17.76,142.08,Dry Storage Room,R. Patel,2026-08-29,
TXN-100967,2026-07-30,16:56,stock_out,PRD-3316,Whole Milk,Dairy,Cream & Milk,Dairy Fresh Cooperative,,,,-5.18,gal,4.25,-22.02,Main Kitchen Cooler,T. Fischer,,
TXN-100968,2026-07-30,07:19,stock_out,PRD-3317,Shredded Mozzarella,Dairy,Cheese,Dairy Fresh Cooperative,,,,-8.72,lb,5.71,-49.79,Main Kitchen Cooler,C. Romero,,
TXN-100969,2026-07-30,11:44,stock_in,PRD-2210,Romaine Lettuce,Produce,Leafy Greens,Green Valley Produce Co.,PO-40829,INV-58466,LOT-260730-69,3.0,case,26.47,79.41,Main Kitchen Cooler,,2026-08-04,
TXN-100970,2026-07-30,07:39,stock_in,PRD-8806,Basmati Rice,Dry Goods,Grains,Pantry Staples Wholesale,PO-40694,INV-58624,LOT-260730-57,7.0,25lb bag,29.02,203.14,Dry Storage Room,J. Nguyen,2028-07-29,
TXN-100971,2026-07-30,06:29,stock_out,PRD-4410,Organic Baby Spinach,Produce,Leafy Greens,Green Valley Produce Co.,,,,-3.0,case,15.05,-45.15,Main Kitchen Cooler,R. Patel,,
TXN-100972,2026-07-30,07:52,stock_out,PRD-2210,Romaine Lettuce,Produce,Leafy Greens,Green Valley Produce Co.,,,,-2.0,case,24.68,-49.36,Main Kitchen Cooler,M. Osei,,
TXN-100973,2026-07-30,06:44,stock_out,BEV-1002,Sparkling Water Cans,Beverage,Water,BevCo Beverage Distribution,,,,-2.0,case (24ct),13.58,-27.16,Bar Storage,T. Fischer,,
TXN-100974,2026-07-31,08:46,stock_out,PRD-2212,"Bell Peppers, Mixed",Produce,Vegetables,Green Valley Produce Co.,,,,-4.0,case,25.14,-100.56,Main Kitchen Cooler,R. Patel,,
TXN-100975,2026-07-31,07:33,stock_out,PRD-2212,"Bell Peppers, Mixed",Produce,Vegetables,Green Valley Produce Co.,,,,-1.0,CASE,26.01,-26.01,Main Kitchen Cooler,R. Patel,,
TXN-100976,2026-07-31,11:11,stock_in,PRD-2211,"Garlic, Peeled",Produce,Aromatics,Green Valley Produce Co.,PO-40659,INV-58366,LOT-260731-88,33.17,lb,6.75,223.9,Main Kitchen Cooler,T. Fischer,2026-08-14,
TXN-100977,2026-07-31,16:15,waste,PRD-2212,"Bell Peppers, Mixed",Produce,Vegetables,Green Valley Produce Co.,,,,-1.0,case,28.36,-28.36,Main Kitchen Cooler,C. Romero,,Prep trim loss
TXN-100978,2026-07-31,16:17,stock_out,PRD-2214,Lemons,Produce,Fruit,Green Valley Produce Co.,,,,-2.0,case,29.92,-59.84,Main Kitchen Cooler,D. Alvarez,,
TXN-100979,2026-07-31,14:24,stock_out,PRD-7703,Pork Tenderloin,Meat,Pork,Metro Meat & Poultry,,,,-0.66,lb,6.54,-4.32,Main Kitchen Cooler,T. Fischer,,
TXN-100980,2026-07-31,11:56,adjustment,PRD-8802,Granulated Sugar,Dry Goods,Baking,Pantry Staples Wholesale,,,,1.34,50lb bag,23.63,31.66,Dry Storage Room,J. Nguyen,,Recount after audit
TXN-100981,2026-07-31,07:11,stock_out,BEV-1003,House Red Wine,Beverage,Wine,BevCo Beverage Distribution,,,,-3.0,case (12x750ml),93.72,-281.16,Bar Storage,T. Fischer,,
TXN-100982,2026-07-31,18:42,stock_in,PRD-4410,Organic Baby Spinach,Produce,Leafy Greens,Green Valley Produce Co.,PO-40760,INV-58595,LOT-260731-58,3.0,case,13.96,41.88,Main Kitchen Cooler,R. Patel,2026-08-05,
TXN-100983,2026-07-31,09:37,stock_in,PRD-7701,"Chicken Breast, Boneless",Meat,Poultry,Metro Meat & Poultry,PO-40732,INV-58513,LOT-260731-18,38.3,lb,4.73,181.16,Main Kitchen Cooler,D. Alvarez,2026-08-04,Short delivery vs PO — see delivery receipt
TXN-100984,2026-07-31,11:20,adjustment,BEV-1001,"Cola Syrup, 5 Gal BIB",Beverage,Soft Drinks,BevCo Beverage Distribution,,,,1.56,EACH,66.77,104.16,Bar Storage,L. Kim,,System entry error
TXN-100985,2026-07-31,10:59,waste,PRD-8804,"Olive Oil, Extra Virgin",Dry Goods,Oils,Pantry Staples Wholesale,,,,-1.0,case (6x1L),59.04,-59.04,Dry Storage Room,D. Alvarez,,Spoilage
TXN-100986,2026-07-31,06:59,stock_out,PRD-7706,Duck Breast,Meat,Poultry,Metro Meat & Poultry,,,,-3.02,lb,12.75,-38.51,Main Kitchen Cooler,R. Patel,,
TXN-100987,2026-07-31,11:28,stock_in,PRD-3317,Shredded Mozzarella,Dairy,Cheese,Dairy Fresh Cooperative,PO-40859,INV-58265,LOT-260731-65,27.8,LB,5.35,148.73,Main Kitchen Cooler,,2026-08-21,
TXN-100988,2026-07-31,18:08,stock_in,PRD-2210,Romaine Lettuce,Produce,Leafy Greens,Green Valley Produce Co.,PO-40517,INV-58681,LOT-260731-79,7.0,case,24.19,169.33,Main Kitchen Cooler,L. Kim,2026-08-05,
TXN-100989,2026-07-31,08:36,stock_in,BEV-1001,"Cola Syrup, 5 Gal BIB",Beverage,Soft Drinks,BevCo Beverage Distribution,PO-40465,INV-58733,LOT-260731-81,7.0,each,62.01,434.07,Bar Storage,L. Kim,2027-01-27,
TXN-100990,2026-07-31,13:19,stock_in,PRD-2209,Yellow Onions,Produce,Root Vegetables,Green Valley Produce Co.,PO-40152,INV-58715,LOT-260731-79,2.0,sack,18.5,37.0,Dry Storage Room,M. Osei,2026-08-30,Short delivery vs PO — see delivery receipt
TXN-100991,2026-07-31,07:55,stock_out,PRD-8804,"Olive Oil, Extra Virgin",Dry Goods,Oils,Pantry Staples Wholesale,,,,-4.0,case (6x1L),62.34,-249.36,Dry Storage Room,D. Alvarez,,
TXN-100992,2026-07-31,10:39,stock_out,PRD-1105,"Mussels, Live",Seafood,Shellfish,Harborline Seafood Distributors,,,,-1.32,lb,6.09,-8.04,Main Kitchen Cooler,D. Alvarez,,
TXN-100993,2026-07-31,10:16,stock_in,PRD-1103,"Jumbo Shrimp, Peeled",Seafood,Shellfish,Harborline Seafood Distributors,PO-40160,INV-58242,LOT-260731-36,9.62,lb,15.72,151.23,Main Kitchen Cooler,C. Romero,2026-08-04,
TXN-100994,2026-07-31,14:57,stock_in,BEV-1001,"Cola Syrup, 5 Gal BIB",Beverage,Soft Drinks,BevCo Beverage Distribution,PO-40136,INV-58454,LOT-260731-19,5.0,EACH,65.32,326.6,Bar Storage,R. Patel,2027-01-27,
TXN-100995,2026-07-31,07:02,stock_out,PRD-7702,Ground Beef 80/20,Meat,Beef,Metro Meat & Poultry,,,,-7.7,lb,5.69,-43.81,Main Kitchen Cooler,M. Osei,,
TXN-100996,2026-07-31,06:01,stock_in,PRD-5521,"Free-Range Eggs, Large",Dairy,Eggs,Dairy Fresh Cooperative,PO-40647,INV-58722,LOT-260731-58,6.0,case,49.13,294.78,Main Kitchen Cooler,T. Fischer,2026-08-28,Received in good condition
TXN-100997,2026-07-31,10:35,stock_out,PRD-4410,Organic Baby Spinach,Produce,Leafy Greens,Green Valley Produce Co.,,,,-1.0,case,14.06,-14.06,Main Kitchen Cooler,C. Romero,,
TXN-100998,2026-08-01,07:37,stock_in,PRD-2207,Yukon Gold Potatoes,Produce,Root Vegetables,Green Valley Produce Co.,PO-40870,INV-58649,LOT-260801-82,1.0,sack,27.61,27.61,Dry Storage Room,D. Alvarez,2026-08-22,Received in good condition
TXN-100999,2026-08-01,08:02,stock_out,PRD-4410,Organic Baby Spinach,Produce,Leafy Greens,Green Valley Produce Co.,,,,-2.0,case,14.43,-28.86,Main Kitchen Cooler,J. Nguyen,,
TXN-101000,2026-08-01,07:16,stock_out,PRD-2211,"Garlic, Peeled",Produce,Aromatics,Green Valley Produce Co.,,,,-14.11,lb,6.1,-86.07,Main Kitchen Cooler,T. Fischer,,
TXN-101001,2026-08-01,08:23,stock_out,PRD-5521,"Free-Range Eggs, Large",Dairy,Eggs,Dairy Fresh Cooperative,,,,-3.0,case,45.25,-135.75,Main Kitchen Cooler,T. Fischer,,
TXN-101002,2026-08-01,06:22,stock_out,BEV-1004,House White Wine,Beverage,Wine,BevCo Beverage Distribution,,,,-4.0,case (12x750ml),92.96,-371.84,Bar Storage,C. Romero,,
TXN-101003,2026-08-01,17:35,stock_in,BEV-1003,House Red Wine,Beverage,Wine,BevCo Beverage Distribution,PO-40245,INV-58136,LOT-260801-40,2.0,case (12x750ml),94.04,188.08,Bar Storage,,2028-07-31,
TXN-101004,2026-08-01,10:19,stock_in,PRD-7702,Ground Beef 80/20,Meat,Beef,Metro Meat & Poultry,PO-40385,INV-58724,LOT-260801-59,33.43,lb,5.55,185.54,Main Kitchen Cooler,R. Patel,2026-08-05,Short delivery vs PO — see delivery receipt
TXN-101005,2026-08-01,10:34,stock_in,PRD-8804,"Olive Oil, Extra Virgin",Dry Goods,Oils,Pantry Staples Wholesale,PO-40654,INV-58881,LOT-260801-54,1.0,case (6x1L),56.19,56.19,Dry Storage Room,D. Alvarez,2027-08-01,
TXN-101006,2026-08-01,06:21,stock_in,PRD-2214,Lemons,Produce,Fruit,Green Valley Produce Co.,PO-40537,INV-58846,LOT-260801-17,6.0,case,29.56,177.36,Main Kitchen Cooler,L. Kim,2026-08-15,
TXN-101007,2026-08-01,14:46,stock_out,BEV-1004,House White Wine,Beverage,Wine,BevCo Beverage Distribution,,,,-3.0,case (12x750ml),90.27,-270.81,Bar Storage,J. Nguyen,,
TXN-101008,2026-08-01,06:17,stock_in,PRD-6634,Unsalted Butter,Dairy,Butter,Dairy Fresh Cooperative,PO-40187,INV-58355,LOT-260801-79,7.0,block,127.48,892.36,Main Kitchen Cooler,M. Osei,2026-09-15,
TXN-101009,2026-08-01,08:36,stock_in,PRD-7706,Duck Breast,Meat,Poultry,Metro Meat & Poultry,PO-40283,INV-58554,LOT-260801-69,27.11,lb,14.33,388.49,Main Kitchen Cooler,D. Alvarez,2026-08-06,
TXN-101010,2026-08-01,14:05,stock_out,PRD-3318,Parmesan Wheel,Dairy,Cheese,Dairy Fresh Cooperative,,,,-4.51,lb,13.13,-59.22,Main Kitchen Cooler,M. Osei,,
TXN-101011,2026-08-01,11:08,stock_in,PRD-7702,Ground Beef 80/20,Meat,Beef,Metro Meat & Poultry,PO-40732,INV-58771,LOT-260801-16,10.64,lb,5.64,60.01,Main Kitchen Cooler,J. Nguyen,2026-08-05,Received in good condition
TXN-101012,2026-08-01,08:03,stock_out,PRD-1104,Sea Scallops U-10,Seafood,Shellfish,Harborline Seafood Distributors,,,,-14.3,LB,24.27,-347.06,Main Kitchen Cooler,M. Osei,,
TXN-101013,2026-08-01,14:15,stock_out,BEV-1004,House White Wine,Beverage,Wine,BevCo Beverage Distribution,,,,-2.0,CASE (12X750ML),83.92,-167.84,Bar Storage,R. Patel,,
TXN-101014,2026-08-01,20:43,stock_out,PRD-2213,Avocados,Produce,Fruit,Green Valley Produce Co.,,,,-2.0,case,37.33,-74.66,Main Kitchen Cooler,M. Osei,,
TXN-101015,2026-08-01,16:23,adjustment,PRD-8801,All-Purpose Flour,Dry Goods,Baking,Pantry Staples Wholesale,,,,-0.18,50lb bag,23.67,-4.26,Dry Storage Room,C. Romero,,Cycle count correction
TXN-101016,2026-08-01,14:13,stock_in,PRD-2214,Lemons,Produce,Fruit,Green Valley Produce Co.,PO-40899,INV-58859,LOT-260801-75,7.0,case,29.05,203.35,Main Kitchen Cooler,L. Kim,2026-08-15,
TXN-101017,2026-08-01,16:05,stock_out,PRD-2212,"Bell Peppers, Mixed",Produce,Vegetables,Green Valley Produce Co.,,,,-4.0,case,29.3,-117.2,Main Kitchen Cooler,J. Nguyen,,
TXN-101018,2026-08-02,07:54,stock_out,PRD-8806,Basmati Rice,Dry Goods,Grains,Pantry Staples Wholesale,,,,-4.0,25lb bag,29.07,-116.28,Dry Storage Room,C. Romero,,
TXN-101019,2026-08-02,14:18,stock_in,PRD-7702,Ground Beef 80/20,Meat,Beef,Metro Meat & Poultry,PO-40886,INV-58470,LOT-260802-39,36.62,lb,5.79,212.03,Main Kitchen Cooler,R. Patel,2026-08-06,
TXN-101020,2026-08-02,09:35,stock_out,PRD-8806,Basmati Rice,Dry Goods,Grains,Pantry Staples Wholesale,,,,-3.0,25lb bag,29.59,-88.77,Dry Storage Room,T. Fischer,,
TXN-101021,2026-08-02,20:08,stock_out,PRD-5521,"Free-Range Eggs, Large",Dairy,Eggs,Dairy Fresh Cooperative,,,,-4.0,case,44.89,-179.56,Main Kitchen Cooler,R. Patel,,
TXN-101022,2026-08-02,07:05,stock_out,PRD-7703,Pork Tenderloin,Meat,Pork,Metro Meat & Poultry,,,,-6.42,lb,6.76,-43.4,Main Kitchen Cooler,J. Nguyen,,
TXN-101023,2026-08-02,06:10,transfer,PRD-3316,Whole Milk,Dairy,Cream & Milk,Dairy Fresh Cooperative,,,,1.6,gal,4.38,7.01,Bar Storage,T. Fischer,,Transferred to Walk-In Freezer
TXN-101024,2026-08-02,07:04,stock_in,PRD-8807,Dried Penne Pasta,Dry Goods,Grains,Pantry Staples Wholesale,PO-40497,INV-58532,LOT-260802-55,2.0,case (12x1lb),20.96,41.92,Dry Storage Room,J. Nguyen,2028-08-01,
TXN-101025,2026-08-02,14:06,stock_out,PRD-8801,All-Purpose Flour,Dry Goods,Baking,Pantry Staples Wholesale,,,,-4.0,50lb bag,20.4,-81.6,Dry Storage Room,T. Fischer,,
TXN-101026,2026-08-02,10:18,stock_out,PRD-9901,Sourdough Loaf,Bakery,Bread,Sunrise Bakery Supply,,,,-3.0,each,3.87,-11.61,Dry Storage Room,T. Fischer,,
TXN-101027,2026-08-02,06:37,stock_in,BEV-1002,Sparkling Water Cans,Beverage,Water,BevCo Beverage Distribution,PO-40564,INV-58488,LOT-260802-51,5.0,case (24ct),14.8,74.0,Bar Storage,R. Patel,2027-08-02,
TXN-101028,2026-08-02,14:33,stock_out,BEV-1001,"Cola Syrup, 5 Gal BIB",Beverage,Soft Drinks,BevCo Beverage Distribution,,,,-4.0,each,62.79,-251.16,Bar Storage,L. Kim,,
TXN-101029,2026-08-02,06:52,adjustment,PRD-3316,Whole Milk,Dairy,Cream & Milk,Dairy Fresh Cooperative,,,,2.67,gal,4.46,11.91,Main Kitchen Cooler,T. Fischer,,System entry error
TXN-101030,2026-08-02,08:10,stock_in,PRD-7705,NY Strip Steak,Meat,Beef,Metro Meat & Poultry,PO-40549,INV-58329,LOT-260802-31,6.5,lb,14.84,96.46,Main Kitchen Cooler,M. Osei,2026-08-08,
TXN-101031,2026-08-02,08:35,stock_in,PRD-7702,Ground Beef 80/20,Meat,Beef,Metro Meat & Poultry,PO-40128,INV-58712,LOT-260802-15,33.87,lb,6.19,209.66,Main Kitchen Cooler,C. Romero,2026-08-06,
TXN-101032,2026-08-02,14:27,adjustment,PRD-7703,Pork Tenderloin,Meat,Pork,Metro Meat & Poultry,,,,1.39,lb,6.77,9.41,Main Kitchen Cooler,L. Kim,,Unit conversion fix
TXN-101033,2026-08-02,10:31,stock_out,PRD-2211,"Garlic, Peeled",Produce,Aromatics,Green Valley Produce Co.,,,,-4.31,lb,6.77,-29.18,Main Kitchen Cooler,M. Osei,,
TXN-101034,2026-08-02,08:46,stock_out,PRD-2209,Yellow Onions,Produce,Root Vegetables,Green Valley Produce Co.,,,,-1.0,sack,17.48,-17.48,Dry Storage Room,M. Osei,,
TXN-101035,2026-08-02,09:57,stock_out,PRD-2208,Roma Tomatoes,Produce,Vegetables,Green Valley Produce Co.,,,,-4.0,case,31.66,-126.64,Main Kitchen Cooler,T. Fischer,,
TXN-101036,2026-08-02,16:00,adjustment,PRD-1104,Sea Scallops U-10,Seafood,Shellfish,Harborline Seafood Distributors,,,,-1.52,lb,22.81,-34.67,Main Kitchen Cooler,L. Kim,,System entry error
TXN-101037,2026-08-02,08:08,stock_out,PRD-3316, Whole Milk ,Dairy,Cream & Milk,Dairy Fresh Cooperative,,,,-3.38,gal,4.45,-15.04,Main Kitchen Cooler,C. Romero,,
TXN-101038,2026-08-02,14:13,stock_out,PRD-2208,Roma Tomatoes,Produce,Vegetables,Green Valley Produce Co.,,,,-3.0,case,29.64,-88.92,Main Kitchen Cooler,T. Fischer,,
TXN-101039,2026-08-02,16:11,stock_out,PRD-8802,Granulated Sugar,Dry Goods,Baking,Pantry Staples Wholesale,,,,-4.0,50lb bag,25.84,-103.36,Dry Storage Room,M. Osei,,
TXN-101040,2026-08-02,11:18,stock_out,PRD-7706,Duck Breast,Meat,Poultry,Metro Meat & Poultry,,,,-1.9,lb,12.76,-24.24,Main Kitchen Cooler,L. Kim,,
TXN-101041,2026-08-02,07:11,stock_out,PRD-6634,Unsalted Butter,Dairy,Butter,Dairy Fresh Cooperative,,,,-2.0,block,115.45,-230.9,Main Kitchen Cooler,D. Alvarez,,
TXN-101042,2026-08-02,20:31,waste,PRD-9903,"Croissants, Unbaked Frozen",Bakery,Pastry,Sunrise Bakery Supply,,,,-2.0,case (72ct),65.92,-131.84,Walk-In Freezer,D. Alvarez,,Dropped/contaminated
TXN-101043,2026-08-03,09:16,stock_out,PRD-2207,Yukon Gold Potatoes,Produce,Root Vegetables,Green Valley Produce Co.,,,,-3.0,sack,27.6,-82.8,Dry Storage Room,L. Kim,,
TXN-101044,2026-08-03,08:21,stock_out,PRD-7702,Ground Beef 80/20,Meat,Beef,Metro Meat & Poultry,,,,-9.73,lb,5.52,-53.71,Main Kitchen Cooler,R. Patel,,
TXN-101045,2026-08-03,07:39,waste,PRD-3318,Parmesan Wheel,Dairy,Cheese,Dairy Fresh Cooperative,,,,-3.13,lb,12.13,-37.97,Main Kitchen Cooler,,,Spoilage
TXN-101046,2026-08-03,18:49,transfer,PRD-8801,All-Purpose Flour,Dry Goods,Baking,Pantry Staples Wholesale,,,,2.0,50lb bag,22.07,44.14,Main Kitchen Cooler,M. Osei,,Transferred to Prep Station Fridge
TXN-101047,2026-08-03,07:58,stock_in,PRD-5521,"Free-Range Eggs, Large",Dairy,Eggs,Dairy Fresh Cooperative,PO-40666,INV-58850,LOT-260803-41,4.0,CASE,46.15,184.6,Main Kitchen Cooler,D. Alvarez,2026-08-31,Short delivery vs PO — see delivery receipt
TXN-101048,2026-08-03,06:10,waste,PRD-8805,Canola Oil,Dry Goods,Oils,Pantry Staples Wholesale,,,,-1.0,case (4x1gal),38.8,-38.8,Dry Storage Room,T. Fischer,,Quality reject
TXN-101049,2026-08-03,07:52,stock_out,PRD-8804,"Olive Oil, Extra Virgin",Dry Goods,Oils,Pantry Staples Wholesale,,,,-3.0,CASE (6X1L),55.87,-167.61,Dry Storage Room,D. Alvarez,,
TXN-101050,2026-08-03,17:53,stock_in,PRD-8806,Basmati Rice,Dry Goods,Grains,Pantry Staples Wholesale,PO-40197,INV-58853,LOT-260803-85,5.0,25lb bag,29.61,148.05,Dry Storage Room,L. Kim,2028-08-02,
TXN-101051,2026-08-03,11:12,stock_out,PRD-1103,"Jumbo Shrimp, Peeled",Seafood,Shellfish,Harborline Seafood Distributors,,,,-1.95,lb,15.91,-31.02,Main Kitchen Cooler,C. Romero,,
TXN-101052,2026-08-03,11:18,stock_out,PRD-8806,Basmati Rice,Dry Goods,Grains,Pantry Staples Wholesale,,,,-4.0,25lb bag,27.9,-111.6,Dry Storage Room,J. Nguyen,,
TXN-101053,2026-08-03,17:06,waste,PRD-8803,Kosher Salt,Dry Goods,Seasoning,Pantry Staples Wholesale,,,,-1.0,25lb bag,11.14,-11.14,Dry Storage Room,D. Alvarez,,Expired
TXN-101054,2026-08-03,09:09,stock_out,PRD-2210,Romaine Lettuce,Produce,Leafy Greens,Green Valley Produce Co.,,,,-3.0,case,26.63,-79.89,Main Kitchen Cooler,D. Alvarez,,
TXN-101055,2026-08-03,07:25,stock_in,PRD-2214,Lemons,Produce,Fruit,Green Valley Produce Co.,PO-40840,INV-58680,LOT-260803-39,5.0,case,28.88,144.4,Main Kitchen Cooler,D. Alvarez,2026-08-17,
TXN-101056,2026-08-03,14:26,stock_out,PRD-7705,NY Strip Steak,Meat,Beef,Metro Meat & Poultry,,,,-13.14,lb,14.83,-194.87,Main Kitchen Cooler,J. Nguyen,,
TXN-101057,2026-08-04,17:30,stock_out,PRD-6634,Unsalted Butter,Dairy,Butter,Dairy Fresh Cooperative,,,,-3.0,BLOCK,125.72,-377.16,Main Kitchen Cooler,T. Fischer,,
TXN-101058,2026-08-04,06:10,stock_in,PRD-8804,"Olive Oil, Extra Virgin",Dry Goods,Oils,Pantry Staples Wholesale,PO-40302,INV-58548,LOT-260804-24,5.0,case (6x1L),54.49,272.45,Dry Storage Room,D. Alvarez,2027-08-04,
TXN-101059,2026-08-04,06:18,stock_out,BEV-1005,"Draft Beer Keg, Lager",Beverage,Beer,BevCo Beverage Distribution,,,,-1.0,keg,156.5,-156.5,Bar Storage,T. Fischer,,
TXN-101060,2026-08-04,14:41,transfer,PRD-1105,"Mussels, Live",Seafood,Shellfish,Harborline Seafood Distributors,,,,1.83,lb,5.92,10.83,Bar Storage,J. Nguyen,,Transferred to Main Kitchen Cooler
TXN-101061,2026-08-04,17:54,transfer,PRD-8801,All-Purpose Flour,Dry Goods,Baking,Pantry Staples Wholesale,,,,3.0,50LB BAG,22.09,66.27,Walk-In Freezer,L. Kim,,Transferred to Walk-In Freezer
TXN-101062,2026-08-04,06:19,adjustment,PRD-2208,Roma Tomatoes,Produce,Vegetables,Green Valley Produce Co.,,,,1.21,case,30.46,36.86,Main Kitchen Cooler,D. Alvarez,,Unit conversion fix
TXN-101063,2026-08-04,16:35,stock_in,PRD-3315,Heavy Cream 40%,Dairy,Cream & Milk,Dairy Fresh Cooperative,PO-40114,INV-58297,LOT-260804-45,35.57,gal,9.51,338.27,Main Kitchen Cooler,M. Osei,2026-08-14,
TXN-101064,2026-08-04,13:34,adjustment,PRD-8805,Canola Oil,Dry Goods,Oils,Pantry Staples Wholesale,,,,0.85,CASE (4X1GAL),40.0,34.0,Dry Storage Room,C. Romero,,System entry error
TXN-101065,2026-08-04,18:33,stock_in,PRD-2213,Avocados,Produce,Fruit,Green Valley Produce Co.,PO-40438,INV-58689,LOT-260804-85,5.0,case,38.05,190.25,Main Kitchen Cooler,C. Romero,2026-08-09,
TXN-101066,2026-08-04,08:13,stock_in,PRD-3315,Heavy Cream 40%,Dairy,Cream & Milk,Dairy Fresh Cooperative,PO-40250,INV-58246,LOT-260804-31,5.47,gal,10.22,55.9,Main Kitchen Cooler,R. Patel,2026-08-14,
TXN-101067,2026-08-04,11:20,stock_out,PRD-9901,Sourdough Loaf,Bakery,Bread,Sunrise Bakery Supply,,,,-2.0,each,3.91,-7.82,Dry Storage Room,J. Nguyen,,
TXN-101068,2026-08-04,20:33,stock_out,PRD-9903,"Croissants, Unbaked Frozen",Bakery,Pastry,Sunrise Bakery Supply,,,,-2.0,case (72ct),59.68,-119.36,Walk-In Freezer,C. Romero,,
TXN-101069,2026-08-04,20:27,stock_out,PRD-7702,Ground Beef 80/20,Meat,Beef,Metro Meat & Poultry,,,,-8.63,lb,5.94,-51.26,Main Kitchen Cooler,L. Kim,,
TXN-101070,2026-08-05,20:23,stock_in,PRD-8802,Granulated Sugar,Dry Goods,Baking,Pantry Staples Wholesale,PO-40454,INV-58845,LOT-260805-64,7.0,50lb bag,25.56,178.92,Dry Storage Room,J. Nguyen,2028-08-04,
TXN-101071,2026-08-05,09:33,stock_in,PRD-1102,Atlantic Salmon Fillet,Seafood,Finfish,Coastal Farms & Purveyors Ltd.,PO-40436,INV-58196,LOT-260805-57,9.41,lb,11.41,107.37,Main Kitchen Cooler,M. Osei,2026-08-11,Received in good condition
TXN-101072,2026-08-05,17:45,stock_in,PRD-8805,Canola Oil,Dry Goods,Oils,Pantry Staples Wholesale,PO-40685,INV-58131,LOT-260805-70,3.0,case (4x1gal),42.84,128.52,Dry Storage Room,C. Romero,2027-08-05,
TXN-101073,2026-08-05,06:39,stock_in,PRD-2210,Romaine Lettuce,Produce,Leafy Greens,Green Valley Produce Co.,PO-40853,INV-58281,LOT-260805-26,7.0,CASE,23.38,163.66,Main Kitchen Cooler,D. Alvarez,2026-08-10,
TXN-101074,2026-08-05,08:54,transfer,PRD-2210,Romaine Lettuce,Produce,Leafy Greens,Green Valley Produce Co.,,,,1.0,case,24.09,24.09,Dry Storage Room,T. Fischer,,Transferred to Main Kitchen Cooler
TXN-101075,2026-08-05,16:25,stock_out,PRD-8803,Kosher Salt,Dry Goods,Seasoning,Pantry Staples Wholesale,,,,-2.0,25LB BAG,11.3,-22.6,Dry Storage Room,D. Alvarez,,
TXN-101076,2026-08-05,11:02,stock_in,PRD-7702,Ground Beef 80/20,Meat,Beef,Metro Meat & Poultry,PO-40617,INV-58519,LOT-260805-32,12.47,LB,5.66,70.58,Main Kitchen Cooler,T. Fischer,2026-08-09,
TXN-101077,2026-08-05,20:44,stock_out,PRD-8801,All-Purpose Flour,Dry Goods,Baking,Pantry Staples Wholesale,,,,-1.0,50LB BAG,23.51,-23.51,Dry Storage Room,D. Alvarez,,
TXN-101078,2026-08-05,16:01,stock_out,PRD-3316,Whole Milk,Dairy,Cream & Milk,Dairy Fresh Cooperative,,,,-11.62,gal,4.39,-51.01,Main Kitchen Cooler,J. Nguyen,,
TXN-101079,2026-08-05,16:41,stock_out,PRD-6634,Unsalted Butter,Dairy,Butter,Dairy Fresh Cooperative,,,,-4.0,block,125.84,-503.36,Main Kitchen Cooler,T. Fischer,,
TXN-101080,2026-08-05,07:36,stock_in,PRD-7703,Pork Tenderloin,Meat,Pork,Metro Meat & Poultry,PO-40292,INV-58379,LOT-260805-35,13.99,lb,6.45,90.24,Main Kitchen Cooler,J. Nguyen,2026-08-10,
TXN-101081,2026-08-05,16:33,stock_out,PRD-8803,Kosher Salt,Dry Goods,Seasoning,Pantry Staples Wholesale,,,,-2.0,25lb bag,11.23,-22.46,Dry Storage Room,L. Kim,,
TXN-101082,2026-08-05,08:44,stock_out,PRD-2212,"Bell Peppers, Mixed",Produce,Vegetables,Green Valley Produce Co.,,,,-2.0,case,27.94,-55.88,Main Kitchen Cooler,T. Fischer,,
TXN-101083,2026-08-05,17:50,stock_out,BEV-1002,Sparkling Water Cans,Beverage,Water,BevCo Beverage Distribution,,,,-2.0,case (24ct),14.43,-28.86,Bar Storage,J. Nguyen,,
TXN-101084,2026-08-05,16:11,stock_out,PRD-2211,"Garlic, Peeled",Produce,Aromatics,Green Valley Produce Co.,,,,-7.39,lb,6.37,-47.07,Main Kitchen Cooler,M. Osei,,
TXN-101085,2026-08-05,07:40,stock_out,PRD-1104,Sea Scallops U-10,Seafood,Shellfish,Harborline Seafood Distributors,,,,-5.7,lb,23.94,-136.46,Main Kitchen Cooler,J. Nguyen,,
TXN-101086,2026-08-05,09:19,stock_in,PRD-2210,Romaine Lettuce,Produce,Leafy Greens,Green Valley Produce Co.,PO-40870,INV-58122,LOT-260805-66,2.0,case,24.94,49.88,Main Kitchen Cooler,L. Kim,2026-08-10,
TXN-101087,2026-08-05,09:38,stock_in,PRD-6634,Unsalted Butter,Dairy,Butter,Dairy Fresh Cooperative,PO-40407,INV-58141,LOT-260805-39,3.0,BLOCK,122.3,366.9,Main Kitchen Cooler,L. Kim,2026-09-19,
TXN-101088,2026-08-06,07:32,stock_out,PRD-8805,Canola Oil,Dry Goods,Oils,Pantry Staples Wholesale,,,,-1.0,case (4x1gal),40.66,-40.66,Dry Storage Room,C. Romero,,
TXN-101089,2026-08-06,07:42,waste,PRD-2213,Avocados,Produce,Fruit,Green Valley Produce Co.,,,,-1.0,case,39.19,-39.19,Main Kitchen Cooler,D. Alvarez,,Dropped/contaminated
TXN-101090,2026-08-06,06:42,stock_in,PRD-8805,Canola Oil,Dry Goods,Oils,Pantry Staples Wholesale,PO-40408,INV-58414,LOT-260806-20,2.0,CASE (4X1GAL),44.57,89.14,Dry Storage Room,J. Nguyen,2027-08-06,
TXN-101091,2026-08-06,07:22,stock_in,PRD-8803,Kosher Salt,Dry Goods,Seasoning,Pantry Staples Wholesale,PO-40503,INV-58815,LOT-260806-37,2.0,25lb bag,11.09,22.18,Dry Storage Room,R. Patel,2029-08-05,
TXN-101092,2026-08-06,07:25,stock_out,PRD-4410,Organic Baby Spinach,Produce,Leafy Greens,Green Valley Produce Co.,,,,-3.0,case,15.1,-45.3,Main Kitchen Cooler,L. Kim,,
TXN-101093,2026-08-06,11:42,stock_in,BEV-1004,House White Wine,Beverage,Wine,BevCo Beverage Distribution,PO-40327,INV-58723,LOT-260806-32,6.0,case (12x750ml),91.24,547.44,Bar Storage,,2028-08-05,
TXN-101094,2026-08-06,16:14,transfer,PRD-8805,Canola Oil,Dry Goods,Oils,Pantry Staples Wholesale,,,,1.0,CASE (4X1GAL),38.94,38.94,Walk-In Freezer,M. Osei,,Transferred to Walk-In Freezer
TXN-101095,2026-08-06,10:43,stock_in,PRD-2212,"Bell Peppers, Mixed",Produce,Vegetables,Green Valley Produce Co.,PO-40531,INV-58283,LOT-260806-30,7.0,case,25.27,176.89,Main Kitchen Cooler,R. Patel,2026-08-15,
TXN-101096,2026-08-06,10:51,stock_out,PRD-2210,Romaine Lettuce,Produce,Leafy Greens,Green Valley Produce Co.,,,,-3.0,case,23.41,-70.23,Main Kitchen Cooler,J. Nguyen,,
TXN-101097,2026-08-06,16:25,stock_out,BEV-1001,"Cola Syrup, 5 Gal BIB",Beverage,Soft Drinks,BevCo Beverage Distribution,,,,-2.0,each,57.58,-115.16,Bar Storage,R. Patel,,
TXN-101098,2026-08-06,18:30,stock_out,PRD-9901,Sourdough Loaf,Bakery,Bread,Sunrise Bakery Supply,,,,-3.0,EACH,3.96,-11.88,Dry Storage Room,M. Osei,,
TXN-101099,2026-08-06,07:09,transfer,PRD-8804,"Olive Oil, Extra Virgin",Dry Goods,Oils,Pantry Staples Wholesale,,,,1.0,case (6x1L),55.19,55.19,Bar Storage,L. Kim,,Transferred to Walk-In Freezer
TXN-101100,2026-08-06,06:56,stock_out,BEV-1001,"Cola Syrup, 5 Gal BIB",Beverage,Soft Drinks,BevCo Beverage Distribution,,,,-3.0,each,60.7,-182.1,Bar Storage,R. Patel,,
TXN-101101,2026-08-06,08:22,stock_in,BEV-1004,House White Wine,Beverage,Wine,BevCo Beverage Distribution,PO-40404,INV-58751,LOT-260806-14,4.0,case (12x750ml),89.23,356.92,Bar Storage,C. Romero,2028-08-05,
TXN-101102,2026-08-06,17:09,stock_in,BEV-1004,House White Wine,Beverage,Wine,BevCo Beverage Distribution,PO-40381,INV-58453,LOT-260806-68,5.0,case (12x750ml),89.01,445.05,Bar Storage,T. Fischer,2028-08-05,
TXN-101103,2026-08-06,07:20,stock_out,PRD-2213,Avocados,Produce,Fruit,Green Valley Produce Co.,,,,-2.0,case,34.44,-68.88,Main Kitchen Cooler,T. Fischer,,
TXN-101104,2026-08-06,16:47,stock_out,PRD-2209,Yellow Onions,Produce,Root Vegetables,Green Valley Produce Co.,,,,-2.0,sack,18.21,-36.42,Dry Storage Room,J. Nguyen,,
TXN-101105,2026-08-07,18:12,adjustment,PRD-8807,Dried Penne Pasta,Dry Goods,Grains,Pantry Staples Wholesale,,,,0.43,case (12x1lb),21.37,9.19,Dry Storage Room,C. Romero,,System entry error
TXN-101106,2026-08-07,10:17,waste,PRD-3318,Parmesan Wheel,Dairy,Cheese,Dairy Fresh Cooperative,,,,-3.78,lb,13.47,-50.92,Main Kitchen Cooler,M. Osei,,Over-prepped
TXN-101107,2026-08-07,10:13,stock_in,PRD-7703, Pork Tenderloin ,Meat,Pork,Metro Meat & Poultry,PO-40232,INV-58381,LOT-260807-44,2.71,lb,6.66,18.05,Main Kitchen Cooler,R. Patel,2026-08-12,
TXN-101108,2026-08-07,14:18,stock_in,PRD-7705,NY Strip Steak,Meat,Beef,Metro Meat & Poultry,PO-40571,INV-58702,LOT-260807-63,29.67,lb,15.67,464.93,Main Kitchen Cooler,T. Fischer,2026-08-13,
TXN-101109,2026-08-07,11:09,stock_out,PRD-7705,NY Strip Steak,Meat,Beef,Metro Meat & Poultry,,,,-7.2,lb,16.0,-115.2,Main Kitchen Cooler,J. Nguyen,,
TXN-101110,2026-08-07,20:36,stock_in,PRD-8805,Canola Oil,Dry Goods,Oils,Pantry Staples Wholesale,PO-40674,INV-58453,LOT-260807-20,8.0,case (4x1gal),42.88,343.04,Dry Storage Room,J. Nguyen,2027-08-07,
TXN-101111,2026-08-07,14:37,stock_in,PRD-9902,Brioche Burger Buns,Bakery,Bread,Sunrise Bakery Supply,PO-40541,INV-58525,LOT-260807-12,2.0,case (48ct),27.82,55.64,Dry Storage Room,L. Kim,2026-08-12,
TXN-101112,2026-08-07,20:07,stock_out,PRD-4410,Organic Baby Spinach,Produce,Leafy Greens,Green Valley Produce Co.,,,,-1.0,case,13.56,-13.56,Main Kitchen Cooler,D. Alvarez,,
TXN-101113,2026-08-07,09:48,stock_out,PRD-8805,Canola Oil,Dry Goods,Oils,Pantry Staples Wholesale,,,,-2.0,case (4x1gal),44.69,-89.38,Dry Storage Room,M. Osei,,
TXN-101114,2026-08-07,13:25,stock_out,PRD-7705,NY Strip Steak,Meat,Beef,Metro Meat & Poultry,,,,-3.76,lb,15.16,-57.0,Main Kitchen Cooler,L. Kim,,
TXN-101115,2026-08-07,06:34,stock_out,PRD-3316,Whole Milk,Dairy,Cream & Milk,Dairy Fresh Cooperative,,,,-12.53,gal,4.38,-54.88,Main Kitchen Cooler,T. Fischer,,
TXN-101116,2026-08-07,10:12,adjustment,PRD-8806,Basmati Rice,Dry Goods,Grains,Pantry Staples Wholesale,,,,0.82,25lb bag,28.28,23.19,Dry Storage Room,J. Nguyen,,Cycle count correction
TXN-101117,2026-08-07,07:36,stock_out,PRD-7705,NY Strip Steak,Meat,Beef,Metro Meat & Poultry,,,,-9.57,LB,15.85,-151.68,Main Kitchen Cooler,M. Osei,,
TXN-101118,2026-08-07,20:12,stock_out,PRD-8804,"Olive Oil, Extra Virgin",Dry Goods,Oils,Pantry Staples Wholesale,,,,-4.0,case (6x1L),54.86,-219.44,Dry Storage Room,M. Osei,,
TXN-101119,2026-08-07,08:04,stock_out,PRD-3317,Shredded Mozzarella,Dairy,Cheese,Dairy Fresh Cooperative,,,,-13.47,lb,5.34,-71.93,Main Kitchen Cooler,R. Patel,,
TXN-101120,2026-08-08,13:41,adjustment,PRD-3316,Whole Milk,Dairy,Cream & Milk,Dairy Fresh Cooperative,,,,-2.33,gal,4.27,-9.95,Main Kitchen Cooler,M. Osei,,System entry error
TXN-101121,2026-08-08,10:55,stock_out,PRD-1104,Sea Scallops U-10,Seafood,Shellfish,Harborline Seafood Distributors,,,,-8.04,LB,22.39,-180.02,Main Kitchen Cooler,R. Patel,,
TXN-101122,2026-08-08,18:38,stock_in,BEV-1004,House White Wine,Beverage,Wine,BevCo Beverage Distribution,PO-40124,INV-58549,LOT-260808-71,6.0,case (12x750ml),90.49,542.94,Bar Storage,L. Kim,2028-08-07,
TXN-101123,2026-08-08,13:40,stock_out,PRD-8803,Kosher Salt,Dry Goods,Seasoning,Pantry Staples Wholesale,,,,-3.0,25LB BAG,10.87,-32.61,Dry Storage Room,D. Alvarez,,
TXN-101124,2026-08-08,07:46,waste,PRD-2214,Lemons,Produce,Fruit,Green Valley Produce Co.,,,,-1.0,case,28.6,-28.6,Main Kitchen Cooler,M. Osei,,Prep trim loss
TXN-101125,2026-08-08,17:04,stock_out,PRD-2210,Romaine Lettuce,Produce,Leafy Greens,Green Valley Produce Co.,,,,-2.0,case,25.58,-51.16,Main Kitchen Cooler,L. Kim,,
TXN-101126,2026-08-08,11:44,stock_out,PRD-9901,Sourdough Loaf,Bakery,Bread,Sunrise Bakery Supply,,,,-2.0,each,3.62,-7.24,Dry Storage Room,D. Alvarez,,
TXN-101127,2026-08-08,14:23,transfer,PRD-5521,"Free-Range Eggs, Large",Dairy,Eggs,Dairy Fresh Cooperative,,,,2.0,case,50.13,100.26,Bar Storage,J. Nguyen,,Transferred to Main Kitchen Cooler
TXN-101128,2026-08-08,08:54,stock_in,PRD-4410,Organic Baby Spinach,Produce,Leafy Greens,Green Valley Produce Co.,PO-40128,INV-58316,LOT-260808-84,4.0,case,14.51,58.04,Main Kitchen Cooler,M. Osei,2026-08-13,Received in good condition
TXN-101129,2026-08-08,14:57,stock_out,BEV-1003,House Red Wine,Beverage,Wine,BevCo Beverage Distribution,,,,-2.0,case (12x750ml),93.61,-187.22,Bar Storage,J. Nguyen,,
TXN-101130,2026-08-08,11:41,transfer,PRD-8804,"Olive Oil, Extra Virgin",Dry Goods,Oils,Pantry Staples Wholesale,,,,1.0,case (6x1L),54.99,54.99,Prep Station Fridge,R. Patel,,Transferred to Bar Storage
TXN-101131,2026-08-08,08:38,stock_in,PRD-3318,Parmesan Wheel,Dairy,Cheese,Dairy Fresh Cooperative,PO-40765,INV-58301,LOT-260808-55,31.56,lb,13.5,426.06,Main Kitchen Cooler,R. Patel,2026-10-07,
TXN-101132,2026-08-08,17:12,transfer,BEV-1003,House Red Wine,Beverage,Wine,BevCo Beverage Distribution,,,,2.0,case (12x750ml),94.44,188.88,Main Kitchen Cooler,D. Alvarez,,Transferred to Main Kitchen Cooler
TXN-101133,2026-08-08,18:03,transfer,BEV-1004,House White Wine,Beverage,Wine,BevCo Beverage Distribution,,,,2.0,case (12x750ml),86.32,172.64,Dry Storage Room,L. Kim,,Transferred to Prep Station Fridge
TXN-101134,2026-08-08,14:17,stock_in,PRD-9902,Brioche Burger Buns,Bakery,Bread,Sunrise Bakery Supply,PO-40294,INV-58850,LOT-260808-18,5.0,case (48ct),26.64,133.2,Dry Storage Room,J. Nguyen,2026-08-13,
TXN-101135,2026-08-08,18:03,stock_in,PRD-9902,Brioche Burger Buns,Bakery,Bread,Sunrise Bakery Supply,PO-40301,INV-58589,LOT-260808-24,3.0,case (48ct),29.11,87.33,Dry Storage Room,R. Patel,2026-08-13,
TXN-101136,2026-08-08,10:55,stock_in,PRD-2213,Avocados,Produce,Fruit,Green Valley Produce Co.,PO-40553,INV-58896,LOT-260808-92,7.0,case,37.78,264.46,Main Kitchen Cooler,J. Nguyen,2026-08-13,
TXN-101137,2026-08-09,16:11,stock_in,PRD-7706,Duck Breast,Meat,Poultry,Metro Meat & Poultry,PO-40390,INV-58760,LOT-260809-48,14.49,lb,13.56,196.48,Main Kitchen Cooler,M. Osei,2026-08-14,
TXN-101138,2026-08-09,18:11,stock_in,PRD-9901,Sourdough Loaf,Bakery,Bread,Sunrise Bakery Supply,PO-40621,INV-58581,LOT-260809-73,4.0,each,3.64,14.56,Dry Storage Room,J. Nguyen,2026-08-12,
TXN-101139,2026-08-09,13:52,stock_out,PRD-8801,All-Purpose Flour,Dry Goods,Baking,Pantry Staples Wholesale,,,,-2.0,50lb bag,22.98,-45.96,Dry Storage Room,L. Kim,,
TXN-101140,2026-08-09,16:19,stock_out,BEV-1003,House Red Wine,Beverage,Wine,BevCo Beverage Distribution,,,,-4.0,case (12x750ml),91.55,-366.2,Bar Storage,T. Fischer,,
TXN-101141,2026-08-09,14:42,transfer,PRD-3315,Heavy Cream 40%,Dairy,Cream & Milk,Dairy Fresh Cooperative,,,,1.79,gal,9.99,17.88,Prep Station Fridge,L. Kim,,Transferred to Walk-In Freezer
TXN-101142,2026-08-09,20:19,adjustment,PRD-9903,"Croissants, Unbaked Frozen",Bakery,Pastry,Sunrise Bakery Supply,,,,-0.78,case (72ct),62.02,-48.38,Walk-In Freezer,T. Fischer,,Recount after audit
TXN-101143,2026-08-09,10:00,stock_out,PRD-2213,Avocados,Produce,Fruit,Green Valley Produce Co.,,,,-3.0,case,35.94,-107.82,Main Kitchen Cooler,R. Patel,,
TXN-101144,2026-08-09,17:12,stock_in,PRD-7702,Ground Beef 80/20,Meat,Beef,Metro Meat & Poultry,PO-40401,INV-58482,LOT-260809-13,9.93,lb,6.16,61.17,Main Kitchen Cooler,M. Osei,2026-08-13,
TXN-101145,2026-08-09,20:17,stock_out,PRD-1105,"Mussels, Live",Seafood,Shellfish,Harborline Seafood Distributors,,,,-2.05,lb,5.66,-11.6,Main Kitchen Cooler,M. Osei,,
TXN-101146,2026-08-09,10:44,waste,PRD-1104,Sea Scallops U-10,Seafood,Shellfish,Harborline Seafood Distributors,,,,-4.81,lb,23.24,-111.78,Main Kitchen Cooler,J. Nguyen,,Dropped/contaminated
TXN-101147,2026-08-09,08:34,stock_out,PRD-2207,Yukon Gold Potatoes,Produce,Root Vegetables,Green Valley Produce Co.,,,,-2.0,sack,29.9,-59.8,Dry Storage Room,D. Alvarez,,
TXN-101148,2026-08-09,20:09,waste,PRD-8806,Basmati Rice,Dry Goods,Grains,Pantry Staples Wholesale,,,,-2.0,25lb bag,28.08,-56.16,Dry Storage Room,C. Romero,,Spoilage
TXN-101149,2026-08-09,20:18,stock_out,PRD-7701,"Chicken Breast, Boneless",Meat,Poultry,Metro Meat & Poultry,,,,-10.5,LB,4.57,-47.98,Main Kitchen Cooler,L. Kim,,
TXN-101150,2026-08-09,09:57,adjustment,PRD-7705,NY Strip Steak,Meat,Beef,Metro Meat & Poultry,,,,1.64,lb,16.01,26.26,Main Kitchen Cooler,J. Nguyen,,System entry error
TXN-101151,2026-08-09,17:16,stock_out,PRD-3317,Shredded Mozzarella,Dairy,Cheese,Dairy Fresh Cooperative,,,,-4.2,lb,5.82,-24.44,Main Kitchen Cooler,D. Alvarez,,
TXN-101152,2026-08-09,20:33,waste,BEV-1001,"Cola Syrup, 5 Gal BIB",Beverage,Soft Drinks,BevCo Beverage Distribution,,,,-1.0,each,66.86,-66.86,Bar Storage,M. Osei,,Spoilage
TXN-101153,2026-08-09,11:18,waste,PRD-7705,NY Strip Steak,Meat,Beef,Metro Meat & Poultry,,,,-2.96,lb,15.73,-46.56,Main Kitchen Cooler,T. Fischer,,Spoilage
TXN-101154,2026-08-09,13:54,stock_in,BEV-1004,House White Wine,Beverage,Wine,BevCo Beverage Distribution,PO-40579,INV-58724,LOT-260809-93,7.0,case (12x750ml),91.06,637.42,Bar Storage,J. Nguyen,2028-08-08,
TXN-101155,2026-08-09,07:11,stock_out,PRD-2212,"Bell Peppers, Mixed",Produce,Vegetables,Green Valley Produce Co.,,,,-3.0,case,26.6,-79.8,Main Kitchen Cooler,C. Romero,,
TXN-101156,2026-08-09,08:00,stock_out,PRD-1103,"Jumbo Shrimp, Peeled",Seafood,Shellfish,Harborline Seafood Distributors,,,,-9.54,lb,14.54,-138.71,Main Kitchen Cooler,D. Alvarez,,
TXN-101157,2026-08-10,09:34,stock_out,PRD-2214,Lemons,Produce,Fruit,Green Valley Produce Co.,,,,-2.0,case,29.77,-59.54,Main Kitchen Cooler,L. Kim,,
TXN-101158,2026-08-10,18:09,stock_in,PRD-2213,Avocados,Produce,Fruit,Green Valley Produce Co.,PO-40126,INV-58646,LOT-260810-87,2.0,case,34.64,69.28,Main Kitchen Cooler,L. Kim,2026-08-15,Short delivery vs PO — see delivery receipt
TXN-101159,2026-08-10,16:13,transfer,PRD-7705,NY Strip Steak,Meat,Beef,Metro Meat & Poultry,,,,2.01,lb,15.21,30.57,Walk-In Freezer,M. Osei,,Transferred to Prep Station Fridge
TXN-101160,2026-08-10,11:07,transfer,PRD-4410,Organic Baby Spinach,Produce,Leafy Greens,Green Valley Produce Co.,,,,3.0,case,13.12,39.36,Prep Station Fridge,L. Kim,,Transferred to Prep Station Fridge
TXN-101161,2026-08-10,14:52,waste,PRD-3318,Parmesan Wheel,Dairy,Cheese,Dairy Fresh Cooperative,,,,-0.8,lb,13.87,-11.1,Main Kitchen Cooler,C. Romero,,Over-prepped
TXN-101162,2026-08-10,17:38,adjustment,PRD-2211,"Garlic, Peeled",Produce,Aromatics,Green Valley Produce Co.,,,,-0.85,lb,6.91,-5.87,Main Kitchen Cooler,R. Patel,,System entry error
TXN-101163,2026-08-10,07:29,stock_in,PRD-9903,"Croissants, Unbaked Frozen",Bakery,Pastry,Sunrise Bakery Supply,PO-40530,INV-58509,LOT-260810-22,1.0,CASE (72CT),62.77,62.77,Walk-In Freezer,M. Osei,2026-11-08,
TXN-101164,2026-08-10,07:41,adjustment,PRD-5521,"Free-Range Eggs, Large",Dairy,Eggs,Dairy Fresh Cooperative,,,,0.86,case,45.97,39.53,Main Kitchen Cooler,R. Patel,,Cycle count correction
TXN-101165,2026-08-10,20:15,stock_in,PRD-7705,NY Strip Steak,Meat,Beef,Metro Meat & Poultry,PO-40631,INV-58259,LOT-260810-27,8.74,lb,14.19,124.02,Main Kitchen Cooler,T. Fischer,2026-08-16,Received in good condition
TXN-101166,2026-08-10,10:52,stock_out,PRD-7703,Pork Tenderloin,Meat,Pork,Metro Meat & Poultry,,,,-2.78,lb,6.4,-17.79,Main Kitchen Cooler,C. Romero,,
TXN-101167,2026-08-10,07:50,stock_out,PRD-3316,Whole Milk,Dairy,Cream & Milk,Dairy Fresh Cooperative,,,,-2.85,gal,4.2,-11.97,Main Kitchen Cooler,M. Osei,,
TXN-101168,2026-08-11,06:21,stock_in,PRD-7705,NY Strip Steak,Meat,Beef,Metro Meat & Poultry,PO-40852,INV-58247,LOT-260811-62,3.08,lb,15.33,47.22,Main Kitchen Cooler,D. Alvarez,2026-08-17,
TXN-101169,2026-08-11,07:26,transfer,PRD-8802,Granulated Sugar,Dry Goods,Baking,Pantry Staples Wholesale,,,,3.0,50lb bag,26.34,79.02,Main Kitchen Cooler,R. Patel,,Transferred to Walk-In Freezer
TXN-101170,2026-08-11,06:19,waste,PRD-7706,Duck Breast,Meat,Poultry,Metro Meat & Poultry,,,,-2.49,lb,14.47,-36.03,Main Kitchen Cooler,M. Osei,,Prep trim loss
TXN-101171,2026-08-11,17:53,stock_out,PRD-2210,Romaine Lettuce,Produce,Leafy Greens,Green Valley Produce Co.,,,,-4.0,case,23.55,-94.2,Main Kitchen Cooler,J. Nguyen,,
TXN-101172,2026-08-11,17:25,stock_out,PRD-2209,Yellow Onions,Produce,Root Vegetables,Green Valley Produce Co.,,,,-2.0,sack,18.84,-37.68,Dry Storage Room,J. Nguyen,,
TXN-101173,2026-08-11,11:42,stock_out,PRD-8801,All-Purpose Flour,Dry Goods,Baking,Pantry Staples Wholesale,,,,-3.0,50lb bag,22.06,-66.18,Dry Storage Room,M. Osei,,
TXN-101174,2026-08-11,20:02,stock_out,PRD-2212,"Bell Peppers, Mixed",Produce,Vegetables,Green Valley Produce Co.,,,,-3.0,CASE,28.61,-85.83,Main Kitchen Cooler,T. Fischer,,
TXN-101175,2026-08-11,20:50,stock_out,PRD-2212,"Bell Peppers, Mixed",Produce,Vegetables,Green Valley Produce Co.,,,,-2.0,case,26.85,-53.7,Main Kitchen Cooler,D. Alvarez,,
TXN-101176,2026-08-11,08:29,stock_out,PRD-2213,Avocados,Produce,Fruit,Green Valley Produce Co.,,,,-3.0,case,36.77,-110.31,Main Kitchen Cooler,D. Alvarez,,
TXN-101177,2026-08-11,07:16,stock_out,PRD-8801,All-Purpose Flour,Dry Goods,Baking,Pantry Staples Wholesale,,,,-2.0,50lb bag,23.31,-46.62,Dry Storage Room,L. Kim,,
TXN-101178,2026-08-11,08:04,waste,PRD-8801,All-Purpose Flour,Dry Goods,Baking,Pantry Staples Wholesale,,,,-2.0,50lb bag,21.74,-43.48,Dry Storage Room,D. Alvarez,,Over-prepped
TXN-101179,2026-08-11,17:18,stock_in,PRD-2211,"Garlic, Peeled",Produce,Aromatics,Green Valley Produce Co.,PO-40563,INV-58546,LOT-260811-80,6.8,lb,6.24,42.43,Main Kitchen Cooler,D. Alvarez,2026-08-25,
TXN-101180,2026-08-11,20:43,stock_in,BEV-1002,Sparkling Water Cans,Beverage,Water,BevCo Beverage Distribution,PO-40851,INV-58862,LOT-260811-55,3.0,case (24ct),13.29,39.87,Bar Storage,C. Romero,2027-08-11,
TXN-101181,2026-08-11,17:33,stock_out,PRD-8803,Kosher Salt,Dry Goods,Seasoning,Pantry Staples Wholesale,,,,-2.0,25lb bag,10.4,-20.8,Dry Storage Room,T. Fischer,,
TXN-101182,2026-08-11,14:27,stock_out,PRD-2212,"Bell Peppers, Mixed",Produce,Vegetables,Green Valley Produce Co.,,,,-4.0,case,26.33,-105.32,Main Kitchen Cooler,R. Patel,,
TXN-101183,2026-08-11,07:46,stock_out,PRD-9903,"Croissants, Unbaked Frozen",Bakery,Pastry,Sunrise Bakery Supply,,,,-4.0,case (72ct),58.88,-235.52,Walk-In Freezer,M. Osei,,
TXN-101184,2026-08-11,07:03,stock_out,PRD-1105,"Mussels, Live",Seafood,Shellfish,Harborline Seafood Distributors,,,,-11.45,lb,5.56,-63.66,Main Kitchen Cooler,R. Patel,,
TXN-101185,2026-08-12,16:26,waste,PRD-8805,Canola Oil,Dry Goods,Oils,Pantry Staples Wholesale,,,,-1.0,CASE (4X1GAL),39.94,-39.94,Dry Storage Room,L. Kim,,Dropped/contaminated
TXN-101186,2026-08-12,17:37,stock_in,PRD-8805,Canola Oil,Dry Goods,Oils,Pantry Staples Wholesale,PO-40554,INV-58245,LOT-260812-96,8.0,CASE (4X1GAL),39.66,317.28,Dry Storage Room,M. Osei,2027-08-12,Received in good condition
TXN-101187,2026-08-12,16:28,stock_out,PRD-7706,Duck Breast,Meat,Poultry,Metro Meat & Poultry,,,,-4.83,lb,12.78,-61.73,Main Kitchen Cooler,T. Fischer,,
TXN-101188,2026-08-12,06:24,transfer,PRD-8801,All-Purpose Flour,Dry Goods,Baking,Pantry Staples Wholesale,,,,3.0,50lb bag,20.64,61.92,Bar Storage,R. Patel,,Transferred to Walk-In Freezer
TXN-101189,2026-08-12,08:33,waste,BEV-1001,"Cola Syrup, 5 Gal BIB",Beverage,Soft Drinks,BevCo Beverage Distribution,,,,-1.0,each,66.94,-66.94,Bar Storage,C. Romero,,Over-prepped
TXN-101190,2026-08-12,10:26,waste,BEV-1001,"Cola Syrup, 5 Gal BIB",Beverage,Soft Drinks,BevCo Beverage Distribution,,,,-1.0,each,58.08,-58.08,Bar Storage,L. Kim,,Dropped/contaminated
TXN-101191,2026-08-12,16:53,stock_out,BEV-1002,Sparkling Water Cans,Beverage,Water,BevCo Beverage Distribution,,,,-2.0,CASE (24CT),14.07,-28.14,Bar Storage,D. Alvarez,,
TXN-101192,2026-08-12,10:42,stock_in,BEV-1001,"Cola Syrup, 5 Gal BIB",Beverage,Soft Drinks,BevCo Beverage Distribution,PO-40825,INV-58599,LOT-260812-81,3.0,each,66.93,200.79,Bar Storage,C. Romero,2027-02-08,
TXN-101193,2026-08-12,20:50,stock_in,PRD-7706,Duck Breast,Meat,Poultry,Metro Meat & Poultry,PO-40197,INV-58220,LOT-260812-40,26.42,lb,12.73,336.33,Main Kitchen Cooler,M. Osei,2026-08-17,
TXN-101194,2026-08-12,18:28,stock_out,PRD-1104,Sea Scallops U-10,Seafood,Shellfish,Harborline Seafood Distributors,,,,-12.86,LB,22.76,-292.69,Main Kitchen Cooler,C. Romero,,
TXN-101195,2026-08-12,06:13,stock_out,PRD-8807,Dried Penne Pasta,Dry Goods,Grains,Pantry Staples Wholesale,,,,-3.0,CASE (12X1LB),18.29,-54.87,Dry Storage Room,M. Osei,,
TXN-101196,2026-08-13,16:22,stock_out,PRD-7701,"Chicken Breast, Boneless",Meat,Poultry,Metro Meat & Poultry,,,,-5.61,lb,5.21,-29.23,Main Kitchen Cooler,M. Osei,,
TXN-101197,2026-08-13,07:13,waste,PRD-7701,"Chicken Breast, Boneless",Meat,Poultry,Metro Meat & Poultry,,,,-2.88,lb,5.13,-14.77,Main Kitchen Cooler,T. Fischer,,Dropped/contaminated
TXN-101198,2026-08-13,20:05,waste,PRD-3316,Whole Milk,Dairy,Cream & Milk,Dairy Fresh Cooperative,,,,-1.8,gal,4.28,-7.7,Main Kitchen Cooler,T. Fischer,,Quality reject
TXN-101199,2026-08-13,07:40,transfer,PRD-2210,Romaine Lettuce,Produce,Leafy Greens,Green Valley Produce Co.,,,,2.0,case,25.3,50.6,Prep Station Fridge,L. Kim,,Transferred to Walk-In Freezer
TXN-101200,2026-08-13,09:48,waste,PRD-8801,All-Purpose Flour,Dry Goods,Baking,Pantry Staples Wholesale,,,,-1.0,50lb bag,20.83,-20.83,Dry Storage Room,D. Alvarez,,Spoilage
TXN-101201,2026-08-13,13:34,stock_in,BEV-1005,"Draft Beer Keg, Lager",Beverage,Beer,BevCo Beverage Distribution,PO-40177,INV-58303,LOT-260813-21,2.0,keg,147.75,295.5,Bar Storage,D. Alvarez,2026-09-27,
TXN-101202,2026-08-13,10:08,stock_out,PRD-8801,All-Purpose Flour,Dry Goods,Baking,Pantry Staples Wholesale,,,,-4.0,50lb bag,20.6,-82.4,Dry Storage Room,T. Fischer,,
TXN-101203,2026-08-13,09:14,adjustment,PRD-2213,Avocados,Produce,Fruit,Green Valley Produce Co.,,,,-0.34,case,33.82,-11.5,Main Kitchen Cooler,C. Romero,,System entry error
TXN-101204,2026-08-13,08:28,stock_in,PRD-5521,"Free-Range Eggs, Large",Dairy,Eggs,Dairy Fresh Cooperative,PO-40112,INV-58403,LOT-260813-41,6.0,case,44.67,268.02,Main Kitchen Cooler,D. Alvarez,2026-09-10,
TXN-101205,2026-08-13,20:33,stock_out,PRD-3317,Shredded Mozzarella,Dairy,Cheese,Dairy Fresh Cooperative,,,,-8.92,lb,5.71,-50.93,Main Kitchen Cooler,R. Patel,,
TXN-101206,2026-08-13,09:57,stock_out,PRD-7701,"Chicken Breast, Boneless",Meat,Poultry,Metro Meat & Poultry,,,,-13.92,lb,4.64,-64.59,Main Kitchen Cooler,C. Romero,,
TXN-101207,2026-08-13,14:08,waste,PRD-6634,Unsalted Butter,Dairy,Butter,Dairy Fresh Cooperative,,,,-1.0,block,126.84,-126.84,Main Kitchen Cooler,C. Romero,,Damaged in delivery
TXN-101208,2026-08-13,09:45,stock_in,PRD-7706,Duck Breast,Meat,Poultry,Metro Meat & Poultry,PO-40329,INV-58576,LOT-260813-44,28.68,lb,14.64,419.88,Main Kitchen Cooler,C. Romero,2026-08-18,
TXN-101209,2026-08-13,11:35,stock_in,PRD-3315,Heavy Cream 40%,Dairy,Cream & Milk,Dairy Fresh Cooperative,PO-40588,INV-58823,LOT-260813-28,26.71,gal,10.37,276.98,Main Kitchen Cooler,D. Alvarez,2026-08-23,
TXN-101210,2026-08-13,11:27,stock_out,PRD-1103,"Jumbo Shrimp, Peeled",Seafood,Shellfish,Harborline Seafood Distributors,,,,-10.71,lb,15.85,-169.75,Main Kitchen Cooler,R. Patel,,
TXN-101211,2026-08-14,14:51,stock_out,PRD-7704,"Bacon, Sliced",Meat,Pork,Metro Meat & Poultry,,,,-13.2,lb,7.71,-101.77,Main Kitchen Cooler,J. Nguyen,,
TXN-101212,2026-08-14,06:45,adjustment,PRD-1102,Atlantic Salmon Fillet,Seafood,Finfish,Coastal Farms & Purveyors Ltd.,,,,1.53,lb,11.41,17.46,Main Kitchen Cooler,L. Kim,,Cycle count correction
TXN-101213,2026-08-14,14:49,stock_in,PRD-3317,Shredded Mozzarella,Dairy,Cheese,Dairy Fresh Cooperative,PO-40285,INV-58130,LOT-260814-93,30.84,LB,5.31,163.76,Main Kitchen Cooler,R. Patel,2026-09-04,
TXN-101214,2026-08-14,10:44,waste,PRD-8804,"Olive Oil, Extra Virgin",Dry Goods,Oils,Pantry Staples Wholesale,,,,-1.0,case (6x1L),61.22,-61.22,Dry Storage Room,J. Nguyen,,Spoilage
TXN-101215,2026-08-14,07:16,stock_out,PRD-7701,"Chicken Breast, Boneless",Meat,Poultry,Metro Meat & Poultry,,,,-6.32,lb,4.64,-29.32,Main Kitchen Cooler,T. Fischer,,
TXN-101216,2026-08-14,14:03,stock_in,BEV-1003,House Red Wine,Beverage,Wine,BevCo Beverage Distribution,PO-40482,INV-58197,LOT-260814-31,8.0,CASE (12X750ML),89.23,713.84,Bar Storage,D. Alvarez,2028-08-13,
TXN-101217,2026-08-14,20:04,stock_out,PRD-2213,Avocados,Produce,Fruit,Green Valley Produce Co.,,,,-4.0,case,34.68,-138.72,Main Kitchen Cooler,C. Romero,,
TXN-101218,2026-08-14,07:38,transfer,PRD-2210,Romaine Lettuce,Produce,Leafy Greens,Green Valley Produce Co.,,,,2.0,case,26.3,52.6,Walk-In Freezer,T. Fischer,,Transferred to Prep Station Fridge
TXN-101219,2026-08-14,13:56,stock_in,PRD-1105,"Mussels, Live",Seafood,Shellfish,Harborline Seafood Distributors,PO-40419,INV-58398,LOT-260814-23,38.41,lb,6.32,242.75,Main Kitchen Cooler,M. Osei,2026-08-16,
TXN-101220,2026-08-14,09:29,adjustment,PRD-2212,"Bell Peppers, Mixed",Produce,Vegetables,Green Valley Produce Co.,,,,2.57,case,27.51,70.7,Main Kitchen Cooler,R. Patel,,Unit conversion fix
TXN-101221,2026-08-14,08:52,stock_out,PRD-6634,Unsalted Butter,Dairy,Butter,Dairy Fresh Cooperative,,,,-2.0,block,124.49,-248.98,Main Kitchen Cooler,D. Alvarez,,
TXN-101222,2026-08-14,13:05,stock_in,PRD-2214,Lemons,Produce,Fruit,Green Valley Produce Co.,PO-40639,INV-58676,LOT-260814-83,6.0,case,28.17,169.02,Main Kitchen Cooler,T. Fischer,2026-08-28,
TXN-101223,2026-08-14,08:40,waste,PRD-9901,Sourdough Loaf,Bakery,Bread,Sunrise Bakery Supply,,,,-1.0,EACH,3.71,-3.71,Dry Storage Room,D. Alvarez,,Expired
TXN-101224,2026-08-14,11:50,stock_out,PRD-1105,"Mussels, Live",Seafood,Shellfish,Harborline Seafood Distributors,,,,-11.68,LB,6.16,-71.95,Main Kitchen Cooler,T. Fischer,,
TXN-101225,2026-08-14,14:47,stock_out,PRD-2209,Yellow Onions,Produce,Root Vegetables,Green Valley Produce Co.,,,,-4.0,sack,18.63,-74.52,Dry Storage Room,T. Fischer,,
TXN-101226,2026-08-14,09:34,stock_out,PRD-7704,"Bacon, Sliced",Meat,Pork,Metro Meat & Poultry,,,,-1.26,lb,7.57,-9.54,Main Kitchen Cooler,L. Kim,,
TXN-101227,2026-08-14,17:02,stock_out,BEV-1002,Sparkling Water Cans,Beverage,Water,BevCo Beverage Distribution,,,,-4.0,case (24ct),13.48,-53.92,Bar Storage,J. Nguyen,,
TXN-101228,2026-08-14,14:40,stock_out,PRD-3318,Parmesan Wheel,Dairy,Cheese,Dairy Fresh Cooperative,,,,-9.39,lb,11.96,-112.3,Main Kitchen Cooler,R. Patel,,
TXN-101229,2026-08-14,16:52,transfer,PRD-1102,Atlantic Salmon Fillet,Seafood,Finfish,Coastal Farms & Purveyors Ltd.,,,,5.58,lb,12.12,67.63,Bar Storage,R. Patel,,Transferred to Prep Station Fridge
TXN-101230,2026-08-14,14:42,stock_out,PRD-2212,"Bell Peppers, Mixed",Produce,Vegetables,Green Valley Produce Co.,,,,-2.0,case,29.14,-58.28,Main Kitchen Cooler,T. Fischer,,
TXN-101231,2026-08-14,16:47,adjustment,PRD-3318,Parmesan Wheel,Dairy,Cheese,Dairy Fresh Cooperative,,,,2.48,lb,12.71,31.52,Main Kitchen Cooler,D. Alvarez,,Unit conversion fix
TXN-101232,2026-08-14,11:16,waste,PRD-3317,Shredded Mozzarella,Dairy,Cheese,Dairy Fresh Cooperative,,,,-3.08,lb,5.71,-17.59,Main Kitchen Cooler,R. Patel,,Spoilage
TXN-101233,2026-08-14,07:07,stock_in,PRD-5521,"Free-Range Eggs, Large",Dairy,Eggs,Dairy Fresh Cooperative,PO-40168,INV-58287,LOT-260814-78,2.0,case,48.98,97.96,Main Kitchen Cooler,M. Osei,2026-09-11,
TXN-101234,2026-08-14,08:54,stock_out,PRD-7703,Pork Tenderloin,Meat,Pork,Metro Meat & Poultry,,,,-8.77,lb,6.33,-55.51,Main Kitchen Cooler,D. Alvarez,,
TXN-101235,2026-08-15,08:08,waste,BEV-1005,"Draft Beer Keg, Lager",Beverage,Beer,BevCo Beverage Distribution,,,,-2.0,KEG,134.23,-268.46,Bar Storage,R. Patel,,Spoilage
TXN-101236,2026-08-15,18:04,waste,PRD-2209,Yellow Onions,Produce,Root Vegetables,Green Valley Produce Co.,,,,-1.0,sack,18.84,-18.84,Dry Storage Room,R. Patel,,Damaged in delivery
TXN-101237,2026-08-15,08:49,waste,BEV-1002,Sparkling Water Cans,Beverage,Water,BevCo Beverage Distribution,,,,-1.0,case (24ct),13.98,-13.98,Bar Storage,C. Romero,,Spoilage
TXN-101238,2026-08-15,08:57,stock_out,PRD-3316,Whole Milk,Dairy,Cream & Milk,Dairy Fresh Cooperative,,,,-9.84,gal,4.13,-40.64,Main Kitchen Cooler,J. Nguyen,,
TXN-101239,2026-08-15,17:28,stock_out,PRD-3317,Shredded Mozzarella,Dairy,Cheese,Dairy Fresh Cooperative,,,,-0.87,lb,5.55,-4.83,Main Kitchen Cooler,L. Kim,,
TXN-101240,2026-08-15,09:03,stock_out,PRD-2212,"Bell Peppers, Mixed",Produce,Vegetables,Green Valley Produce Co.,,,,-1.0,case,25.4,-25.4,Main Kitchen Cooler,C. Romero,,
TXN-101241,2026-08-15,07:57,stock_out,PRD-7705,NY Strip Steak,Meat,Beef,Metro Meat & Poultry,,,,-2.0,LB,14.74,-29.48,Main Kitchen Cooler,R. Patel,,
TXN-101242,2026-08-15,08:48,stock_in,PRD-2213,Avocados,Produce,Fruit,Green Valley Produce Co.,PO-40175,INV-58120,LOT-260815-93,5.0,case,36.87,184.35,Main Kitchen Cooler,L. Kim,2026-08-20,
TXN-101243,2026-08-15,08:43,transfer,PRD-9901,Sourdough Loaf,Bakery,Bread,Sunrise Bakery Supply,,,,2.0,each,3.66,7.32,Bar Storage,T. Fischer,,Transferred to Walk-In Freezer
TXN-101244,2026-08-15,08:40,stock_in,PRD-8803,Kosher Salt,Dry Goods,Seasoning,Pantry Staples Wholesale,PO-40497,INV-58363,LOT-260815-30,6.0,25lb bag,11.81,70.86,Dry Storage Room,M. Osei,2029-08-14,
TXN-101245,2026-08-15,10:08,transfer,BEV-1004,House White Wine,Beverage,Wine,BevCo Beverage Distribution,,,,3.0,case (12x750ml),85.8,257.4,Walk-In Freezer,R. Patel,,Transferred to Walk-In Freezer
TXN-101246,2026-08-15,09:20,stock_out,PRD-8804,"Olive Oil, Extra Virgin",Dry Goods,Oils,Pantry Staples Wholesale,,,,-3.0,case (6x1L),54.6,-163.8,Dry Storage Room,C. Romero,,
TXN-101247,2026-08-15,17:42,adjustment,PRD-3317,Shredded Mozzarella,Dairy,Cheese,Dairy Fresh Cooperative,,,,1.7,lb,5.48,9.32,Main Kitchen Cooler,R. Patel,,Unit conversion fix
TXN-101248,2026-08-15,16:28,stock_in,PRD-9903,"Croissants, Unbaked Frozen",Bakery,Pastry,Sunrise Bakery Supply,PO-40893,INV-58738,LOT-260815-62,3.0,case (72ct),67.41,202.23,Walk-In Freezer,D. Alvarez,2026-11-13,
TXN-101249,2026-08-15,11:01,stock_in,PRD-8807,Dried Penne Pasta,Dry Goods,Grains,Pantry Staples Wholesale,PO-40783,INV-58276,LOT-260815-44,6.0,case (12x1lb),19.44,116.64,Dry Storage Room,T. Fischer,2028-08-14,
TXN-101250,2026-08-16,08:55,stock_out,PRD-8806,Basmati Rice,Dry Goods,Grains,Pantry Staples Wholesale,,,,-3.0,25lb bag,28.92,-86.76,Dry Storage Room,R. Patel,,
TXN-101251,2026-08-16,18:04,stock_out,PRD-1104,Sea Scallops U-10,Seafood,Shellfish,Harborline Seafood Distributors,,,,-1.74,lb,20.73,-36.07,Main Kitchen Cooler,L. Kim,,
TXN-101252,2026-08-16,07:13,stock_in,PRD-8802,Granulated Sugar,Dry Goods,Baking,Pantry Staples Wholesale,PO-40738,INV-58423,LOT-260816-84,3.0,50lb bag,22.8,68.4,Dry Storage Room,L. Kim,2028-08-15,
TXN-101253,2026-08-16,07:10,transfer,PRD-3315,Heavy Cream 40%,Dairy,Cream & Milk,Dairy Fresh Cooperative,,,,3.08,gal,9.22,28.4,Prep Station Fridge,C. Romero,,Transferred to Walk-In Freezer
TXN-101254,2026-08-16,16:09,adjustment,PRD-6634,Unsalted Butter,Dairy,Butter,Dairy Fresh Cooperative,,,,2.46,block,111.23,273.63,Main Kitchen Cooler,D. Alvarez,,System entry error
TXN-101255,2026-08-16,20:23,stock_out,PRD-1103,"Jumbo Shrimp, Peeled",Seafood,Shellfish,Harborline Seafood Distributors,,,,-14.0,lb,15.0,-210.0,Main Kitchen Cooler,,,
TXN-101256,2026-08-16,09:05,stock_out,PRD-2213,Avocados,Produce,Fruit,Green Valley Produce Co.,,,,-4.0,case,33.98,-135.92,Main Kitchen Cooler,J. Nguyen,,
TXN-101257,2026-08-16,18:42,adjustment,PRD-2211,"Garlic, Peeled",Produce,Aromatics,Green Valley Produce Co.,,,,-1.82,lb,6.54,-11.9,Main Kitchen Cooler,M. Osei,,Cycle count correction
TXN-101258,2026-08-16,10:10,transfer,PRD-1105,"Mussels, Live",Seafood,Shellfish,Harborline Seafood Distributors,,,,2.83,lb,5.61,15.88,Bar Storage,M. Osei,,Transferred to Bar Storage
TXN-101259,2026-08-16,08:28,stock_out,PRD-6634,Unsalted Butter,Dairy,Butter,Dairy Fresh Cooperative,,,,-4.0,block,115.81,-463.24,Main Kitchen Cooler,M. Osei,,
TXN-101260,2026-08-16,06:08,stock_out,PRD-2209,Yellow Onions,Produce,Root Vegetables,Green Valley Produce Co.,,,,-4.0,sack,19.76,-79.04,Dry Storage Room,,,
TXN-101261,2026-08-16,06:44,stock_out,PRD-9903,"Croissants, Unbaked Frozen",Bakery,Pastry,Sunrise Bakery Supply,,,,-3.0,case (72ct),66.02,-198.06,Walk-In Freezer,M. Osei,,
TXN-101262,2026-08-16,09:08,stock_out,PRD-8807,Dried Penne Pasta,Dry Goods,Grains,Pantry Staples Wholesale,,,,-4.0,case (12x1lb),20.49,-81.96,Dry Storage Room,C. Romero,,
TXN-101263,2026-08-16,07:51,transfer,PRD-9901,Sourdough Loaf,Bakery,Bread,Sunrise Bakery Supply,,,,2.0,each,3.97,7.94,Bar Storage,D. Alvarez,,Transferred to Bar Storage
TXN-101264,2026-08-16,07:09,stock_in,PRD-2208,Roma Tomatoes,Produce,Vegetables,Green Valley Produce Co.,PO-40189,INV-58177,LOT-260816-11,5.0,case,30.65,153.25,Main Kitchen Cooler,T. Fischer,2026-08-23,Short delivery vs PO — see delivery receipt
TXN-101265,2026-08-16,20:29,stock_out,PRD-2212,"Bell Peppers, Mixed",Produce,Vegetables,Green Valley Produce Co.,,,,-3.0,CASE,26.56,-79.68,Main Kitchen Cooler,T. Fischer,,
TXN-101266,2026-08-17,17:05,stock_in,PRD-2209,Yellow Onions,Produce,Root Vegetables,Green Valley Produce Co.,PO-40338,INV-58315,LOT-260817-16,1.0,sack,19.36,19.36,Dry Storage Room,T. Fischer,2026-09-16,
TXN-101267,2026-08-17,07:30,stock_out,BEV-1001,"Cola Syrup, 5 Gal BIB",Beverage,Soft Drinks,BevCo Beverage Distribution,,,,-2.0,each,63.75,-127.5,Bar Storage,L. Kim,,
TXN-101268,2026-08-17,08:16,stock_in,PRD-2209,Yellow Onions,Produce,Root Vegetables,Green Valley Produce Co.,PO-40293,INV-58816,LOT-260817-25,2.0,sack,18.62,37.24,Dry Storage Room,T. Fischer,2026-09-16,
TXN-101269,2026-08-17,14:18,stock_out,PRD-8805,Canola Oil,Dry Goods,Oils,Pantry Staples Wholesale,,,,-3.0,case (4x1gal),42.04,-126.12,Dry Storage Room,M. Osei,,
TXN-101270,2026-08-17,16:56,stock_out,PRD-6634,Unsalted Butter,Dairy,Butter,Dairy Fresh Cooperative,,,,-4.0,block,114.18,-456.72,Main Kitchen Cooler,L. Kim,,
TXN-101271,2026-08-17,20:27,stock_out,PRD-2207,Yukon Gold Potatoes,Produce,Root Vegetables,Green Valley Produce Co.,,,,-1.0,sack,29.18,-29.18,Dry Storage Room,T. Fischer,,
TXN-101272,2026-08-17,09:44,stock_out,PRD-7705,NY Strip Steak,Meat,Beef,Metro Meat & Poultry,,,,-10.38,lb,15.84,-164.42,Main Kitchen Cooler,D. Alvarez,,
TXN-101273,2026-08-17,11:23,stock_out,PRD-8802,Granulated Sugar,Dry Goods,Baking,Pantry Staples Wholesale,,,,-2.0,50lb bag,25.53,-51.06,Dry Storage Room,M. Osei,,
TXN-101274,2026-08-17,09:26,stock_in,PRD-3315,Heavy Cream 40%,Dairy,Cream & Milk,Dairy Fresh Cooperative,PO-40512,INV-58574,LOT-260817-69,19.67,gal,9.69,190.6,Main Kitchen Cooler,R. Patel,2026-08-27,
TXN-101275,2026-08-17,20:40,stock_out,PRD-7705,NY Strip Steak,Meat,Beef,Metro Meat & Poultry,,,,-2.67,lb,15.07,-40.24,Main Kitchen Cooler,R. Patel,,
TXN-101276,2026-08-17,08:06,adjustment,PRD-2214,Lemons,Produce,Fruit,Green Valley Produce Co.,,,,-2.9,case,28.87,-83.72,Main Kitchen Cooler,M. Osei,,Recount after audit
TXN-101277,2026-08-18,11:38,stock_in,PRD-7702,Ground Beef 80/20,Meat,Beef,Metro Meat & Poultry,PO-40263,INV-58599,LOT-260818-95,29.5,lb,5.89,173.75,Main Kitchen Cooler,D. Alvarez,2026-08-22,
TXN-101278,2026-08-18,11:51,stock_in,PRD-2212,"Bell Peppers, Mixed",Produce,Vegetables,Green Valley Produce Co.,PO-40415,INV-58746,LOT-260818-30,3.0,case,27.26,81.78,Main Kitchen Cooler,M. Osei,2026-08-27,
TXN-101279,2026-08-18,09:51,stock_out,PRD-7703,Pork Tenderloin,Meat,Pork,Metro Meat & Poultry,,,,-10.48,lb,6.35,-66.55,Main Kitchen Cooler,C. Romero,,
TXN-101280,2026-08-18,09:44,stock_in,PRD-8806,Basmati Rice,Dry Goods,Grains,Pantry Staples Wholesale,PO-40420,INV-58749,LOT-260818-70,3.0,25lb bag,29.4,88.2,Dry Storage Room,L. Kim,2028-08-17,
TXN-101281,2026-08-18,14:58,waste,PRD-7705,NY Strip Steak,Meat,Beef,Metro Meat & Poultry,,,,-1.3,lb,15.63,-20.32,Main Kitchen Cooler,J. Nguyen,,Quality reject
TXN-101282,2026-08-18,07:24,stock_out,PRD-1103,"Jumbo Shrimp, Peeled",Seafood,Shellfish,Harborline Seafood Distributors,,,,-11.38,lb,15.09,-171.72,Main Kitchen Cooler,D. Alvarez,,
TXN-101283,2026-08-18,10:49,stock_in,PRD-7702,Ground Beef 80/20,Meat,Beef,Metro Meat & Poultry,PO-40828,INV-58246,LOT-260818-56,9.34,lb,6.21,58.0,Main Kitchen Cooler,,2026-08-22,
TXN-101284,2026-08-18,07:50,stock_out,PRD-1105,"Mussels, Live",Seafood,Shellfish,Harborline Seafood Distributors,,,,-4.45,lb,5.73,-25.5,Main Kitchen Cooler,M. Osei,,
TXN-101285,2026-08-18,14:38,adjustment,PRD-3317,Shredded Mozzarella,Dairy,Cheese,Dairy Fresh Cooperative,,,,-2.28,lb,5.81,-13.25,Main Kitchen Cooler,T. Fischer,,System entry error
TXN-101286,2026-08-18,20:54,stock_out,PRD-8804,"Olive Oil, Extra Virgin",Dry Goods,Oils,Pantry Staples Wholesale,,,,-1.0,case (6x1L),55.78,-55.78,Dry Storage Room,,,
TXN-101287,2026-08-18,11:49,stock_in,PRD-8806,Basmati Rice,Dry Goods,Grains,Pantry Staples Wholesale,PO-40740,INV-58491,LOT-260818-81,7.0,25LB BAG,26.19,183.33,Dry Storage Room,J. Nguyen,2028-08-17,
TXN-101288,2026-08-18,07:37,stock_out,PRD-7706,Duck Breast,Meat,Poultry,Metro Meat & Poultry,,,,-2.36,LB,14.59,-34.43,Main Kitchen Cooler,D. Alvarez,,
TXN-101289,2026-08-18,17:24,stock_out,PRD-2212,"Bell Peppers, Mixed",Produce,Vegetables,Green Valley Produce Co.,,,,-3.0,case,27.86,-83.58,Main Kitchen Cooler,T. Fischer,,
TXN-101290,2026-08-18,09:36,stock_out,PRD-1104,Sea Scallops U-10,Seafood,Shellfish,Harborline Seafood Distributors,,,,-11.47,LB,20.84,-239.03,Main Kitchen Cooler,C. Romero,,
TXN-101291,2026-08-18,07:09,transfer,PRD-2208,Roma Tomatoes,Produce,Vegetables,Green Valley Produce Co.,,,,1.0,case,34.25,34.25,Walk-In Freezer,J. Nguyen,,Transferred to Bar Storage
TXN-101292,2026-08-18,07:31,stock_out,PRD-8806,Basmati Rice,Dry Goods,Grains,Pantry Staples Wholesale,,,,-2.0,25lb bag,25.81,-51.62,Dry Storage Room,R. Patel,,
TXN-101293,2026-08-19,07:48,stock_out,PRD-3318,Parmesan Wheel,Dairy,Cheese,Dairy Fresh Cooperative,,,,-13.72,LB,12.41,-170.27,Main Kitchen Cooler,J. Nguyen,,
TXN-101294,2026-08-19,06:14,stock_out,PRD-5521,"Free-Range Eggs, Large",Dairy,Eggs,Dairy Fresh Cooperative,,,,-3.0,case,50.17,-150.51,Main Kitchen Cooler,L. Kim,,
TXN-101295,2026-08-19,18:18,stock_in,PRD-8805,Canola Oil,Dry Goods,Oils,Pantry Staples Wholesale,PO-40813,INV-58524,LOT-260819-80,4.0,case (4x1gal),43.14,172.56,Dry Storage Room,D. Alvarez,2027-08-19,Short delivery vs PO — see delivery receipt
TXN-101296,2026-08-19,07:37,stock_out,PRD-1102,Atlantic Salmon Fillet,Seafood,Finfish,Coastal Farms & Purveyors Ltd.,,,,-13.28,lb,11.27,-149.67,Main Kitchen Cooler,L. Kim,,
TXN-101297,2026-08-19,13:23,stock_in,PRD-1105,"Mussels, Live",Seafood,Shellfish,Harborline Seafood Distributors,PO-40306,INV-58872,LOT-260819-87,21.41,lb,5.58,119.47,Main Kitchen Cooler,M. Osei,2026-08-21,
TXN-101298,2026-08-19,16:42,stock_out,PRD-1103,"Jumbo Shrimp, Peeled",Seafood,Shellfish,Harborline Seafood Distributors,,,,-7.92,LB,14.58,-115.47,Main Kitchen Cooler,J. Nguyen,,
TXN-101299,2026-08-19,14:47,stock_in,PRD-3318,Parmesan Wheel,Dairy,Cheese,Dairy Fresh Cooperative,PO-40790,INV-58319,LOT-260819-85,30.4,lb,13.59,413.14,Main Kitchen Cooler,L. Kim,2026-10-18,
TXN-101300,2026-08-19,06:19,stock_in,PRD-7701,"Chicken Breast, Boneless",Meat,Poultry,Metro Meat & Poultry,PO-40441,INV-58311,LOT-260819-73,2.47,lb,5.11,12.62,Main Kitchen Cooler,T. Fischer,2026-08-23,
TXN-101301,2026-08-19,14:18,stock_out,BEV-1001," Cola Syrup, 5 Gal BIB ",Beverage,Soft Drinks,BevCo Beverage Distribution,,,,-3.0,EACH,63.66,-190.98,Bar Storage,J. Nguyen,,
TXN-101302,2026-08-20,06:17,stock_in,PRD-1105,"Mussels, Live",Seafood,Shellfish,Harborline Seafood Distributors,PO-40490,INV-58846,LOT-260820-82,37.35,lb,5.71,213.27,Main Kitchen Cooler,J. Nguyen,2026-08-22,
TXN-101303,2026-08-20,10:41,stock_in,PRD-8803,Kosher Salt,Dry Goods,Seasoning,Pantry Staples Wholesale,PO-40222,INV-58409,LOT-260820-28,1.0,25lb bag,11.48,11.48,Dry Storage Room,M. Osei,2029-08-19,
TXN-101304,2026-08-20,11:11,transfer,PRD-1103,"Jumbo Shrimp, Peeled",Seafood,Shellfish,Harborline Seafood Distributors,,,,1.07,lb,15.33,16.4,Dry Storage Room,R. Patel,,Transferred to Main Kitchen Cooler
TXN-101305,2026-08-20,10:43,stock_in,PRD-2212,"Bell Peppers, Mixed",Produce,Vegetables,Green Valley Produce Co.,PO-40542,INV-58576,LOT-260820-62,4.0,CASE,25.28,101.12,Main Kitchen Cooler,J. Nguyen,2026-08-29,
TXN-101306,2026-08-20,17:30,stock_out,PRD-7702,Ground Beef 80/20,Meat,Beef,Metro Meat & Poultry,,,,-3.44,lb,5.73,-19.71,Main Kitchen Cooler,T. Fischer,,
TXN-101307,2026-08-20,16:02,waste,PRD-9901,Sourdough Loaf,Bakery,Bread,Sunrise Bakery Supply,,,,-2.0,each,3.95,-7.9,Dry Storage Room,R. Patel,,Over-prepped
TXN-101308,2026-08-20,07:38,stock_in,PRD-2207,Yukon Gold Potatoes,Produce,Root Vegetables,Green Valley Produce Co.,PO-40657,INV-58267,LOT-260820-57,4.0,sack,29.44,117.76,Dry Storage Room,T. Fischer,2026-09-10,
TXN-101309,2026-08-20,10:23,stock_in,PRD-8806,Basmati Rice,Dry Goods,Grains,Pantry Staples Wholesale,PO-40399,INV-58251,LOT-260820-96,4.0,25lb bag,27.07,108.28,Dry Storage Room,L. Kim,2028-08-19,
TXN-101310,2026-08-21,09:41,stock_out,PRD-4410,Organic Baby Spinach,Produce,Leafy Greens,Green Valley Produce Co.,,,,-2.0,case,14.78,-29.56,Main Kitchen Cooler,L. Kim,,
TXN-101311,2026-08-21,13:40,stock_out,PRD-2212,"Bell Peppers, Mixed",Produce,Vegetables,Green Valley Produce Co.,,,,-3.0,case,25.81,-77.43,Main Kitchen Cooler,L. Kim,,
TXN-101312,2026-08-21,10:56,stock_in,PRD-8805,Canola Oil,Dry Goods,Oils,Pantry Staples Wholesale,PO-40142,INV-58632,LOT-260821-23,2.0,case (4x1gal),42.01,84.02,Dry Storage Room,C. Romero,2027-08-21,Short delivery vs PO — see delivery receipt
TXN-101313,2026-08-21,18:21,stock_out,PRD-5521,"Free-Range Eggs, Large",Dairy,Eggs,Dairy Fresh Cooperative,,,,-2.0,case,45.49,-90.98,Main Kitchen Cooler,L. Kim,,
TXN-101314,2026-08-21,09:47,stock_in,PRD-8805, Canola Oil ,Dry Goods,Oils,Pantry Staples Wholesale,PO-40208,INV-58331,LOT-260821-91,4.0,case (4x1gal),43.69,174.76,Dry Storage Room,T. Fischer,2027-08-21,
TXN-101315,2026-08-21,11:09,waste,BEV-1002,Sparkling Water Cans,Beverage,Water,BevCo Beverage Distribution,,,,-2.0,case (24ct),14.85,-29.7,Bar Storage,M. Osei,,Prep trim loss
TXN-101316,2026-08-21,08:01,adjustment,PRD-2210,Romaine Lettuce,Produce,Leafy Greens,Green Valley Produce Co.,,,,-2.9,case,23.94,-69.43,Main Kitchen Cooler,J. Nguyen,,System entry error
TXN-101317,2026-08-21,10:22,adjustment,PRD-9901,Sourdough Loaf,Bakery,Bread,Sunrise Bakery Supply,,,,0.97,each,3.46,3.36,Dry Storage Room,C. Romero,,Recount after audit
TXN-101318,2026-08-21,11:40,stock_out,PRD-1105,"Mussels, Live",Seafood,Shellfish,Harborline Seafood Distributors,,,,-9.41,lb,5.47,-51.47,Main Kitchen Cooler,R. Patel,,
TXN-101319,2026-08-21,20:51,stock_out,PRD-7701,"Chicken Breast, Boneless",Meat,Poultry,Metro Meat & Poultry,,,,-6.06,lb,4.88,-29.57,Main Kitchen Cooler,D. Alvarez,,
TXN-101320,2026-08-21,10:02,adjustment,BEV-1001,"Cola Syrup, 5 Gal BIB",Beverage,Soft Drinks,BevCo Beverage Distribution,,,,2.78,each,64.57,179.5,Bar Storage,D. Alvarez,,Unit conversion fix
TXN-101321,2026-08-21,17:21,stock_out,PRD-2210,Romaine Lettuce,Produce,Leafy Greens,Green Valley Produce Co.,,,,-2.0,case,26.67,-53.34,Main Kitchen Cooler,D. Alvarez,,
TXN-101322,2026-08-21,10:06,stock_in,PRD-9901,Sourdough Loaf,Bakery,Bread,Sunrise Bakery Supply,PO-40791,INV-58899,LOT-260821-13,1.0,each,3.53,3.53,Dry Storage Room,C. Romero,2026-08-24,
TXN-101323,2026-08-21,06:16,stock_out,BEV-1004,House White Wine,Beverage,Wine,BevCo Beverage Distribution,,,,-3.0,case (12x750ml),92.85,-278.55,Bar Storage,R. Patel,,
TXN-101324,2026-08-21,09:27,stock_in,PRD-1104,Sea Scallops U-10,Seafood,Shellfish,Harborline Seafood Distributors,PO-40178,INV-58303,LOT-260821-71,6.17,lb,21.26,131.17,Main Kitchen Cooler,R. Patel,2026-08-25,
TXN-101325,2026-08-21,07:14,stock_in,PRD-8804,"Olive Oil, Extra Virgin",Dry Goods,Oils,Pantry Staples Wholesale,PO-40605,INV-58334,LOT-260821-66,3.0,CASE (6X1L),59.7,179.1,Dry Storage Room,L. Kim,2027-08-21,
TXN-101326,2026-08-21,11:31,stock_out,PRD-7706,Duck Breast,Meat,Poultry,Metro Meat & Poultry,,,,-5.82,lb,14.03,-81.65,Main Kitchen Cooler,D. Alvarez,,
TXN-101327,2026-08-21,11:02,stock_in,BEV-1004,House White Wine,Beverage,Wine,BevCo Beverage Distribution,PO-40532,INV-58168,LOT-260821-18,3.0,case (12x750ml),90.82,272.46,Bar Storage,D. Alvarez,2028-08-20,
TXN-101328,2026-08-22,07:36,stock_in,PRD-2211,"Garlic, Peeled",Produce,Aromatics,Green Valley Produce Co.,PO-40775,INV-58659,LOT-260822-57,9.1,lb,6.09,55.42,Main Kitchen Cooler,C. Romero,2026-09-05,
TXN-101329,2026-08-22,08:09,stock_in,BEV-1005,"Draft Beer Keg, Lager",Beverage,Beer,BevCo Beverage Distribution,PO-40500,INV-58111,LOT-260822-57,3.0,keg,150.72,452.16,Bar Storage,D. Alvarez,2026-10-06,Received in good condition
TXN-101330,2026-08-22,07:20,transfer,PRD-7704,"Bacon, Sliced",Meat,Pork,Metro Meat & Poultry,,,,5.6,lb,7.55,42.28,Prep Station Fridge,J. Nguyen,,Transferred to Walk-In Freezer
TXN-101331,2026-08-22,13:54,stock_out,BEV-1005,"Draft Beer Keg, Lager",Beverage,Beer,BevCo Beverage Distribution,,,,-3.0,keg,136.79,-410.37,Bar Storage,J. Nguyen,,
TXN-101332,2026-08-22,07:36,stock_out,PRD-9903,"Croissants, Unbaked Frozen",Bakery,Pastry,Sunrise Bakery Supply,,,,-1.0,case (72ct),65.3,-65.3,Walk-In Freezer,R. Patel,,
TXN-101333,2026-08-22,18:27,stock_out,PRD-7701,"Chicken Breast, Boneless",Meat,Poultry,Metro Meat & Poultry,,,,-1.12,LB,4.71,-5.28,Main Kitchen Cooler,R. Patel,,
TXN-101334,2026-08-22,20:55,stock_out,PRD-8805,Canola Oil,Dry Goods,Oils,Pantry Staples Wholesale,,,,-2.0,case (4x1gal),44.74,-89.48,Dry Storage Room,R. Patel,,
TXN-101335,2026-08-22,13:18,stock_in,PRD-3315,Heavy Cream 40%,Dairy,Cream & Milk,Dairy Fresh Cooperative,PO-40714,INV-58131,LOT-260822-63,20.89,gal,9.09,189.89,Main Kitchen Cooler,D. Alvarez,2026-09-01,
TXN-101336,2026-08-22,11:41,stock_out,PRD-7702,Ground Beef 80/20,Meat,Beef,Metro Meat & Poultry,,,,-12.2,lb,6.35,-77.47,Main Kitchen Cooler,M. Osei,,
TXN-101337,2026-08-22,10:48,stock_out,PRD-9903,"Croissants, Unbaked Frozen",Bakery,Pastry,Sunrise Bakery Supply,,,,-4.0,case (72ct),65.93,-263.72,Walk-In Freezer,T. Fischer,,
TXN-101338,2026-08-22,09:05,stock_in,PRD-2213,Avocados,Produce,Fruit,Green Valley Produce Co.,PO-40645,INV-58629,LOT-260822-88,6.0,case,39.28,235.68,Main Kitchen Cooler,T. Fischer,2026-08-27,
TXN-101339,2026-08-22,09:58,stock_out,PRD-5521,"Free-Range Eggs, Large",Dairy,Eggs,Dairy Fresh Cooperative,,,,-2.0,case,44.49,-88.98,Main Kitchen Cooler,M. Osei,,
TXN-101340,2026-08-22,10:42,stock_in,PRD-7702,Ground Beef 80/20,Meat,Beef,Metro Meat & Poultry,PO-40242,INV-58888,LOT-260822-98,27.05,lb,6.21,167.98,Main Kitchen Cooler,M. Osei,2026-08-26,
TXN-101341,2026-08-22,07:07,stock_out,PRD-9902,Brioche Burger Buns,Bakery,Bread,Sunrise Bakery Supply,,,,-3.0,case (48ct),30.22,-90.66,Dry Storage Room,T. Fischer,,
TXN-101342,2026-08-22,16:51,stock_in,PRD-8801,All-Purpose Flour,Dry Goods,Baking,Pantry Staples Wholesale,PO-40595,INV-58834,LOT-260822-44,4.0,50lb bag,21.1,84.4,Dry Storage Room,C. Romero,2027-08-22,
TXN-101343,2026-08-22,10:00,waste,PRD-8804,"Olive Oil, Extra Virgin",Dry Goods,Oils,Pantry Staples Wholesale,,,,-1.0,case (6x1L),60.9,-60.9,Dry Storage Room,M. Osei,,Expired
TXN-101344,2026-08-23,08:17,stock_out,BEV-1002,Sparkling Water Cans,Beverage,Water,BevCo Beverage Distribution,,,,-1.0,case (24ct),14.23,-14.23,Bar Storage,R. Patel,,
TXN-101345,2026-08-23,07:23,stock_in,PRD-2211,"Garlic, Peeled",Produce,Aromatics,Green Valley Produce Co.,PO-40142,INV-58171,LOT-260823-45,30.88,lb,6.91,213.38,Main Kitchen Cooler,D. Alvarez,2026-09-06,
TXN-101346,2026-08-23,16:36,stock_in,PRD-3318,Parmesan Wheel,Dairy,Cheese,Dairy Fresh Cooperative,PO-40739,INV-58836,LOT-260823-45,4.28,lb,12.1,51.79,Main Kitchen Cooler,M. Osei,2026-10-22,
TXN-101347,2026-08-23,08:09,stock_out,BEV-1005,"Draft Beer Keg, Lager",Beverage,Beer,BevCo Beverage Distribution,,,,-1.0,keg,146.95,-146.95,Bar Storage,L. Kim,,
TXN-101348,2026-08-23,06:10,stock_out,PRD-3318,Parmesan Wheel,Dairy,Cheese,Dairy Fresh Cooperative,,,,-1.82,lb,13.4,-24.39,Main Kitchen Cooler,M. Osei,,
TXN-101349,2026-08-23,11:39,stock_in,PRD-8806,Basmati Rice,Dry Goods,Grains,Pantry Staples Wholesale,PO-40325,INV-58386,LOT-260823-23,2.0,25lb bag,26.3,52.6,Dry Storage Room,D. Alvarez,2028-08-22,
TXN-101350,2026-08-23,20:05,stock_in,PRD-3318,Parmesan Wheel,Dairy,Cheese,Dairy Fresh Cooperative,PO-40253,INV-58856,LOT-260823-59,17.52,lb,12.78,223.91,Main Kitchen Cooler,L. Kim,2026-10-22,
TXN-101351,2026-08-23,13:21,stock_out,BEV-1001,"Cola Syrup, 5 Gal BIB",Beverage,Soft Drinks,BevCo Beverage Distribution,,,,-2.0,each,61.99,-123.98,Bar Storage,C. Romero,,
TXN-101352,2026-08-23,14:53,stock_out,PRD-2212,"Bell Peppers, Mixed",Produce,Vegetables,Green Valley Produce Co.,,,,-3.0,case,26.77,-80.31,Main Kitchen Cooler,L. Kim,,
TXN-101353,2026-08-23,08:57,stock_in,PRD-7702,Ground Beef 80/20,Meat,Beef,Metro Meat & Poultry,PO-40580,INV-58124,LOT-260823-97,10.77,lb,6.05,65.16,Main Kitchen Cooler,C. Romero,2026-08-27,
TXN-101354,2026-08-23,06:31,stock_out,PRD-8802,Granulated Sugar,Dry Goods,Baking,Pantry Staples Wholesale,,,,-2.0,50LB BAG,24.29,-48.58,Dry Storage Room,R. Patel,,
TXN-101355,2026-08-23,08:30,transfer,PRD-8803,Kosher Salt,Dry Goods,Seasoning,Pantry Staples Wholesale,,,,1.0,25lb bag,11.62,11.62,Walk-In Freezer,T. Fischer,,Transferred to Prep Station Fridge
TXN-101356,2026-08-23,07:05,stock_in,PRD-5521,"Free-Range Eggs, Large",Dairy,Eggs,Dairy Fresh Cooperative,PO-40356,INV-58181,LOT-260823-77,5.0,case,47.2,236.0,Main Kitchen Cooler,M. Osei,2026-09-20,
TXN-101357,2026-08-23,07:33,stock_out,PRD-5521,"Free-Range Eggs, Large",Dairy,Eggs,Dairy Fresh Cooperative,,,,-1.0,CASE,49.58,-49.58,Main Kitchen Cooler,C. Romero,,
TXN-101358,2026-08-23,11:27,stock_in,PRD-3316,Whole Milk,Dairy,Cream & Milk,Dairy Fresh Cooperative,PO-40300,INV-58717,LOT-260823-19,36.01,gal,4.02,144.76,Main Kitchen Cooler,D. Alvarez,2026-09-02,
TXN-101359,2026-08-23,17:11,waste,BEV-1005,"Draft Beer Keg, Lager",Beverage,Beer,BevCo Beverage Distribution,,,,-1.0,KEG,155.03,-155.03,Bar Storage,J. Nguyen,,Quality reject
TXN-101360,2026-08-23,13:32,waste,BEV-1002,Sparkling Water Cans,Beverage,Water,BevCo Beverage Distribution,,,,-2.0,case (24ct),14.16,-28.32,Bar Storage,J. Nguyen,,Spoilage
TXN-101361,2026-08-23,14:50,waste,PRD-7706,Duck Breast,Meat,Poultry,Metro Meat & Poultry,,,,-1.54,LB,13.05,-20.1,Main Kitchen Cooler,J. Nguyen,,Damaged in delivery
TXN-101362,2026-08-24,07:00,adjustment,PRD-2208,Roma Tomatoes,Produce,Vegetables,Green Valley Produce Co.,,,,-1.28,case,32.15,-41.15,Main Kitchen Cooler,R. Patel,,Unit conversion fix
TXN-101363,2026-08-24,13:22,adjustment,PRD-9902,Brioche Burger Buns,Bakery,Bread,Sunrise Bakery Supply,,,,1.72,case (48ct),28.85,49.62,Dry Storage Room,L. Kim,,Unit conversion fix
TXN-101364,2026-08-24,07:51,transfer,BEV-1002,Sparkling Water Cans,Beverage,Water,BevCo Beverage Distribution,,,,1.0,CASE (24CT),14.63,14.63,Main Kitchen Cooler,M. Osei,,Transferred to Main Kitchen Cooler
TXN-101365,2026-08-24,09:31,stock_out,PRD-7704,"Bacon, Sliced",Meat,Pork,Metro Meat & Poultry,,,,-3.38,lb,6.64,-22.44,Main Kitchen Cooler,R. Patel,,
TXN-101366,2026-08-24,17:08,waste,PRD-2214,Lemons,Produce,Fruit,Green Valley Produce Co.,,,,-2.0,CASE,28.08,-56.16,Main Kitchen Cooler,J. Nguyen,,Prep trim loss
TXN-101367,2026-08-24,17:29,stock_out,BEV-1001,"Cola Syrup, 5 Gal BIB",Beverage,Soft Drinks,BevCo Beverage Distribution,,,,-2.0,each,59.07,-118.14,Bar Storage,J. Nguyen,,
TXN-101368,2026-08-24,06:22,stock_in,PRD-2210,Romaine Lettuce,Produce,Leafy Greens,Green Valley Produce Co.,PO-40769,INV-58543,LOT-260824-19,4.0,case,24.3,97.2,Main Kitchen Cooler,C. Romero,2026-08-29,
TXN-101369,2026-08-24,09:12,stock_in,PRD-9903,"Croissants, Unbaked Frozen",Bakery,Pastry,Sunrise Bakery Supply,PO-40111,INV-58203,LOT-260824-28,3.0,CASE (72CT),64.07,192.21,Walk-In Freezer,T. Fischer,2026-11-22,
TXN-101370,2026-08-25,18:39,stock_out,PRD-9901,Sourdough Loaf,Bakery,Bread,Sunrise Bakery Supply,,,,-2.0,each,3.82,-7.64,Dry Storage Room,M. Osei,,
TXN-101371,2026-08-25,10:48,waste,PRD-9901,Sourdough Loaf,Bakery,Bread,Sunrise Bakery Supply,,,,-2.0,each,3.85,-7.7,Dry Storage Room,C. Romero,,Damaged in delivery
TXN-101372,2026-08-25,10:21,adjustment,PRD-2212,"Bell Peppers, Mixed",Produce,Vegetables,Green Valley Produce Co.,,,,0.96,case,27.04,25.96,Main Kitchen Cooler,T. Fischer,,Recount after audit
TXN-101373,2026-08-25,10:14,stock_out,PRD-1105,"Mussels, Live",Seafood,Shellfish,Harborline Seafood Distributors,,,,-1.11,lb,5.71,-6.34,Main Kitchen Cooler,J. Nguyen,,
TXN-101374,2026-08-25,14:16,stock_out,PRD-2212,"Bell Peppers, Mixed",Produce,Vegetables,Green Valley Produce Co.,,,,-4.0,case,26.04,-104.16,Main Kitchen Cooler,D. Alvarez,,
TXN-101375,2026-08-25,07:59,stock_in,PRD-2208,Roma Tomatoes,Produce,Vegetables,Green Valley Produce Co.,PO-40785,INV-58570,LOT-260825-53,6.0,case,30.02,180.12,Main Kitchen Cooler,C. Romero,2026-09-01,
TXN-101376,2026-08-25,20:47,transfer,BEV-1005,"Draft Beer Keg, Lager",Beverage,Beer,BevCo Beverage Distribution,,,,2.0,keg,145.62,291.24,Walk-In Freezer,T. Fischer,,Transferred to Main Kitchen Cooler
TXN-101377,2026-08-25,08:21,stock_out,PRD-1103,"Jumbo Shrimp, Peeled",Seafood,Shellfish,Harborline Seafood Distributors,,,,-14.13,lb,14.33,-202.48,Main Kitchen Cooler,T. Fischer,,
TXN-101378,2026-08-26,13:14,waste,PRD-2210,Romaine Lettuce,Produce,Leafy Greens,Green Valley Produce Co.,,,,-2.0,case,23.64,-47.28,Main Kitchen Cooler,J. Nguyen,,Expired
TXN-101379,2026-08-26,17:25,stock_out,BEV-1002,Sparkling Water Cans,Beverage,Water,BevCo Beverage Distribution,,,,-2.0,case (24ct),14.01,-28.02,Bar Storage,D. Alvarez,,
TXN-101380,2026-08-26,06:27,waste,PRD-2208,Roma Tomatoes,Produce,Vegetables,Green Valley Produce Co.,,,,-1.0,case,31.65,-31.65,Main Kitchen Cooler,R. Patel,,Expired
TXN-101381,2026-08-26,11:59,stock_in,PRD-7704,"Bacon, Sliced",Meat,Pork,Metro Meat & Poultry,PO-40515,INV-58540,LOT-260826-40,38.41,lb,7.3,280.39,Main Kitchen Cooler,M. Osei,2026-09-09,
TXN-101382,2026-08-26,07:50,stock_in,PRD-2209,Yellow Onions,Produce,Root Vegetables,Green Valley Produce Co.,PO-40538,INV-58604,LOT-260826-21,6.0,sack,17.46,104.76,Dry Storage Room,,2026-09-25,
TXN-101383,2026-08-26,20:23,stock_in,PRD-4410,Organic Baby Spinach,Produce,Leafy Greens,Green Valley Produce Co.,PO-40816,INV-58465,LOT-260826-95,6.0,case,15.15,90.9,Main Kitchen Cooler,C. Romero,2026-08-31,
TXN-101384,2026-08-26,14:00,adjustment,PRD-2209,Yellow Onions,Produce,Root Vegetables,Green Valley Produce Co.,,,,1.93,sack,17.59,33.95,Dry Storage Room,J. Nguyen,,Unit conversion fix
TXN-101385,2026-08-26,13:04,stock_out,PRD-7703,Pork Tenderloin,Meat,Pork,Metro Meat & Poultry,,,,-12.56,lb,6.52,-81.89,Main Kitchen Cooler,D. Alvarez,,
TXN-101386,2026-08-26,14:14,stock_in,BEV-1002,Sparkling Water Cans,Beverage,Water,BevCo Beverage Distribution,PO-40446,INV-58780,LOT-260826-30,6.0,case (24ct),13.32,79.92,Bar Storage,T. Fischer,2027-08-26,
TXN-101387,2026-08-26,08:50,stock_out,PRD-8805,Canola Oil,Dry Goods,Oils,Pantry Staples Wholesale,,,,-4.0,case (4x1gal),40.72,-162.88,Dry Storage Room,M. Osei,,
TXN-101388,2026-08-26,14:56,stock_in,PRD-1104,Sea Scallops U-10,Seafood,Shellfish,Harborline Seafood Distributors,PO-40559,INV-58229,LOT-260826-29,6.47,lb,21.09,136.45,Main Kitchen Cooler,T. Fischer,2026-08-30,
TXN-101389,2026-08-26,16:42,stock_out,PRD-8807,Dried Penne Pasta,Dry Goods,Grains,Pantry Staples Wholesale,,,,-4.0,case (12x1lb),19.97,-79.88,Dry Storage Room,C. Romero,,
TXN-101390,2026-08-27,10:12,stock_out,PRD-1104,Sea Scallops U-10,Seafood,Shellfish,Harborline Seafood Distributors,,,,-5.5,lb,20.88,-114.84,Main Kitchen Cooler,L. Kim,,
TXN-101391,2026-08-27,10:50,stock_out,BEV-1001,"Cola Syrup, 5 Gal BIB",Beverage,Soft Drinks,BevCo Beverage Distribution,,,,-3.0,each,60.25,-180.75,Bar Storage,J. Nguyen,,
TXN-101392,2026-08-27,18:36,adjustment,PRD-7705,NY Strip Steak,Meat,Beef,Metro Meat & Poultry,,,,2.21,lb,14.62,32.31,Main Kitchen Cooler,L. Kim,,System entry error
TXN-101393,2026-08-27,07:15,stock_in,PRD-8801,All-Purpose Flour,Dry Goods,Baking,Pantry Staples Wholesale,PO-40384,INV-58307,LOT-260827-33,5.0,50LB BAG,21.98,109.9,Dry Storage Room,R. Patel,2027-08-27,Short delivery vs PO — see delivery receipt
TXN-101394,2026-08-27,06:06,stock_out,PRD-1105,"Mussels, Live",Seafood,Shellfish,Harborline Seafood Distributors,,,,-7.5,lb,6.21,-46.58,Main Kitchen Cooler,C. Romero,,
TXN-101395,2026-08-27,10:56,stock_in,BEV-1002,Sparkling Water Cans,Beverage,Water,BevCo Beverage Distribution,PO-40726,INV-58301,LOT-260827-65,5.0,case (24ct),14.61,73.05,Bar Storage,L. Kim,2027-08-27,
TXN-101396,2026-08-27,11:02,adjustment,BEV-1004,House White Wine,Beverage,Wine,BevCo Beverage Distribution,,,,-1.29,case (12x750ml),83.06,-107.15,Bar Storage,C. Romero,,Cycle count correction
TXN-101397,2026-08-27,09:53,stock_out,PRD-7706,Duck Breast,Meat,Poultry,Metro Meat & Poultry,,,,-9.07,lb,13.49,-122.35,Main Kitchen Cooler,M. Osei,,
TXN-101398,2026-08-27,08:00,stock_in,PRD-2214,Lemons,Produce,Fruit,Green Valley Produce Co.,PO-40560,INV-58344,LOT-260827-60,5.0,case,26.87,134.35,Main Kitchen Cooler,D. Alvarez,2026-09-10,
TXN-101399,2026-08-27,06:32,adjustment,BEV-1004,House White Wine,Beverage,Wine,BevCo Beverage Distribution,,,,2.21,case (12x750ml),93.35,206.3,Bar Storage,L. Kim,,Recount after audit
TXN-101400,2026-08-27,16:35,stock_in,PRD-2214,Lemons,Produce,Fruit,Green Valley Produce Co.,PO-40340,INV-58498,LOT-260827-81,3.0,case,27.22,81.66,Main Kitchen Cooler,T. Fischer,2026-09-10,
TXN-101401,2026-08-27,06:06,adjustment,PRD-6634,Unsalted Butter,Dairy,Butter,Dairy Fresh Cooperative,,,,-2.22,block,123.64,-274.48,Main Kitchen Cooler,M. Osei,,System entry error
TXN-101402,2026-08-27,07:23,stock_in,PRD-8807,Dried Penne Pasta,Dry Goods,Grains,Pantry Staples Wholesale,PO-40416,INV-58655,LOT-260827-98,2.0,case (12x1lb),21.17,42.34,Dry Storage Room,C. Romero,2028-08-26,
TXN-101403,2026-08-27,18:50,stock_in,PRD-6634,Unsalted Butter,Dairy,Butter,Dairy Fresh Cooperative,PO-40283,INV-58216,LOT-260827-67,6.0,block,114.53,687.18,Main Kitchen Cooler,M. Osei,2026-10-11,
TXN-101404,2026-08-27,07:22,stock_in,PRD-1105,"Mussels, Live",Seafood,Shellfish,Harborline Seafood Distributors,PO-40497,INV-58293,LOT-260827-79,31.98,lb,5.76,184.2,Main Kitchen Cooler,M. Osei,2026-08-29,
TXN-101405,2026-08-27,09:10,stock_in,PRD-2208,Roma Tomatoes,Produce,Vegetables,Green Valley Produce Co.,PO-40298,INV-58590,LOT-260827-90,5.0,case,32.97,164.85,Main Kitchen Cooler,M. Osei,2026-09-03,Short delivery vs PO — see delivery receipt
TXN-101406,2026-08-27,10:13,waste,BEV-1002,Sparkling Water Cans,Beverage,Water,BevCo Beverage Distribution,,,,-1.0,case (24ct),14.68,-14.68,Bar Storage,R. Patel,,Quality reject
TXN-101407,2026-08-27,18:31,waste,PRD-5521,"Free-Range Eggs, Large",Dairy,Eggs,Dairy Fresh Cooperative,,,,-2.0,case,46.48,-92.96,Main Kitchen Cooler,M. Osei,,Damaged in delivery
TXN-101408,2026-08-28,06:42,stock_out,PRD-1102,Atlantic Salmon Fillet,Seafood,Finfish,Coastal Farms & Purveyors Ltd.,,,,-14.04,lb,11.52,-161.74,Main Kitchen Cooler,,,
TXN-101409,2026-08-28,20:06,stock_in,PRD-9902,Brioche Burger Buns,Bakery,Bread,Sunrise Bakery Supply,PO-40219,INV-58707,LOT-260828-27,5.0,case (48ct),28.78,143.9,Dry Storage Room,R. Patel,2026-09-02,
TXN-101410,2026-08-28,16:20,waste,PRD-1104,Sea Scallops U-10,Seafood,Shellfish,Harborline Seafood Distributors,,,,-1.38,LB,22.63,-31.23,Main Kitchen Cooler,R. Patel,,Dropped/contaminated
TXN-101411,2026-08-28,20:24,stock_out,PRD-4410,Organic Baby Spinach,Produce,Leafy Greens,Green Valley Produce Co.,,,,-4.0,case,13.7,-54.8,Main Kitchen Cooler,L. Kim,,
TXN-101412,2026-08-28,17:19,stock_out,PRD-2208,Roma Tomatoes,Produce,Vegetables,Green Valley Produce Co.,,,,-2.0,case,29.57,-59.14,Main Kitchen Cooler,M. Osei,,
TXN-101413,2026-08-28,20:06,stock_out,BEV-1003,House Red Wine,Beverage,Wine,BevCo Beverage Distribution,,,,-2.0,case (12x750ml),89.78,-179.56,Bar Storage,M. Osei,,
TXN-101414,2026-08-28,18:05,stock_in,PRD-2213,Avocados,Produce,Fruit,Green Valley Produce Co.,PO-40878,INV-58663,LOT-260828-79,3.0,case,35.19,105.57,Main Kitchen Cooler,L. Kim,2026-09-02,
TXN-101415,2026-08-28,07:57,stock_out,BEV-1005,"Draft Beer Keg, Lager",Beverage,Beer,BevCo Beverage Distribution,,,,-2.0,keg,154.99,-309.98,Bar Storage,M. Osei,,
TXN-101416,2026-08-28,07:04,stock_out,PRD-7702,Ground Beef 80/20,Meat,Beef,Metro Meat & Poultry,,,,-1.87,LB,6.37,-11.91,Main Kitchen Cooler,D. Alvarez,,
TXN-101417,2026-08-28,07:16,stock_out,PRD-8803,Kosher Salt,Dry Goods,Seasoning,Pantry Staples Wholesale,,,,-1.0,25lb bag,11.77,-11.77,Dry Storage Room,L. Kim,,
TXN-101418,2026-08-28,07:40,stock_out,PRD-2213,Avocados,Produce,Fruit,Green Valley Produce Co.,,,,-3.0,case,36.33,-108.99,Main Kitchen Cooler,T. Fischer,,
TXN-101419,2026-08-28,10:00,stock_in,BEV-1002,Sparkling Water Cans,Beverage,Water,BevCo Beverage Distribution,PO-40690,INV-58847,LOT-260828-34,6.0,case (24ct),15.26,91.56,Bar Storage,R. Patel,2027-08-28,
TXN-101420,2026-08-28,07:25,stock_in,BEV-1003,House Red Wine,Beverage,Wine,BevCo Beverage Distribution,PO-40692,INV-58394,LOT-260828-44,8.0,case (12x750ml),94.64,757.12,Bar Storage,J. Nguyen,2028-08-27,
TXN-101421,2026-08-28,10:37,adjustment,PRD-1102,Atlantic Salmon Fillet,Seafood,Finfish,Coastal Farms & Purveyors Ltd.,,,,-1.85,lb,10.81,-20.0,Main Kitchen Cooler,J. Nguyen,,System entry error
TXN-101422,2026-08-28,06:14,stock_in,PRD-6634,Unsalted Butter,Dairy,Butter,Dairy Fresh Cooperative,PO-40848,INV-58173,LOT-260828-97,8.0,block,123.56,988.48,Main Kitchen Cooler,R. Patel,2026-10-12,
TXN-101423,2026-08-28,06:26,waste,PRD-2211,"Garlic, Peeled",Produce,Aromatics,Green Valley Produce Co.,,,,-0.71,lb,6.1,-4.33,Main Kitchen Cooler,J. Nguyen,,Prep trim loss
TXN-101424,2026-08-28,10:42,adjustment,PRD-7705,NY Strip Steak,Meat,Beef,Metro Meat & Poultry,,,,0.11,lb,14.85,1.63,Main Kitchen Cooler,T. Fischer,,System entry error
TXN-101425,2026-08-29,08:27,stock_out,PRD-6634,Unsalted Butter,Dairy,Butter,Dairy Fresh Cooperative,,,,-1.0,block,109.45,-109.45,Main Kitchen Cooler,R. Patel,,
TXN-101426,2026-08-29,08:26,stock_out,PRD-9902, Brioche Burger Buns ,Bakery,Bread,Sunrise Bakery Supply,,,,-1.0,case (48ct),27.53,-27.53,Dry Storage Room,M. Osei,,
TXN-101427,2026-08-29,11:22,stock_in,BEV-1003,House Red Wine,Beverage,Wine,BevCo Beverage Distribution,PO-40305,INV-58804,LOT-260829-45,3.0,case (12x750ml),91.77,275.31,Bar Storage,L. Kim,2028-08-28,
TXN-101428,2026-08-29,16:31,waste,PRD-1103,"Jumbo Shrimp, Peeled",Seafood,Shellfish,Harborline Seafood Distributors,,,,-2.05,lb,15.95,-32.7,Main Kitchen Cooler,C. Romero,,Over-prepped
TXN-101429,2026-08-29,17:06,stock_out,PRD-8803,Kosher Salt,Dry Goods,Seasoning,Pantry Staples Wholesale,,,,-2.0,25lb bag,11.28,-22.56,Dry Storage Room,L. Kim,,
TXN-101430,2026-08-29,08:16,stock_in,PRD-2210,Romaine Lettuce,Produce,Leafy Greens,Green Valley Produce Co.,PO-40784,INV-58669,LOT-260829-88,7.0,case,25.77,180.39,Main Kitchen Cooler,C. Romero,2026-09-03,
TXN-101431,2026-08-29,09:49,adjustment,PRD-2212,"Bell Peppers, Mixed",Produce,Vegetables,Green Valley Produce Co.,,,,1.14,CASE,27.54,31.4,Main Kitchen Cooler,C. Romero,,Recount after audit
TXN-101432,2026-08-29,10:16,stock_out,PRD-7704,"Bacon, Sliced",Meat,Pork,Metro Meat & Poultry,,,,-10.59,lb,6.94,-73.49,Main Kitchen Cooler,J. Nguyen,,
TXN-101433,2026-08-29,07:24,stock_out,PRD-2213,Avocados,Produce,Fruit,Green Valley Produce Co.,,,,-2.0,case,34.73,-69.46,Main Kitchen Cooler,J. Nguyen,,
TXN-101434,2026-08-29,11:14,stock_out,PRD-6634,Unsalted Butter,Dairy,Butter,Dairy Fresh Cooperative,,,,-2.0,BLOCK,120.09,-240.18,Main Kitchen Cooler,T. Fischer,,
TXN-101435,2026-08-29,08:29,transfer,PRD-8806,Basmati Rice,Dry Goods,Grains,Pantry Staples Wholesale,,,,2.0,25lb bag,25.99,51.98,Main Kitchen Cooler,C. Romero,,Transferred to Walk-In Freezer
TXN-101436,2026-08-29,08:00,stock_in,PRD-8803,Kosher Salt,Dry Goods,Seasoning,Pantry Staples Wholesale,PO-40387,INV-58758,LOT-260829-85,7.0,25lb bag,10.84,75.88,Dry Storage Room,R. Patel,2029-08-28,
TXN-101437,2026-08-29,13:47,waste,PRD-7701,"Chicken Breast, Boneless",Meat,Poultry,Metro Meat & Poultry,,,,-3.22,lb,5.05,-16.26,Main Kitchen Cooler,D. Alvarez,,Expired
TXN-101438,2026-08-29,11:52,transfer,PRD-1102,Atlantic Salmon Fillet,Seafood,Finfish,Coastal Farms & Purveyors Ltd.,,,,5.96,lb,11.95,71.22,Prep Station Fridge,D. Alvarez,,Transferred to Bar Storage
TXN-101439,2026-08-29,09:59,stock_out,PRD-1102,Atlantic Salmon Fillet,Seafood,Finfish,Coastal Farms & Purveyors Ltd.,,,,-5.68,lb,11.16,-63.39,Main Kitchen Cooler,T. Fischer,,
TXN-101440,2026-08-29,08:12,stock_in,PRD-2213,Avocados,Produce,Fruit,Green Valley Produce Co.,PO-40855,INV-58146,LOT-260829-32,2.0,case,34.5,69.0,Main Kitchen Cooler,J. Nguyen,2026-09-03,
TXN-101441,2026-08-29,07:46,stock_in,PRD-1105,"Mussels, Live",Seafood,Shellfish,Harborline Seafood Distributors,PO-40742,INV-58874,LOT-260829-48,36.67,LB,5.62,206.09,Main Kitchen Cooler,L. Kim,2026-08-31,
TXN-101442,2026-08-30,13:11,stock_out,PRD-3315,Heavy Cream 40%,Dairy,Cream & Milk,Dairy Fresh Cooperative,,,,-10.42,GAL,10.36,-107.95,Main Kitchen Cooler,D. Alvarez,,
TXN-101443,2026-08-30,08:44,stock_in,PRD-8806,Basmati Rice,Dry Goods,Grains,Pantry Staples Wholesale,PO-40632,INV-58830,LOT-260830-81,7.0,25lb bag,26.71,186.97,Dry Storage Room,T. Fischer,2028-08-29,
TXN-101444,2026-08-30,07:53,transfer,PRD-8801,All-Purpose Flour,Dry Goods,Baking,Pantry Staples Wholesale,,,,3.0,50lb bag,23.6,70.8,Walk-In Freezer,R. Patel,,Transferred to Prep Station Fridge
TXN-101445,2026-08-30,17:51,stock_out,PRD-7701,"Chicken Breast, Boneless",Meat,Poultry,Metro Meat & Poultry,,,,-11.69,lb,4.48,-52.37,Main Kitchen Cooler,R. Patel,,
TXN-101446,2026-08-30,07:50,transfer,PRD-2209,Yellow Onions,Produce,Root Vegetables,Green Valley Produce Co.,,,,2.0,sack,17.7,35.4,Main Kitchen Cooler,T. Fischer,,Transferred to Bar Storage
TXN-101447,2026-08-30,07:34,stock_in,PRD-4410,Organic Baby Spinach,Produce,Leafy Greens,Green Valley Produce Co.,PO-40346,INV-58151,LOT-260830-75,7.0,case,14.88,104.16,Main Kitchen Cooler,L. Kim,2026-09-04,
TXN-101448,2026-08-30,08:21,stock_in,BEV-1004,House White Wine,Beverage,Wine,BevCo Beverage Distribution,PO-40145,INV-58537,LOT-260830-72,5.0,case (12x750ml),94.72,473.6,Bar Storage,L. Kim,2028-08-29,
TXN-101449,2026-08-30,07:27,stock_out,PRD-2212,"Bell Peppers, Mixed",Produce,Vegetables,Green Valley Produce Co.,,,,-3.0,case,27.5,-82.5,Main Kitchen Cooler,T. Fischer,,
TXN-101450,2026-08-30,18:00,stock_in,PRD-8801,All-Purpose Flour,Dry Goods,Baking,Pantry Staples Wholesale,PO-40807,INV-58124,LOT-260830-13,6.0,50lb bag,22.97,137.82,Dry Storage Room,D. Alvarez,2027-08-30,
TXN-101451,2026-08-30,18:06,stock_out,PRD-3317,Shredded Mozzarella,Dairy,Cheese,Dairy Fresh Cooperative,,,,-6.87,lb,5.95,-40.88,Main Kitchen Cooler,T. Fischer,,
TXN-101452,2026-08-30,07:22,stock_in,PRD-7706,Duck Breast,Meat,Poultry,Metro Meat & Poultry,PO-40616,INV-58761,LOT-260830-47,13.89,lb,13.97,194.04,Main Kitchen Cooler,L. Kim,2026-09-04,
TXN-101453,2026-08-30,11:33,stock_out,BEV-1004,House White Wine,Beverage,Wine,BevCo Beverage Distribution,,,,-4.0,case (12x750ml),83.9,-335.6,Bar Storage,J. Nguyen,,
TXN-101454,2026-08-30,11:02,stock_out,PRD-1104,Sea Scallops U-10,Seafood,Shellfish,Harborline Seafood Distributors,,,,-7.85,lb,22.38,-175.68,Main Kitchen Cooler,,,
TXN-101455,2026-08-30,16:21,stock_out,PRD-6634,Unsalted Butter,Dairy,Butter,Dairy Fresh Cooperative,,,,-1.0,block,123.16,-123.16,Main Kitchen Cooler,M. Osei,,
TXN-101456,2026-08-31,08:32,stock_in,PRD-8806,Basmati Rice,Dry Goods,Grains,Pantry Staples Wholesale,PO-40777,INV-58150,LOT-260831-56,3.0,25lb bag,26.96,80.88,Dry Storage Room,M. Osei,2028-08-30,
TXN-101457,2026-08-31,08:15,stock_in,PRD-9903,"Croissants, Unbaked Frozen",Bakery,Pastry,Sunrise Bakery Supply,PO-40671,INV-58571,LOT-260831-89,4.0,case (72ct),67.65,270.6,Walk-In Freezer,M. Osei,2026-11-29,Received in good condition
TXN-101458,2026-08-31,07:03,stock_in,BEV-1003,House Red Wine,Beverage,Wine,BevCo Beverage Distribution,PO-40225,INV-58501,LOT-260831-42,3.0,case (12x750ml),89.04,267.12,Bar Storage,L. Kim,2028-08-30,
TXN-101459,2026-08-31,16:11,adjustment,PRD-7701,"Chicken Breast, Boneless",Meat,Poultry,Metro Meat & Poultry,,,,0.28,lb,4.83,1.35,Main Kitchen Cooler,J. Nguyen,,System entry error
TXN-101460,2026-08-31,08:09,stock_out,PRD-2208,Roma Tomatoes,Produce,Vegetables,Green Valley Produce Co.,,,,-3.0,case,30.16,-90.48,Main Kitchen Cooler,R. Patel,,
TXN-101461,2026-08-31,16:46,stock_out,PRD-2213,Avocados,Produce,Fruit,Green Valley Produce Co.,,,,-2.0,case,35.32,-70.64,Main Kitchen Cooler,D. Alvarez,,
TXN-101462,2026-08-31,20:33,stock_out,PRD-8803,Kosher Salt,Dry Goods,Seasoning,Pantry Staples Wholesale,,,,-2.0,25lb bag,10.3,-20.6,Dry Storage Room,L. Kim,,
TXN-101463,2026-08-31,16:24,stock_in,PRD-8804,"Olive Oil, Extra Virgin",Dry Goods,Oils,Pantry Staples Wholesale,PO-40482,INV-58875,LOT-260831-47,2.0,case (6x1L),62.14,124.28,Dry Storage Room,L. Kim,2027-08-31,
TXN-101464,2026-08-31,08:12,stock_out,BEV-1004,House White Wine,Beverage,Wine,BevCo Beverage Distribution,,,,-4.0,case (12x750ml),95.92,-383.68,Bar Storage,D. Alvarez,,
TXN-101465,2026-08-31,13:36,transfer,PRD-7702,Ground Beef 80/20,Meat,Beef,Metro Meat & Poultry,,,,5.8,lb,6.21,36.02,Dry Storage Room,T. Fischer,,Transferred to Bar Storage
TXN-101466,2026-08-31,08:21,waste,PRD-3316,Whole Milk,Dairy,Cream & Milk,Dairy Fresh Cooperative,,,,-3.68,gal,3.95,-14.54,Main Kitchen Cooler,C. Romero,,Quality reject
TXN-101467,2026-09-01,08:15,adjustment,PRD-2207,Yukon Gold Potatoes,Produce,Root Vegetables,Green Valley Produce Co.,,,,-1.77,sack,26.73,-47.31,Dry Storage Room,L. Kim,,Recount after audit
TXN-101468,2026-09-01,08:51,stock_out,PRD-2211,"Garlic, Peeled",Produce,Aromatics,Green Valley Produce Co.,,,,-2.55,lb,5.99,-15.27,Main Kitchen Cooler,D. Alvarez,,
TXN-101469,2026-09-01,14:12,stock_out,PRD-2211,"Garlic, Peeled",Produce,Aromatics,Green Valley Produce Co.,,,,-4.0,lb,5.98,-23.92,Main Kitchen Cooler,T. Fischer,,
TXN-101470,2026-09-01,06:56,adjustment,PRD-7705,NY Strip Steak,Meat,Beef,Metro Meat & Poultry,,,,-0.56,lb,14.25,-7.98,Main Kitchen Cooler,D. Alvarez,,Cycle count correction
TXN-101471,2026-09-01,07:29,adjustment,PRD-7705,NY Strip Steak,Meat,Beef,Metro Meat & Poultry,,,,2.76,LB,16.28,44.93,Main Kitchen Cooler,L. Kim,,Cycle count correction
TXN-101472,2026-09-01,09:49,stock_out,PRD-1103,"Jumbo Shrimp, Peeled",Seafood,Shellfish,Harborline Seafood Distributors,,,,-6.52,lb,14.92,-97.28,Main Kitchen Cooler,L. Kim,,
TXN-101473,2026-09-01,16:44,stock_out,PRD-8804,"Olive Oil, Extra Virgin",Dry Goods,Oils,Pantry Staples Wholesale,,,,-2.0,case (6x1L),60.13,-120.26,Dry Storage Room,L. Kim,,
TXN-101474,2026-09-01,14:43,transfer,PRD-8806,Basmati Rice,Dry Goods,Grains,Pantry Staples Wholesale,,,,1.0,25lb bag,28.24,28.24,Bar Storage,M. Osei,,Transferred to Prep Station Fridge
TXN-101475,2026-09-01,16:49,transfer,PRD-2211,"Garlic, Peeled",Produce,Aromatics,Green Valley Produce Co.,,,,3.88,lb,6.44,24.99,Dry Storage Room,J. Nguyen,,Transferred to Prep Station Fridge
TXN-101476,2026-09-01,10:12,stock_in,PRD-2214,Lemons,Produce,Fruit,Green Valley Produce Co.,PO-40320,INV-58721,LOT-260901-87,2.0,case,30.03,60.06,Main Kitchen Cooler,C. Romero,2026-09-15,
TXN-101477,2026-09-01,17:47,adjustment,PRD-7701,"Chicken Breast, Boneless",Meat,Poultry,Metro Meat & Poultry,,,,2.14,lb,4.69,10.04,Main Kitchen Cooler,C. Romero,,Unit conversion fix
TXN-101478,2026-09-01,09:15,waste,PRD-1103,"Jumbo Shrimp, Peeled",Seafood,Shellfish,Harborline Seafood Distributors,,,,-2.56,lb,14.55,-37.25,Main Kitchen Cooler,R. Patel,,Quality reject
TXN-101479,2026-09-02,06:02,waste,PRD-8807,Dried Penne Pasta,Dry Goods,Grains,Pantry Staples Wholesale,,,,-2.0,case (12x1lb),20.99,-41.98,Dry Storage Room,D. Alvarez,,Over-prepped
TXN-101480,2026-09-02,20:48,stock_in,PRD-7706,Duck Breast,Meat,Poultry,Metro Meat & Poultry,PO-40566,INV-58174,LOT-260902-51,3.04,lb,12.85,39.06,Main Kitchen Cooler,T. Fischer,2026-09-07,
TXN-101481,2026-09-02,13:35,waste,PRD-2207,Yukon Gold Potatoes,Produce,Root Vegetables,Green Valley Produce Co.,,,,-1.0,sack,28.32,-28.32,Dry Storage Room,R. Patel,,Damaged in delivery
TXN-101482,2026-09-02,13:53,stock_out,PRD-2212,"Bell Peppers, Mixed",Produce,Vegetables,Green Valley Produce Co.,,,,-2.0,CASE,28.39,-56.78,Main Kitchen Cooler,D. Alvarez,,
TXN-101483,2026-09-02,18:12,adjustment,BEV-1003,House Red Wine,Beverage,Wine,BevCo Beverage Distribution,,,,-0.94,case (12x750ml),91.97,-86.45,Bar Storage,L. Kim,,System entry error
TXN-101484,2026-09-02,06:06,stock_out,PRD-1105,"Mussels, Live",Seafood,Shellfish,Harborline Seafood Distributors,,,,-10.17,LB,5.85,-59.49,Main Kitchen Cooler,T. Fischer,,
TXN-101485,2026-09-02,07:51,stock_out,PRD-2213,Avocados,Produce,Fruit,Green Valley Produce Co.,,,,-2.0,case,36.93,-73.86,Main Kitchen Cooler,D. Alvarez,,
TXN-101486,2026-09-02,14:45,stock_out,PRD-3315,Heavy Cream 40%,Dairy,Cream & Milk,Dairy Fresh Cooperative,,,,-8.81,gal,10.44,-91.98,Main Kitchen Cooler,R. Patel,,
TXN-101487,2026-09-02,16:38,waste,PRD-7703,Pork Tenderloin,Meat,Pork,Metro Meat & Poultry,,,,-3.85,lb,7.02,-27.03,Main Kitchen Cooler,T. Fischer,,Damaged in delivery
TXN-101488,2026-09-02,13:50,stock_in,BEV-1003,House Red Wine,Beverage,Wine,BevCo Beverage Distribution,PO-40682,INV-58354,LOT-260902-28,4.0,case (12x750ml),94.22,376.88,Bar Storage,M. Osei,2028-09-01,
TXN-101489,2026-09-03,07:11,transfer,PRD-3316,Whole Milk,Dairy,Cream & Milk,Dairy Fresh Cooperative,,,,5.2,gal,4.06,21.11,Walk-In Freezer,J. Nguyen,,Transferred to Walk-In Freezer
TXN-101490,2026-09-03,06:35,stock_out,PRD-8806,Basmati Rice,Dry Goods,Grains,Pantry Staples Wholesale,,,,-2.0,25lb bag,27.3,-54.6,Dry Storage Room,D. Alvarez,,
TXN-101491,2026-09-03,08:19,stock_in,PRD-9901,Sourdough Loaf,Bakery,Bread,Sunrise Bakery Supply,PO-40333,INV-58632,LOT-260903-87,5.0,each,4.05,20.25,Dry Storage Room,J. Nguyen,2026-09-06,
TXN-101492,2026-09-03,13:48,stock_in,BEV-1003,House Red Wine,Beverage,Wine,BevCo Beverage Distribution,PO-40391,INV-58103,LOT-260903-54,1.0,case (12x750ml),100.9,100.9,Bar Storage,R. Patel,2028-09-02,
TXN-101493,2026-09-03,18:54,stock_in,PRD-8801,All-Purpose Flour,Dry Goods,Baking,Pantry Staples Wholesale,PO-40881,INV-58467,LOT-260903-79,6.0,50LB BAG,21.67,130.02,Dry Storage Room,T. Fischer,2027-09-03,
TXN-101494,2026-09-03,07:59,stock_out,PRD-8802,Granulated Sugar,Dry Goods,Baking,Pantry Staples Wholesale,,,,-3.0,50lb bag,22.6,-67.8,Dry Storage Room,R. Patel,,
TXN-101495,2026-09-03,18:33,waste,PRD-2212,"Bell Peppers, Mixed",Produce,Vegetables,Green Valley Produce Co.,,,,-1.0,case,26.59,-26.59,Main Kitchen Cooler,L. Kim,,Spoilage
TXN-101496,2026-09-03,14:50,stock_in,BEV-1004,House White Wine,Beverage,Wine,BevCo Beverage Distribution,PO-40378,INV-58741,LOT-260903-15,6.0,case (12x750ml),95.04,570.24,Bar Storage,L. Kim,2028-09-02,Short delivery vs PO — see delivery receipt
TXN-101497,2026-09-03,13:27,stock_out,PRD-1102,Atlantic Salmon Fillet,Seafood,Finfish,Coastal Farms & Purveyors Ltd.,,,,-9.21,LB,11.98,-110.34,Main Kitchen Cooler,R. Patel,,
TXN-101498,2026-09-03,07:05,stock_out,PRD-8804,"Olive Oil, Extra Virgin",Dry Goods,Oils,Pantry Staples Wholesale,,,,-3.0,case (6x1L),60.92,-182.76,Dry Storage Room,M. Osei,,
TXN-101499,2026-09-03,06:39,stock_out,PRD-2208,Roma Tomatoes,Produce,Vegetables,Green Valley Produce Co.,,,,-3.0,case,29.85,-89.55,Main Kitchen Cooler,T. Fischer,,
TXN-101500,2026-09-04,20:40,waste,PRD-8806,Basmati Rice,Dry Goods,Grains,Pantry Staples Wholesale,,,,-2.0,25lb bag,29.4,-58.8,Dry Storage Room,R. Patel,,Damaged in delivery
TXN-101501,2026-09-04,08:01,stock_out,PRD-5521,"Free-Range Eggs, Large",Dairy,Eggs,Dairy Fresh Cooperative,,,,-4.0,case,46.36,-185.44,Main Kitchen Cooler,C. Romero,,
TXN-101502,2026-09-04,17:25,transfer,PRD-9901,Sourdough Loaf,Bakery,Bread,Sunrise Bakery Supply,,,,3.0,each,3.85,11.55,Prep Station Fridge,C. Romero,,Transferred to Prep Station Fridge
TXN-101503,2026-09-04,20:30,stock_out,BEV-1001,"Cola Syrup, 5 Gal BIB",Beverage,Soft Drinks,BevCo Beverage Distribution,,,,-4.0,each,66.2,-264.8,Bar Storage,J. Nguyen,,
TXN-101504,2026-09-04,13:43,stock_in,PRD-7701,"Chicken Breast, Boneless",Meat,Poultry,Metro Meat & Poultry,PO-40299,INV-58303,LOT-260904-35,22.27,lb,4.51,100.44,Main Kitchen Cooler,R. Patel,2026-09-08,
TXN-101505,2026-09-04,10:06,stock_in,PRD-3315,Heavy Cream 40%,Dairy,Cream & Milk,Dairy Fresh Cooperative,PO-40575,INV-58110,LOT-260904-36,19.75,gal,10.42,205.79,Main Kitchen Cooler,L. Kim,2026-09-14,
TXN-101506,2026-09-04,18:27,stock_in,PRD-8804,"Olive Oil, Extra Virgin",Dry Goods,Oils,Pantry Staples Wholesale,PO-40785,INV-58425,LOT-260904-26,3.0,case (6x1L),58.12,174.36,Dry Storage Room,R. Patel,2027-09-04,
TXN-101507,2026-09-04,13:18,transfer,PRD-2208,Roma Tomatoes,Produce,Vegetables,Green Valley Produce Co.,,,,2.0,CASE,33.16,66.32,Dry Storage Room,J. Nguyen,,Transferred to Main Kitchen Cooler
TXN-101508,2026-09-04,07:27,adjustment,PRD-1104,Sea Scallops U-10,Seafood,Shellfish,Harborline Seafood Distributors,,,,-1.35,lb,24.28,-32.78,Main Kitchen Cooler,J. Nguyen,,Unit conversion fix
TXN-101509,2026-09-04,07:57,stock_out,PRD-9903,"Croissants, Unbaked Frozen",Bakery,Pastry,Sunrise Bakery Supply,,,,-2.0,case (72ct),66.98,-133.96,Walk-In Freezer,T. Fischer,,
TXN-101510,2026-09-04,11:57,stock_out,PRD-3315,Heavy Cream 40%,Dairy,Cream & Milk,Dairy Fresh Cooperative,,,,-12.4,GAL,9.81,-121.64,Main Kitchen Cooler,J. Nguyen,,
TXN-101511,2026-09-04,13:21,stock_in,PRD-8806,Basmati Rice,Dry Goods,Grains,Pantry Staples Wholesale,PO-40848,INV-58803,LOT-260904-87,6.0,25lb bag,27.71,166.26,Dry Storage Room,R. Patel,2028-09-03,
TXN-101512,2026-09-04,07:34,waste,PRD-2211,"Garlic, Peeled",Produce,Aromatics,Green Valley Produce Co.,,,,-3.47,lb,6.21,-21.55,Main Kitchen Cooler,D. Alvarez,,Dropped/contaminated
TXN-101513,2026-09-04,17:37,stock_out,PRD-1103,"Jumbo Shrimp, Peeled",Seafood,Shellfish,Harborline Seafood Distributors,,,,-8.4,lb,15.12,-127.01,Main Kitchen Cooler,R. Patel,,
TXN-101514,2026-09-04,11:15,stock_out,PRD-2207,Yukon Gold Potatoes,Produce,Root Vegetables,Green Valley Produce Co.,,,,-4.0,sack,28.08,-112.32,Dry Storage Room,L. Kim,,
TXN-101515,2026-09-04,07:05,stock_out,PRD-1102,Atlantic Salmon Fillet,Seafood,Finfish,Coastal Farms & Purveyors Ltd.,,,,-10.05,lb,10.66,-107.13,Main Kitchen Cooler,J. Nguyen,,
TXN-101516,2026-09-04,16:23,stock_out,PRD-8805,Canola Oil,Dry Goods,Oils,Pantry Staples Wholesale,,,,-1.0,case (4x1gal),40.89,-40.89,Dry Storage Room,R. Patel,,
TXN-101517,2026-09-04,13:41,stock_out,PRD-2212,"Bell Peppers, Mixed",Produce,Vegetables,Green Valley Produce Co.,,,,-3.0,case,25.88,-77.64,Main Kitchen Cooler,C. Romero,,
TXN-101518,2026-09-04,13:37,adjustment,PRD-7706,Duck Breast,Meat,Poultry,Metro Meat & Poultry,,,,0.21,lb,14.0,2.94,Main Kitchen Cooler,J. Nguyen,,Unit conversion fix
TXN-101519,2026-09-04,07:57,adjustment,PRD-1103,"Jumbo Shrimp, Peeled",Seafood,Shellfish,Harborline Seafood Distributors,,,,2.51,lb,15.63,39.23,Main Kitchen Cooler,L. Kim,,Cycle count correction
TXN-101520,2026-09-04,17:38,stock_out,BEV-1004,House White Wine,Beverage,Wine,BevCo Beverage Distribution,,,,-3.0,case (12x750ml),86.41,-259.23,Bar Storage,M. Osei,,
TXN-101521,2026-09-05,16:04,stock_out,PRD-1105,"Mussels, Live",Seafood,Shellfish,Harborline Seafood Distributors,,,,-9.89,lb,5.7,-56.37,Main Kitchen Cooler,R. Patel,,
TXN-101522,2026-09-05,11:05,stock_out,PRD-1104,Sea Scallops U-10,Seafood,Shellfish,Harborline Seafood Distributors,,,,-5.68,lb,21.34,-121.21,Main Kitchen Cooler,C. Romero,,
TXN-101523,2026-09-05,14:28,stock_in,PRD-3316,Whole Milk,Dairy,Cream & Milk,Dairy Fresh Cooperative,PO-40728,INV-58165,LOT-260905-90,12.45,gal,4.39,54.66,Main Kitchen Cooler,T. Fischer,2026-09-15,
TXN-101524,2026-09-05,10:32,stock_out,PRD-1105,"Mussels, Live",Seafood,Shellfish,Harborline Seafood Distributors,,,,-7.71,lb,6.23,-48.03,Main Kitchen Cooler,L. Kim,,
TXN-101525,2026-09-05,06:50,adjustment,BEV-1001,"Cola Syrup, 5 Gal BIB",Beverage,Soft Drinks,BevCo Beverage Distribution,,,,0.86,each,60.2,51.77,Bar Storage,C. Romero,,Cycle count correction
TXN-101526,2026-09-05,17:17,stock_out,PRD-6634,Unsalted Butter,Dairy,Butter,Dairy Fresh Cooperative,,,,-4.0,block,122.01,-488.04,Main Kitchen Cooler,L. Kim,,
TXN-101527,2026-09-05,11:36,stock_out,PRD-1105,"Mussels, Live",Seafood,Shellfish,Harborline Seafood Distributors,,,,-1.06,lb,6.06,-6.42,Main Kitchen Cooler,J. Nguyen,,
TXN-101528,2026-09-05,08:16,transfer,PRD-8801,All-Purpose Flour,Dry Goods,Baking,Pantry Staples Wholesale,,,,1.0,50lb bag,21.86,21.86,Prep Station Fridge,R. Patel,,Transferred to Prep Station Fridge
TXN-101529,2026-09-05,16:08,stock_out,PRD-3316,Whole Milk,Dairy,Cream & Milk,Dairy Fresh Cooperative,,,,-10.41,gal,4.36,-45.39,Main Kitchen Cooler,L. Kim,,
TXN-101530,2026-09-05,14:59,stock_out,PRD-3317,Shredded Mozzarella,Dairy,Cheese,Dairy Fresh Cooperative,,,,-1.99,LB,5.51,-10.96,Main Kitchen Cooler,M. Osei,,
TXN-101531,2026-09-05,17:59,waste,BEV-1004,House White Wine,Beverage,Wine,BevCo Beverage Distribution,,,,-1.0,case (12x750ml),95.96,-95.96,Bar Storage,M. Osei,,Expired
TXN-101532,2026-09-05,17:14,stock_in,PRD-2214,Lemons,Produce,Fruit,Green Valley Produce Co.,PO-40802,INV-58478,LOT-260905-23,3.0,CASE,29.5,88.5,Main Kitchen Cooler,J. Nguyen,2026-09-19,
TXN-101533,2026-09-05,11:33,adjustment,PRD-1103,"Jumbo Shrimp, Peeled",Seafood,Shellfish,Harborline Seafood Distributors,,,,-1.42,LB,14.53,-20.63,Main Kitchen Cooler,L. Kim,,Recount after audit
TXN-101534,2026-09-05,08:00,waste,PRD-7703,Pork Tenderloin,Meat,Pork,Metro Meat & Poultry,,,,-1.13,lb,6.89,-7.79,Main Kitchen Cooler,D. Alvarez,,Damaged in delivery
TXN-101535,2026-09-05,14:30,transfer,PRD-2211,"Garlic, Peeled",Produce,Aromatics,Green Valley Produce Co.,,,,1.82,lb,6.42,11.68,Walk-In Freezer,T. Fischer,,Transferred to Main Kitchen Cooler
TXN-101536,2026-09-05,08:05,stock_in,PRD-8803,Kosher Salt,Dry Goods,Seasoning,Pantry Staples Wholesale,PO-40434,INV-58435,LOT-260905-35,3.0,25lb bag,10.92,32.76,Dry Storage Room,D. Alvarez,2029-09-04,
TXN-101537,2026-09-05,18:27,stock_in,BEV-1003,House Red Wine,Beverage,Wine,BevCo Beverage Distribution,PO-40116,INV-58735,LOT-260905-44,4.0,case (12x750ml),93.19,372.76,Bar Storage,L. Kim,2028-09-04,
TXN-101538,2026-09-05,09:11,stock_in,PRD-2209,Yellow Onions,Produce,Root Vegetables,Green Valley Produce Co.,PO-40224,INV-58812,LOT-260905-85,4.0,sack,18.84,75.36,Dry Storage Room,C. Romero,2026-10-05,
TXN-101539,2026-09-05,08:54,stock_out,PRD-7702,Ground Beef 80/20,Meat,Beef,Metro Meat & Poultry,,,,-7.96,lb,6.01,-47.84,Main Kitchen Cooler,L. Kim,,
TXN-101540,2026-09-05,18:49,stock_out,PRD-8801,All-Purpose Flour,Dry Goods,Baking,Pantry Staples Wholesale,,,,-2.0,50lb bag,20.45,-40.9,Dry Storage Room,M. Osei,,
TXN-101541,2026-09-05,08:19,stock_out,PRD-9901,Sourdough Loaf,Bakery,Bread,Sunrise Bakery Supply,,,,-4.0,each,3.53,-14.12,Dry Storage Room,T. Fischer,,
TXN-101542,2026-09-05,09:46,stock_out,PRD-7702,Ground Beef 80/20,Meat,Beef,Metro Meat & Poultry,,,,-9.03,lb,6.39,-57.7,Main Kitchen Cooler,L. Kim,,
TXN-101543,2026-09-05,07:19,stock_in,PRD-7703,Pork Tenderloin,Meat,Pork,Metro Meat & Poultry,PO-40184,INV-58809,LOT-260905-64,38.4,lb,7.19,276.1,Main Kitchen Cooler,,2026-09-10,Short delivery vs PO — see delivery receipt
TXN-101544,2026-09-05,09:40,waste,PRD-2212,"Bell Peppers, Mixed",Produce,Vegetables,Green Valley Produce Co.,,,,-1.0,case,27.94,-27.94,Main Kitchen Cooler,J. Nguyen,,Spoilage
TXN-101545,2026-09-05,20:20,waste,PRD-2211,"Garlic, Peeled",Produce,Aromatics,Green Valley Produce Co.,,,,-0.53,LB,5.89,-3.12,Main Kitchen Cooler,M. Osei,,Expired
TXN-101546,2026-09-06,08:19,stock_out,PRD-3316,Whole Milk,Dairy,Cream & Milk,Dairy Fresh Cooperative,,,,-4.62,gal,4.21,-19.45,Main Kitchen Cooler,C. Romero,,
TXN-101547,2026-09-06,20:44,stock_in,BEV-1001,"Cola Syrup, 5 Gal BIB",Beverage,Soft Drinks,BevCo Beverage Distribution,PO-40559,INV-58752,LOT-260906-66,8.0,each,59.24,473.92,Bar Storage,,2027-03-05,
TXN-101548,2026-09-06,17:10,adjustment,BEV-1002,Sparkling Water Cans,Beverage,Water,BevCo Beverage Distribution,,,,2.52,case (24ct),13.91,35.05,Bar Storage,D. Alvarez,,System entry error
TXN-101549,2026-09-06,08:53,stock_out,PRD-2210,Romaine Lettuce,Produce,Leafy Greens,Green Valley Produce Co.,,,,-1.0,case,23.56,-23.56,Main Kitchen Cooler,J. Nguyen,,
TXN-101550,2026-09-06,10:47,stock_in,PRD-1105,"Mussels, Live",Seafood,Shellfish,Harborline Seafood Distributors,PO-40350,INV-58525,LOT-260906-43,2.31,lb,5.51,12.73,Main Kitchen Cooler,,2026-09-08,
TXN-101551,2026-09-06,17:05,stock_out,PRD-9903,"Croissants, Unbaked Frozen",Bakery,Pastry,Sunrise Bakery Supply,,,,-3.0,case (72ct),60.69,-182.07,Walk-In Freezer,J. Nguyen,,
TXN-101552,2026-09-06,08:30,stock_out,PRD-8803,Kosher Salt,Dry Goods,Seasoning,Pantry Staples Wholesale,,,,-1.0,25lb bag,10.39,-10.39,Dry Storage Room,C. Romero,,
TXN-101553,2026-09-06,20:42,waste,BEV-1002,Sparkling Water Cans,Beverage,Water,BevCo Beverage Distribution,,,,-2.0,case (24ct),14.13,-28.26,Bar Storage,T. Fischer,,Over-prepped
TXN-101554,2026-09-06,07:41,stock_out,PRD-3316,Whole Milk,Dairy,Cream & Milk,Dairy Fresh Cooperative,,,,-7.3,gal,3.91,-28.54,Main Kitchen Cooler,T. Fischer,,
TXN-101555,2026-09-06,16:37,transfer,PRD-3318,Parmesan Wheel,Dairy,Cheese,Dairy Fresh Cooperative,,,,5.83,lb,12.54,73.11,Dry Storage Room,J. Nguyen,,Transferred to Prep Station Fridge
TXN-101556,2026-09-06,07:46,transfer,PRD-8806,Basmati Rice,Dry Goods,Grains,Pantry Staples Wholesale,,,,2.0,25lb bag,28.45,56.9,Bar Storage,C. Romero,,Transferred to Bar Storage
TXN-101557,2026-09-06,09:41,transfer,PRD-6634,Unsalted Butter,Dairy,Butter,Dairy Fresh Cooperative,,,,2.0,block,124.4,248.8,Walk-In Freezer,L. Kim,,Transferred to Prep Station Fridge
TXN-101558,2026-09-06,16:29,stock_out,PRD-2211,"Garlic, Peeled",Produce,Aromatics,Green Valley Produce Co.,,,,-11.19,lb,6.79,-75.98,Main Kitchen Cooler,J. Nguyen,,
TXN-101559,2026-09-06,08:55,stock_out,PRD-1103,"Jumbo Shrimp, Peeled",Seafood,Shellfish,Harborline Seafood Distributors,,,,-4.18,lb,15.54,-64.96,Main Kitchen Cooler,L. Kim,,
TXN-101560,2026-09-06,20:55,stock_out,PRD-9901,Sourdough Loaf,Bakery,Bread,Sunrise Bakery Supply,,,,-3.0,each,3.45,-10.35,Dry Storage Room,C. Romero,,
TXN-101561,2026-09-06,14:29,stock_out,PRD-6634,Unsalted Butter,Dairy,Butter,Dairy Fresh Cooperative,,,,-3.0,BLOCK,126.71,-380.13,Main Kitchen Cooler,T. Fischer,,
TXN-101562,2026-09-06,13:58,stock_in,PRD-7705,NY Strip Steak,Meat,Beef,Metro Meat & Poultry,PO-40128,INV-58791,LOT-260906-22,21.72,lb,14.49,314.72,Main Kitchen Cooler,J. Nguyen,2026-09-12,
TXN-101563,2026-09-06,06:16,stock_in,PRD-3316,Whole Milk,Dairy,Cream & Milk,Dairy Fresh Cooperative,PO-40802,INV-58576,LOT-260906-76,30.92,gal,4.19,129.55,Main Kitchen Cooler,C. Romero,2026-09-16,
TXN-101564,2026-09-06,09:11,stock_out,PRD-8803,Kosher Salt,Dry Goods,Seasoning,Pantry Staples Wholesale,,,,-2.0,25lb bag,11.06,-22.12,Dry Storage Room,D. Alvarez,,
TXN-101565,2026-09-06,08:19,stock_in,PRD-1104,Sea Scallops U-10,Seafood,Shellfish,Harborline Seafood Distributors,PO-40183,INV-58686,LOT-260906-83,10.98,lb,22.1,242.66,Main Kitchen Cooler,M. Osei,2026-09-10,
TXN-101566,2026-09-06,20:05,transfer,PRD-2213,Avocados,Produce,Fruit,Green Valley Produce Co.,,,,1.0,case,37.33,37.33,Walk-In Freezer,J. Nguyen,,Transferred to Main Kitchen Cooler
TXN-101567,2026-09-06,17:32,stock_out,PRD-7702,Ground Beef 80/20,Meat,Beef,Metro Meat & Poultry,,,,-3.3,lb,6.06,-20.0,Main Kitchen Cooler,J. Nguyen,,
TXN-101568,2026-09-07,11:05,stock_out,PRD-3318,Parmesan Wheel,Dairy,Cheese,Dairy Fresh Cooperative,,,,-9.33,LB,12.11,-112.99,Main Kitchen Cooler,R. Patel,,
TXN-101569,2026-09-07,20:43,stock_in,PRD-3318,Parmesan Wheel,Dairy,Cheese,Dairy Fresh Cooperative,PO-40519,INV-58577,LOT-260907-94,37.11,lb,13.85,513.97,Main Kitchen Cooler,J. Nguyen,2026-11-06,Short delivery vs PO — see delivery receipt
TXN-101570,2026-09-07,07:08,stock_out,PRD-2211,"Garlic, Peeled",Produce,Aromatics,Green Valley Produce Co.,,,,-13.74,lb,5.93,-81.48,Main Kitchen Cooler,C. Romero,,
TXN-101571,2026-09-07,08:12,waste,BEV-1003,House Red Wine,Beverage,Wine,BevCo Beverage Distribution,,,,-2.0,case (12x750ml),99.79,-199.58,Bar Storage,J. Nguyen,,Spoilage
TXN-101572,2026-09-07,16:11,stock_out,PRD-3318,Parmesan Wheel,Dairy,Cheese,Dairy Fresh Cooperative,,,,-7.1,lb,13.68,-97.13,Main Kitchen Cooler,L. Kim,,
TXN-101573,2026-09-07,07:18,stock_in,PRD-7703,Pork Tenderloin,Meat,Pork,Metro Meat & Poultry,PO-40504,INV-58740,LOT-260907-77,2.86,lb,6.81,19.48,Main Kitchen Cooler,J. Nguyen,2026-09-12,
TXN-101574,2026-09-07,07:01,stock_in,PRD-7706, Duck Breast ,Meat,Poultry,Metro Meat & Poultry,PO-40817,INV-58475,LOT-260907-54,33.92,lb,13.8,468.1,Main Kitchen Cooler,T. Fischer,2026-09-12,
TXN-101575,2026-09-07,14:38,stock_out,PRD-3318,Parmesan Wheel,Dairy,Cheese,Dairy Fresh Cooperative,,,,-5.51,lb,13.48,-74.27,Main Kitchen Cooler,,,
TXN-101576,2026-09-07,08:12,stock_in,PRD-9902,Brioche Burger Buns,Bakery,Bread,Sunrise Bakery Supply,PO-40434,INV-58652,LOT-260907-56,4.0,case (48ct),27.86,111.44,Dry Storage Room,,2026-09-12,
TXN-101577,2026-09-08,11:59,stock_in,PRD-1103,"Jumbo Shrimp, Peeled",Seafood,Shellfish,Harborline Seafood Distributors,PO-40728,INV-58265,LOT-260908-71,4.04,lb,13.91,56.2,Main Kitchen Cooler,J. Nguyen,2026-09-12,
TXN-101578,2026-09-08,20:37,stock_out,PRD-2209,Yellow Onions,Produce,Root Vegetables,Green Valley Produce Co.,,,,-1.0,sack,17.7,-17.7,Dry Storage Room,J. Nguyen,,
TXN-101579,2026-09-08,08:55,stock_out,PRD-2210,Romaine Lettuce,Produce,Leafy Greens,Green Valley Produce Co.,,,,-1.0,case,26.25,-26.25,Main Kitchen Cooler,T. Fischer,,
TXN-101580,2026-09-08,06:07,stock_in,PRD-7703,Pork Tenderloin,Meat,Pork,Metro Meat & Poultry,PO-40515,INV-58608,LOT-260908-82,2.64,lb,6.6,17.42,Main Kitchen Cooler,L. Kim,2026-09-13,
TXN-101581,2026-09-08,18:22,stock_out,PRD-9901,Sourdough Loaf,Bakery,Bread,Sunrise Bakery Supply,,,,-2.0,each,3.71,-7.42,Dry Storage Room,J. Nguyen,,
TXN-101582,2026-09-08,08:29,waste,PRD-4410,Organic Baby Spinach,Produce,Leafy Greens,Green Valley Produce Co.,,,,-1.0,case,13.32,-13.32,Main Kitchen Cooler,C. Romero,,Spoilage
TXN-101583,2026-09-08,18:58,stock_in,PRD-1104,Sea Scallops U-10,Seafood,Shellfish,Harborline Seafood Distributors,PO-40335,INV-58202,LOT-260908-67,29.99,lb,22.19,665.48,Main Kitchen Cooler,R. Patel,2026-09-12,
TXN-101584,2026-09-08,18:46,stock_out,PRD-1102,Atlantic Salmon Fillet,Seafood,Finfish,Coastal Farms & Purveyors Ltd.,,,,-10.22,lb,11.16,-114.06,Main Kitchen Cooler,J. Nguyen,,
TXN-101585,2026-09-08,11:05,stock_out,PRD-8801,All-Purpose Flour,Dry Goods,Baking,Pantry Staples Wholesale,,,,-2.0,50LB BAG,20.39,-40.78,Dry Storage Room,R. Patel,,
TXN-101586,2026-09-08,06:52,stock_in,PRD-8801, All-Purpose Flour ,Dry Goods,Baking,Pantry Staples Wholesale,PO-40643,INV-58382,LOT-260908-72,7.0,50LB BAG,21.51,150.57,Dry Storage Room,M. Osei,2027-09-08,
TXN-101587,2026-09-09,20:33,stock_out,PRD-3316,Whole Milk,Dairy,Cream & Milk,Dairy Fresh Cooperative,,,,-10.31,gal,4.16,-42.89,Main Kitchen Cooler,T. Fischer,,
TXN-101588,2026-09-09,09:12,stock_out,PRD-2211,"Garlic, Peeled",Produce,Aromatics,Green Valley Produce Co.,,,,-15.0,lb,6.71,-100.65,Main Kitchen Cooler,L. Kim,,
TXN-101589,2026-09-09,20:27,transfer,PRD-9901,Sourdough Loaf,Bakery,Bread,Sunrise Bakery Supply,,,,3.0,each,3.94,11.82,Prep Station Fridge,D. Alvarez,,Transferred to Main Kitchen Cooler
TXN-101590,2026-09-09,06:17,stock_in,PRD-9903,"Croissants, Unbaked Frozen",Bakery,Pastry,Sunrise Bakery Supply,PO-40418,INV-58438,LOT-260909-90,4.0,CASE (72CT),63.24,252.96,Walk-In Freezer,C. Romero,2026-12-08,Short delivery vs PO — see delivery receipt
TXN-101591,2026-09-09,07:58,stock_out,BEV-1001,"Cola Syrup, 5 Gal BIB",Beverage,Soft Drinks,BevCo Beverage Distribution,,,,-2.0,each,57.23,-114.46,Bar Storage,T. Fischer,,
TXN-101592,2026-09-09,17:36,stock_in,BEV-1005,"Draft Beer Keg, Lager",Beverage,Beer,BevCo Beverage Distribution,PO-40746,INV-58813,LOT-260909-44,6.0,keg,153.3,919.8,Bar Storage,C. Romero,2026-10-24,Short delivery vs PO — see delivery receipt
TXN-101593,2026-09-09,14:38,stock_in,PRD-3316,Whole Milk,Dairy,Cream & Milk,Dairy Fresh Cooperative,PO-40404,INV-58762,LOT-260909-86,21.07,gal,4.41,92.92,Main Kitchen Cooler,L. Kim,2026-09-19,
TXN-101594,2026-09-09,08:29,stock_out,PRD-5521,"Free-Range Eggs, Large",Dairy,Eggs,Dairy Fresh Cooperative,,,,-3.0,case,48.19,-144.57,Main Kitchen Cooler,L. Kim,,
TXN-101595,2026-09-09,10:06,stock_out,PRD-2210,Romaine Lettuce,Produce,Leafy Greens,Green Valley Produce Co.,,,,-1.0,case,24.69,-24.69,Main Kitchen Cooler,D. Alvarez,,
TXN-101596,2026-09-09,10:11,waste,PRD-3316,Whole Milk,Dairy,Cream & Milk,Dairy Fresh Cooperative,,,,-1.21,gal,4.33,-5.24,Main Kitchen Cooler,C. Romero,,Damaged in delivery
TXN-101597,2026-09-09,11:51,adjustment,PRD-2211,"Garlic, Peeled",Produce,Aromatics,Green Valley Produce Co.,,,,-2.91,lb,6.62,-19.26,Main Kitchen Cooler,M. Osei,,System entry error
TXN-101598,2026-09-09,11:03,stock_in,PRD-4410,Organic Baby Spinach,Produce,Leafy Greens,Green Valley Produce Co.,PO-40653,INV-58275,LOT-260909-23,5.0,case,14.93,74.65,Main Kitchen Cooler,D. Alvarez,2026-09-14,
TXN-101599,2026-09-09,13:51,stock_in,PRD-7701,"Chicken Breast, Boneless",Meat,Poultry,Metro Meat & Poultry,PO-40818,INV-58868,LOT-260909-88,5.18,lb,4.75,24.6,Main Kitchen Cooler,C. Romero,2026-09-13,
TXN-101600,2026-09-09,11:01,stock_in,PRD-2211,"Garlic, Peeled",Produce,Aromatics,Green Valley Produce Co.,PO-40740,INV-58701,LOT-260909-47,29.78,lb,6.44,191.78,Main Kitchen Cooler,T. Fischer,2026-09-23,
TXN-101601,2026-09-10,07:48,stock_out,PRD-7704,"Bacon, Sliced",Meat,Pork,Metro Meat & Poultry,,,,-2.24,lb,7.71,-17.27,Main Kitchen Cooler,M. Osei,,
TXN-101602,2026-09-10,09:28,adjustment,PRD-9901,Sourdough Loaf,Bakery,Bread,Sunrise Bakery Supply,,,,2.6,each,3.77,9.8,Dry Storage Room,D. Alvarez,,Cycle count correction
TXN-101603,2026-09-10,20:53,stock_out,PRD-9903,"Croissants, Unbaked Frozen",Bakery,Pastry,Sunrise Bakery Supply,,,,-2.0,CASE (72CT),60.81,-121.62,Walk-In Freezer,C. Romero,,
TXN-101604,2026-09-10,13:57,adjustment,PRD-2209,Yellow Onions,Produce,Root Vegetables,Green Valley Produce Co.,,,,-0.0,sack,19.44,-0.0,Dry Storage Room,M. Osei,,System entry error
TXN-101605,2026-09-10,18:25,stock_out,PRD-2212,"Bell Peppers, Mixed",Produce,Vegetables,Green Valley Produce Co.,,,,-3.0,case,29.48,-88.44,Main Kitchen Cooler,L. Kim,,
TXN-101606,2026-09-10,17:07,stock_out,PRD-2214,Lemons,Produce,Fruit,Green Valley Produce Co.,,,,-2.0,case,30.35,-60.7,Main Kitchen Cooler,L. Kim,,
TXN-101607,2026-09-10,16:15,transfer,BEV-1001,"Cola Syrup, 5 Gal BIB",Beverage,Soft Drinks,BevCo Beverage Distribution,,,,1.0,each,63.73,63.73,Walk-In Freezer,L. Kim,,Transferred to Prep Station Fridge
TXN-101608,2026-09-10,20:51,stock_out,PRD-9902,Brioche Burger Buns,Bakery,Bread,Sunrise Bakery Supply,,,,-3.0,case (48ct),29.14,-87.42,Dry Storage Room,J. Nguyen,,
TXN-101609,2026-09-10,08:53,stock_out,PRD-8806,Basmati Rice,Dry Goods,Grains,Pantry Staples Wholesale,,,,-3.0,25lb bag,27.23,-81.69,Dry Storage Room,J. Nguyen,,
TXN-101610,2026-09-10,08:09,stock_out,PRD-7702,Ground Beef 80/20,Meat,Beef,Metro Meat & Poultry,,,,-1.44,lb,5.49,-7.91,Main Kitchen Cooler,C. Romero,,
TXN-101611,2026-09-10,08:52,stock_out,PRD-8802,Granulated Sugar,Dry Goods,Baking,Pantry Staples Wholesale,,,,-3.0,50lb bag,23.62,-70.86,Dry Storage Room,C. Romero,,
TXN-101612,2026-09-10,10:34,stock_in,PRD-5521,"Free-Range Eggs, Large",Dairy,Eggs,Dairy Fresh Cooperative,PO-40142,INV-58546,LOT-260910-27,6.0,case,44.76,268.56,Main Kitchen Cooler,M. Osei,2026-10-08,
TXN-101613,2026-09-11,20:04,stock_in,PRD-8807,Dried Penne Pasta,Dry Goods,Grains,Pantry Staples Wholesale,PO-40215,INV-58700,LOT-260911-41,2.0,case (12x1lb),18.45,36.9,Dry Storage Room,M. Osei,2028-09-10,
TXN-101614,2026-09-11,07:14,stock_out,PRD-3318,Parmesan Wheel,Dairy,Cheese,Dairy Fresh Cooperative,,,,-3.59,lb,13.35,-47.93,Main Kitchen Cooler,D. Alvarez,,
TXN-101615,2026-09-11,13:06,stock_out,PRD-7701,"Chicken Breast, Boneless",Meat,Poultry,Metro Meat & Poultry,,,,-6.31,LB,5.07,-31.99,Main Kitchen Cooler,T. Fischer,,
TXN-101616,2026-09-11,11:09,waste,PRD-7702,Ground Beef 80/20,Meat,Beef,Metro Meat & Poultry,,,,-1.46,lb,6.06,-8.85,Main Kitchen Cooler,R. Patel,,Dropped/contaminated
TXN-101617,2026-09-11,14:26,stock_in,PRD-7702,Ground Beef 80/20,Meat,Beef,Metro Meat & Poultry,PO-40873,INV-58858,LOT-260911-71,17.28,lb,5.53,95.56,Main Kitchen Cooler,T. Fischer,2026-09-15,
TXN-101618,2026-09-11,13:34,stock_out,BEV-1004,House White Wine,Beverage,Wine,BevCo Beverage Distribution,,,,-4.0,case (12x750ml),93.3,-373.2,Bar Storage,L. Kim,,
TXN-101619,2026-09-11,08:26,stock_in,PRD-7702,Ground Beef 80/20,Meat,Beef,Metro Meat & Poultry,PO-40331,INV-58434,LOT-260911-89,21.64,lb,6.42,138.93,Main Kitchen Cooler,J. Nguyen,2026-09-15,
TXN-101620,2026-09-11,08:44,stock_out,BEV-1004,House White Wine,Beverage,Wine,BevCo Beverage Distribution,,,,-4.0,case (12x750ml),88.5,-354.0,Bar Storage,C. Romero,,
TXN-101621,2026-09-11,20:05,stock_out,PRD-2213,Avocados,Produce,Fruit,Green Valley Produce Co.,,,,-2.0,case,37.02,-74.04,Main Kitchen Cooler,M. Osei,,
TXN-101622,2026-09-11,16:11,stock_out,PRD-4410,Organic Baby Spinach,Produce,Leafy Greens,Green Valley Produce Co.,,,,-1.0,case,14.63,-14.63,Main Kitchen Cooler,R. Patel,,
TXN-101623,2026-09-11,07:30,stock_out,PRD-1104,Sea Scallops U-10,Seafood,Shellfish,Harborline Seafood Distributors,,,,-1.64,lb,23.16,-37.98,Main Kitchen Cooler,D. Alvarez,,
TXN-101624,2026-09-11,08:26,waste,BEV-1005,"Draft Beer Keg, Lager",Beverage,Beer,BevCo Beverage Distribution,,,,-1.0,keg,142.93,-142.93,Bar Storage,T. Fischer,,Damaged in delivery
TXN-101625,2026-09-11,10:31,stock_out,PRD-8803,Kosher Salt,Dry Goods,Seasoning,Pantry Staples Wholesale,,,,-1.0,25lb bag,10.16,-10.16,Dry Storage Room,T. Fischer,,
TXN-101626,2026-09-11,08:11,adjustment,BEV-1003,House Red Wine,Beverage,Wine,BevCo Beverage Distribution,,,,-2.72,case (12x750ml),102.46,-278.69,Bar Storage,R. Patel,,Recount after audit
TXN-101627,2026-09-11,10:03,stock_out,PRD-8807,Dried Penne Pasta,Dry Goods,Grains,Pantry Staples Wholesale,,,,-2.0,CASE (12X1LB),19.6,-39.2,Dry Storage Room,J. Nguyen,,
TXN-101628,2026-09-12,11:21,stock_out,PRD-8803,Kosher Salt,Dry Goods,Seasoning,Pantry Staples Wholesale,,,,-3.0,25lb bag,10.17,-30.51,Dry Storage Room,R. Patel,,
TXN-101629,2026-09-12,13:51,stock_in,PRD-5521,"Free-Range Eggs, Large",Dairy,Eggs,Dairy Fresh Cooperative,PO-40348,INV-58478,LOT-260912-43,5.0,case,46.24,231.2,Main Kitchen Cooler,L. Kim,2026-10-10,
TXN-101630,2026-09-12,06:06,stock_out,PRD-8801, All-Purpose Flour ,Dry Goods,Baking,Pantry Staples Wholesale,,,,-2.0,50lb bag,21.42,-42.84,Dry Storage Room,C. Romero,,
TXN-101631,2026-09-12,07:07,stock_in,PRD-8807,Dried Penne Pasta,Dry Goods,Grains,Pantry Staples Wholesale,PO-40880,INV-58562,LOT-260912-64,2.0,case (12x1lb),19.15,38.3,Dry Storage Room,R. Patel,2028-09-11,
TXN-101632,2026-09-12,07:11,stock_in,PRD-8804,"Olive Oil, Extra Virgin",Dry Goods,Oils,Pantry Staples Wholesale,PO-40194,INV-58481,LOT-260912-74,3.0,case (6x1L),62.49,187.47,Dry Storage Room,L. Kim,2027-09-12,
TXN-101633,2026-09-12,11:37,stock_in,BEV-1004,House White Wine,Beverage,Wine,BevCo Beverage Distribution,PO-40828,INV-58606,LOT-260912-81,5.0,case (12x750ml),88.5,442.5,Bar Storage,J. Nguyen,2028-09-11,
TXN-101634,2026-09-12,08:28,adjustment,PRD-1102,Atlantic Salmon Fillet,Seafood,Finfish,Coastal Farms & Purveyors Ltd.,,,,-2.19,lb,11.64,-25.49,Main Kitchen Cooler,L. Kim,,Recount after audit
TXN-101635,2026-09-12,07:03,stock_out,PRD-2212,"Bell Peppers, Mixed",Produce,Vegetables,Green Valley Produce Co.,,,,-2.0,case,26.21,-52.42,Main Kitchen Cooler,T. Fischer,,
TXN-101636,2026-09-12,17:24,stock_out,PRD-8802,Granulated Sugar,Dry Goods,Baking,Pantry Staples Wholesale,,,,-4.0,50lb bag,24.63,-98.52,Dry Storage Room,R. Patel,,
TXN-101637,2026-09-12,13:11,adjustment,PRD-8803,Kosher Salt,Dry Goods,Seasoning,Pantry Staples Wholesale,,,,-1.14,25lb bag,10.34,-11.79,Dry Storage Room,C. Romero,,System entry error
TXN-101638,2026-09-12,16:27,stock_in,PRD-7702,Ground Beef 80/20,Meat,Beef,Metro Meat & Poultry,PO-40392,INV-58767,LOT-260912-69,11.67,lb,6.1,71.19,Main Kitchen Cooler,M. Osei,2026-09-16,
TXN-101639,2026-09-12,17:28,stock_in,PRD-3317,Shredded Mozzarella,Dairy,Cheese,Dairy Fresh Cooperative,PO-40883,INV-58854,LOT-260912-72,12.85,lb,5.63,72.35,Main Kitchen Cooler,T. Fischer,2026-10-03,
TXN-101640,2026-09-12,08:42,waste,PRD-8805,Canola Oil,Dry Goods,Oils,Pantry Staples Wholesale,,,,-1.0,case (4x1gal),42.95,-42.95,Dry Storage Room,T. Fischer,,Prep trim loss
TXN-101641,2026-09-12,16:10,stock_out,BEV-1005,"Draft Beer Keg, Lager",Beverage,Beer,BevCo Beverage Distribution,,,,-3.0,keg,154.23,-462.69,Bar Storage,M. Osei,,
TXN-101642,2026-09-12,10:15,stock_out,PRD-2208,Roma Tomatoes,Produce,Vegetables,Green Valley Produce Co.,,,,-3.0,case,30.75,-92.25,Main Kitchen Cooler,T. Fischer,,
TXN-101643,2026-09-12,13:32,stock_out,PRD-5521,"Free-Range Eggs, Large",Dairy,Eggs,Dairy Fresh Cooperative,,,,-3.0,case,45.05,-135.15,Main Kitchen Cooler,J. Nguyen,,
TXN-101644,2026-09-12,20:44,transfer,PRD-1104,Sea Scallops U-10,Seafood,Shellfish,Harborline Seafood Distributors,,,,4.94,lb,22.55,111.4,Dry Storage Room,T. Fischer,,Transferred to Walk-In Freezer
TXN-101645,2026-09-12,09:11,waste,PRD-2208,Roma Tomatoes,Produce,Vegetables,Green Valley Produce Co.,,,,-1.0,case,30.74,-30.74,Main Kitchen Cooler,T. Fischer,,Dropped/contaminated
TXN-101646,2026-09-12,09:44,waste,PRD-3318, Parmesan Wheel ,Dairy,Cheese,Dairy Fresh Cooperative,,,,-0.52,lb,13.11,-6.82,Main Kitchen Cooler,J. Nguyen,,Expired
TXN-101647,2026-09-12,14:07,stock_in,PRD-7705,NY Strip Steak,Meat,Beef,Metro Meat & Poultry,PO-40614,INV-58624,LOT-260912-94,7.59,lb,15.29,116.05,Main Kitchen Cooler,M. Osei,2026-09-18,
